-- phpMyAdmin SQL Dump
-- version 4.8.3
-- https://www.phpmyadmin.net/
--
-- Хост: 127.0.0.1:3306
-- Время создания: Мар 06 2020 г., 19:59
-- Версия сервера: 8.0.12
-- Версия PHP: 7.2.10

SET SQL_MODE = "NO_AUTO_VALUE_ON_ZERO";
SET AUTOCOMMIT = 0;
START TRANSACTION;
SET time_zone = "+00:00";


/*!40101 SET @OLD_CHARACTER_SET_CLIENT=@@CHARACTER_SET_CLIENT */;
/*!40101 SET @OLD_CHARACTER_SET_RESULTS=@@CHARACTER_SET_RESULTS */;
/*!40101 SET @OLD_COLLATION_CONNECTION=@@COLLATION_CONNECTION */;
/*!40101 SET NAMES utf8mb4 */;

--
-- База данных: `gradebook`
--

-- --------------------------------------------------------

--
-- Структура таблицы `attestations`
--

CREATE TABLE `attestations` (
  `id` int(11) NOT NULL,
  `attestation_name` varchar(50) CHARACTER SET utf8mb4 COLLATE utf8mb4_unicode_ci NOT NULL,
  `attestation_short_name` varchar(10) CHARACTER SET utf8mb4 COLLATE utf8mb4_unicode_ci DEFAULT NULL
) ENGINE=InnoDB DEFAULT CHARSET=utf8mb4 COLLATE=utf8mb4_unicode_ci;

--
-- Дамп данных таблицы `attestations`
--

INSERT INTO `attestations` (`id`, `attestation_name`, `attestation_short_name`) VALUES
(1, 'Атестація 1', 'А1'),
(2, 'Атестація 2', 'А2'),
(3, 'Після атестації', 'ПАт');

-- --------------------------------------------------------

--
-- Структура таблицы `current_data`
--

CREATE TABLE `current_data` (
  `current_study_year_id` varchar(9) CHARACTER SET utf8mb4 COLLATE utf8mb4_unicode_ci NOT NULL,
  `current_session_type_id` int(11) NOT NULL
) ENGINE=InnoDB DEFAULT CHARSET=utf8mb4 COLLATE=utf8mb4_unicode_ci;

--
-- Дамп данных таблицы `current_data`
--

INSERT INTO `current_data` (`current_study_year_id`, `current_session_type_id`) VALUES
('2019/2020', 1);

-- --------------------------------------------------------

--
-- Структура таблицы `disciplines`
--

CREATE TABLE `disciplines` (
  `id` int(11) NOT NULL,
  `discipline_name` varchar(255) CHARACTER SET utf8mb4 COLLATE utf8mb4_unicode_ci NOT NULL,
  `discipline_type_id` tinyint(1) NOT NULL,
  `is_used` tinyint(1) NOT NULL,
  `discipline_short_name` varchar(80) CHARACTER SET utf8mb4 COLLATE utf8mb4_unicode_ci DEFAULT NULL,
  `discipline_name_default` varchar(255) CHARACTER SET utf8mb4 COLLATE utf8mb4_unicode_ci DEFAULT NULL
) ENGINE=InnoDB DEFAULT CHARSET=utf8mb4 COLLATE=utf8mb4_unicode_ci;

--
-- Дамп данных таблицы `disciplines`
--

INSERT INTO `disciplines` (`id`, `discipline_name`, `discipline_type_id`, `is_used`, `discipline_short_name`, `discipline_name_default`) VALUES
(3938, 'Вступ до вищої математики', 0, 1, NULL, NULL),
(139, 'Вступ до фаху', 0, 1, NULL, NULL),
(1763, 'Ідентифікація та моделювання об’єктів автоматизації', 0, 1, NULL, NULL),
(1239, 'Інформаційні системи і технології в маркетингу', 0, 1, NULL, NULL),
(4068, 'Історія науки і техніки', 0, 1, NULL, NULL),
(541, 'АСК ТП у чорній металургії', 0, 1, NULL, NULL),
(3920, 'Вступ до вищої математики', 0, 1, NULL, NULL),
(1113, 'Вступ до спеціальності', 0, 1, NULL, NULL),
(101, 'Вступ до фаху', 0, 1, NULL, NULL),
(617, 'Економіко-математичні моделі та методи', 0, 1, NULL, NULL),
(6056, 'Економіко-математичне моделювання', 0, 1, NULL, NULL),
(897, 'Економічна політика і економічна інтеграція та глобальні проблеми сучасності', 0, 1, NULL, NULL),
(338, 'Експлуатація і обслуговування машин', 0, 1, NULL, NULL),
(2038, 'Комп’ютерні мережі', 0, 1, NULL, NULL),
(3943, 'Комп’ютерні технології верстато-інструментального виробництва', 0, 1, NULL, NULL),
(3968, 'Комп’ютерні технології та програмування', 0, 1, NULL, NULL),
(2591, 'Комп’ютерні технології у верстатобудуванні', 0, 1, NULL, NULL),
(2002, 'Математичне моделювання технологічних процесів', 0, 1, NULL, NULL),
(3986, 'Методи оптимізації в АСК ТП', 0, 1, NULL, NULL),
(4087, 'Об’єктно-орієнтований аналіз і проектування', 0, 1, NULL, NULL),
(65, 'Обчислювальна геометрія та комп’ютерна графіка', 0, 1, NULL, NULL),
(7022, 'Організація і безпека дорожнього руху', 0, 1, NULL, NULL),
(1824, 'Організація і методика аудиту', 0, 1, NULL, NULL),
(7225, 'Організація самокерованої групової роботи', 0, 1, NULL, NULL),
(142, 'Основи науково-технічної творчості', 0, 1, NULL, NULL),
(1940, 'Особливості та можливості металообробки на малих підприємствах', 0, 1, NULL, NULL),
(261913, 'Паяння металів', 0, 1, NULL, NULL),
(1075, 'Перетворювальна техніка', 0, 1, NULL, NULL),
(3927, 'Перспективні зміцнювальні технології обробки металевих матеріалів', 0, 1, NULL, NULL),
(7081, 'Полімери в будівництві', 0, 1, NULL, NULL),
(260, 'Правила дорожнього руху', 0, 1, NULL, NULL),
(302875, 'Різальний інструмент', 0, 1, NULL, NULL),
(1713, 'Системи і технології єврологістики', 0, 1, NULL, NULL),
(1177, 'Статистика промисловості та статистичний облік на підприємстві', 0, 1, NULL, NULL),
(859, 'Страхова справа', 0, 1, NULL, NULL),
(472, 'Теорія ймовірностей та випадкові процеси', 0, 1, NULL, NULL),
(7086, 'Українська мова професійного спілкування', 0, 1, NULL, NULL),
(262222, 'Управлінський облік', 0, 1, NULL, NULL),
(3752, 'Фізичне виховання', 0, 1, NULL, NULL),
(6011, '1-ша виробнича практика', 1, 1, NULL, NULL),
(6012, '2-га виробнича практика', 1, 1, NULL, NULL),
(411271, '3D друк в біомедицині', 0, 1, NULL, NULL),
(375523, 'CAD, CAM, CAE системи', 0, 1, NULL, NULL),
(224818, 'IT-технології та програмування', 0, 1, NULL, NULL),
(1871, 'SKADA - системи', 0, 1, NULL, NULL),
(388562, 'Soft Skills для IT-фахівців', 0, 1, NULL, NULL),
(224139, 'Soft Skills для інженерів', 0, 1, NULL, NULL),
(7112, 'Unix-подібні ОС', 0, 1, NULL, NULL),
(303526, 'Unix-подібні операційні системи і крос-платформенне програмування', 0, 1, NULL, NULL),
(7114, 'WEB програмування', 0, 1, NULL, NULL),
(1656, '_Кураторська година', 0, 1, NULL, NULL),
(390179, 'Європейська система стандартизації у зварювальному виробництві', 0, 1, NULL, NULL),
(5033, 'Європейська соціологія', 0, 1, NULL, NULL),
(344792, 'Європейська транспортна політика', 0, 1, NULL, NULL),
(1995, 'Єкономіка і організация машинобудівного та металургійного виробництва', 0, 1, NULL, NULL),
(1989, 'Єконометрічний аналіз маркетингу', 0, 1, NULL, NULL),
(390195, 'ІКТ в освіті', 0, 1, NULL, NULL),
(229175, 'Ідентифікація й моделювання технологічних процесів та об’єктів', 0, 1, NULL, NULL),
(7186, 'Ідентифікація та моделювання об’єктів автоматизації', 0, 1, NULL, NULL),
(1334, 'Ідентифікація та моделювання систем управління', 0, 1, NULL, NULL),
(304208, 'Ідентифікація та моделювання технологічних об’єктів', 0, 1, NULL, NULL),
(388557, 'Імітаційне моделювання електромеханічних комплексів', 0, 1, NULL, NULL),
(388558, 'Імпульсні перетворювачі та коректори коефіцієнта потужності', 0, 1, NULL, NULL),
(386024, 'Інвестиційні проекти у транспортно-логістичному бізнесі', 0, 1, NULL, NULL),
(702, 'Інвестиційна діяльність', 0, 1, NULL, NULL),
(1813, 'Інвестиційне кредитування', 0, 1, NULL, NULL),
(3041, 'Інвестиційний аналіз', 0, 1, NULL, NULL),
(1275, 'Інвестиційний менеджмент', 0, 1, NULL, NULL),
(399809, 'Інвестиційно-інноваційний менеджмент', 0, 1, NULL, NULL),
(1182, 'Інвестування', 0, 1, NULL, NULL),
(3963, 'Інвестування інноваційної діяльності', 0, 1, NULL, NULL),
(1887, 'Індівідуальна робота у спорті, туризмі та театрально - концертної діяльності', 0, 1, NULL, NULL),
(8081, 'Індивідуальна робота декана та заступника. декана з виховної роботи', 0, 1, '1(Копія 4)', NULL),
(2012, 'Інж. матер-зн.', 0, 1, NULL, NULL),
(2015, 'Інж. основи АКТ', 0, 1, NULL, NULL),
(389946, 'Інженерія зварювальних та відновлювальних виробництв', 0, 1, NULL, NULL),
(262028, 'Інженерія поверхні', 0, 1, NULL, NULL),
(3995, 'Інженерні дослідження, підготовка і захист території', 0, 1, NULL, NULL),
(850, 'Інженерні мережи та обладнання', 0, 1, NULL, NULL),
(1364, 'Інженерна геодезія', 0, 1, NULL, NULL),
(1369, 'Інженерна геологія', 0, 1, NULL, NULL),
(350088, 'Інженерна геологія та небезпечні геологічні процеси', 0, 1, NULL, NULL),
(786, 'Інженерна графіка', 0, 1, NULL, NULL),
(405089, 'Інженерна графіка та автоматичне проектування', 0, 1, NULL, NULL),
(7047, 'Інженерна практика', 1, 1, NULL, NULL),
(358, 'Інженерна та комп’ютерна графіка', 0, 1, NULL, NULL),
(4196, 'Інженерне матеріалознавство', 0, 1, NULL, NULL),
(369837, 'Інженерний супровід медичної техніки та обладнання медичного закладу', 0, 1, NULL, NULL),
(224138, 'Інжиніринг і управління охороною навколишнього середовища', 0, 1, NULL, NULL),
(5019, 'Інноваційні методи в соціальній роботі', 0, 1, NULL, NULL),
(390176, 'Інноваційні технології в наукових дослідженнях та організація експерименту', 0, 1, NULL, NULL),
(1272, 'Інноваційний менеджмент', 0, 1, NULL, NULL),
(302087, 'Інноваційний розвиток підприємства', 0, 1, NULL, NULL),
(411643, 'Іноваційні технології проектування верстатів та інструментів', 0, 1, NULL, NULL),
(390496, 'Іноваційні технології проектування у верстатоінструментальному виробництві', 0, 1, NULL, NULL),
(12, 'Іноземна мова', 0, 1, NULL, NULL),
(1476, 'Іноземна мова (друга)', 0, 1, NULL, NULL),
(1313, 'Іноземна мова (за професійним спрямуванням)', 0, 1, NULL, NULL),
(1194, 'Іноземна мова (поглиблена)', 0, 1, NULL, NULL),
(224157, 'Іноземна мова (поглиблений курс)', 0, 1, NULL, NULL),
(335910, 'Іноземна мова (професійної спрямованості)', 0, 1, NULL, NULL),
(1478, 'Іноземна мова (спецкурс)', 0, 1, NULL, NULL),
(1477, 'Іноземна мова (транспортна і логістична термінологія)', 0, 1, NULL, NULL),
(388481, 'Іноземна мова для сфери обслуговування', 0, 1, NULL, NULL),
(1882, 'Іноземна мова за профільним спрямуванням', 0, 1, NULL, NULL),
(4302, 'Іноземна мова за цільовим професійним спрямуванням', 0, 1, NULL, NULL),
(5069, 'Іноземна мова наукового спілкування', 0, 1, NULL, NULL),
(1864, 'Іноземна мова професійного спілкування', 0, 1, NULL, NULL),
(225235, 'Іноземна мова фахового спрямування', 0, 1, NULL, NULL),
(395324, 'Іноземна мова-1. Вступ до загальнотехнічної іноземної мови', 0, 1, NULL, NULL),
(331920, 'Інструментальні засоби візуального програмування', 0, 1, NULL, NULL),
(294, 'Інструментальні матеріали та їх термообробка', 0, 1, NULL, NULL),
(1349, 'Інструментальні методи наукових досліджень', 0, 1, NULL, NULL),
(411642, 'Інструментальні наноматеріали та покриття для інструменту', 0, 1, NULL, NULL),
(318, 'Інструментальне забезпечення автоматизованого виробництва', 0, 1, NULL, NULL),
(1490, 'Інструментальне забезпечення верстатів з ЧПУ', 0, 1, NULL, NULL),
(129, 'Інструментовка та ЧСП', 0, 1, NULL, NULL),
(7305, 'Інструментовка та читання симфонічних партитур', 0, 1, NULL, NULL),
(128, 'Інструментознавство', 0, 1, NULL, NULL),
(4062, 'Інтегральні рівняння', 0, 1, NULL, NULL),
(3838, 'Інтегральні системи обробки інформації', 0, 1, NULL, NULL),
(3755, 'Інтегровані системи обробки інформації', 0, 1, NULL, NULL),
(1171, 'Інтегровані системи обробки інформації у економіці і менеджменті', 0, 1, NULL, NULL),
(118, 'Інтегровані системи управління', 0, 1, NULL, NULL),
(6522, 'Інтегровані транспортні системи', 0, 1, NULL, NULL),
(339623, 'Інтегроване ресурсне планування в енергетиці', 0, 1, NULL, NULL),
(661, 'Інтегроровані системи обробки інформації процесів металообробки', 0, 1, NULL, NULL),
(354173, 'Інтелектуалізація транспортних технологій', 0, 1, NULL, NULL),
(4071, 'Інтелектуальні інформаційні системи', 0, 1, NULL, NULL),
(335390, 'Інтелектуальні веб-технології', 0, 1, NULL, NULL),
(35, 'Інтелектуальні системи', 0, 1, NULL, NULL),
(416211, 'Інтелектуальні системи підтримки прийняття рішень', 0, 1, NULL, NULL),
(1593, 'Інтелектуальна власність', 0, 1, NULL, NULL),
(1758, 'Інтелектуальна власність в інноваційній сфері', 0, 1, NULL, NULL),
(315008, 'Інтелектуальна власність у сфері інноваційної діяльності', 0, 1, NULL, NULL),
(4049, 'Інтелектуальний аналіз даних', 0, 1, NULL, NULL),
(302116, 'Інтелектуальний бізнес', 0, 1, NULL, NULL),
(335389, 'Інтерактивні системи мультимедіа', 0, 1, NULL, NULL),
(6502, 'Інтернет ресурси в соціології та соціальній роботі', 0, 1, NULL, NULL),
(386025, 'Інтернет-маркетинг', 0, 1, NULL, NULL),
(303367, 'Інтернет-технології опрацювання консолідованих інформаційних ресурсів', 0, 1, NULL, NULL),
(760, 'Інформатика', 0, 1, NULL, NULL),
(1232, 'Інформатика та комп’ютерна техніка', 0, 1, NULL, NULL),
(7332, 'Інформатика та обчислювальна техніка', 0, 1, NULL, NULL),
(561, 'Інформатика та основи комп\'ютерних знань', 0, 1, NULL, NULL),
(2431, 'Інформатика, обчислювальна техніка і інформаційні технології', 0, 1, NULL, NULL),
(547, 'Інформатика, обчислювальна техніка та програмування', 0, 1, NULL, NULL),
(280328, 'Інформатика, обчислювана техніка та математична статистика', 0, 1, NULL, NULL),
(1233, 'Інформатика, програмування та ЕОМ', 0, 1, NULL, NULL),
(4073, 'Інформаційні мережі', 0, 1, NULL, NULL),
(1689, 'Інформаційні системи і комплекси', 0, 1, NULL, NULL),
(5041, 'Інформаційні системи і технології', 0, 1, NULL, NULL),
(1186, 'Інформаційні системи і технології в банківській сфері', 0, 1, NULL, NULL),
(348611, 'Інформаційні системи і технології в економіці', 0, 1, NULL, NULL),
(375015, 'Інформаційні системи і технології в логістиці', 0, 1, NULL, NULL),
(1319, 'Інформаційні системи і технології в маркетингу', 0, 1, NULL, NULL),
(356524, 'Інформаційні системи і технології в підприємництві, торгівлі та біржовій діяльності', 0, 1, NULL, NULL),
(4116, 'Інформаційні системи і технології в управлінні організацією', 0, 1, NULL, NULL),
(220610, 'Інформаційні системи і технології на транспорті', 0, 1, NULL, NULL),
(1318, 'Інформаційні системи і технології обліку', 0, 1, NULL, NULL),
(1204, 'Інформаційні системи і технології обліку й аудиту', 0, 1, NULL, NULL),
(1219, 'Інформаційні системи і технології підприємств', 0, 1, NULL, NULL),
(7084, 'Інформаційні системи і технології у професійному навчанні', 0, 1, NULL, NULL),
(1834, 'Інформаційні системи і технології у професійному навчанні з економіки', 0, 1, NULL, NULL),
(1152, 'Інформаційні системи і технології у фінансах', 0, 1, NULL, NULL),
(386026, 'Інформаційні системи і технології у фінансах та банківській сфері', 0, 1, NULL, NULL),
(3958, 'Інформаційні системи в інноваційній діяльності', 0, 1, NULL, NULL),
(3567, 'Інформаційні системи в банках', 0, 1, NULL, NULL),
(341061, 'Інформаційні системи в логістиці', 0, 1, NULL, NULL),
(274410, 'Інформаційні системи в логістиці та управлінні ланцюгами поставок', 0, 1, NULL, NULL),
(386027, 'Інформаційні системи в логістичному бізнесі', 0, 1, NULL, NULL),
(1903, 'Інформаційні системи в менеджменті', 0, 1, NULL, NULL),
(1211, 'Інформаційні системи в фінансово-кредитних установах', 0, 1, NULL, NULL),
(734, 'Інформаційні системи маркетингу', 0, 1, NULL, NULL),
(295, 'Інформаційні системи на транспорті', 0, 1, NULL, NULL),
(889, 'Інформаційні системи обліку', 0, 1, NULL, NULL),
(706, 'Інформаційні системи підприємств', 0, 1, NULL, NULL),
(224197, 'Інформаційні системи та технології', 0, 1, NULL, NULL),
(303235, 'Інформаційні системи управління підприємством', 0, 1, NULL, NULL),
(2001, 'Інформаційні технології', 0, 1, NULL, NULL),
(764, 'Інформаційні технології автоматизації електроприводу', 0, 1, NULL, NULL),
(411279, 'Інформаційні технології в Інтернет-маркетингу', 0, 1, NULL, NULL),
(248438, 'Інформаційні технології в економіці природокористування', 0, 1, NULL, NULL),
(1673, 'Інформаційні технології в електроенергетиці', 0, 1, NULL, NULL),
(374662, 'Інформаційні технології в матеріалознавстві', 0, 1, NULL, NULL),
(1255, 'Інформаційні технології в менеджменті', 0, 1, NULL, NULL),
(258305, 'Інформаційні технології в металознавстві та термічній обробці металів', 0, 1, NULL, NULL),
(8096, 'Інформаційні технології в системах керування електроприводами', 0, 1, NULL, NULL),
(335904, 'Інформаційні технології в туризмі', 0, 1, NULL, NULL),
(3937, 'Інформаційні технології організації бізнесу', 0, 1, NULL, NULL),
(3748, 'Інформаційні технології при керуванні автотранспортом підприємств', 0, 1, NULL, NULL),
(1140, 'Інформаційні технології при керуванні міжнародними перевезеннями', 0, 1, NULL, NULL),
(1011, 'Інформаційні технології при керуванні транспортом підприємств', 0, 1, NULL, NULL),
(337, 'Інформаційні технології при управлінні перевезеннями', 0, 1, NULL, NULL),
(301138, 'Інформаційні технології та основи програмування', 0, 1, NULL, NULL),
(318291, 'Інформаційні технології та програмування', 0, 1, NULL, NULL),
(7109, 'Інформаційні технології управління', 0, 1, NULL, NULL),
(4120, 'Інформаційні технології управління проектами', 0, 1, NULL, NULL),
(7314, 'Інформаційні технологиї при керуванні автотранспортом підприємств', 0, 1, NULL, NULL),
(298255, 'Інформаційна логістика на транспорті підприємств', 0, 1, NULL, NULL),
(3749, 'Інформаційна система в банках', 0, 1, NULL, NULL),
(387, 'Інформаційне забазпечення учасників дорожнього руху', 0, 1, NULL, NULL),
(1343, 'Інформаційно-керуючі системи і комплекси', 0, 1, NULL, NULL),
(863, 'Аудиторський практикум з використанням ПЕОМ', 0, 1, NULL, NULL),
(1215, 'Аудиторський практикум з компьютерним тренінгом', 0, 1, NULL, NULL),
(1990, 'Бізнес в internet', 0, 1, NULL, NULL),
(274400, 'Бізнес-планування логістичної системи', 0, 1, NULL, NULL),
(247098, 'Інфраструктура ринку', 0, 1, NULL, NULL),
(1235, 'Інфраструктура товарного ринку', 0, 1, NULL, NULL),
(8094, 'Інші види культурно-виховної роботи', 0, 1, '7(Копія 3)', NULL),
(8092, 'Інші види методичної роботи', 0, 1, '92(Копія 1)', NULL),
(8091, 'Інші види навчальної роботи', 0, 1, '93(Копія 2)', NULL),
(8093, 'Інші види наукової роботи', 0, 1, '94', NULL),
(8095, 'Інші види організаційної роботи', 0, 1, '92(Копія 3)', NULL),
(1885, 'Іскуство театру', 0, 1, NULL, NULL),
(1060, 'Історія і перспектива розвитку підйомно-транспортних машин', 0, 1, NULL, NULL),
(400, 'Історія інженерної діяльності', 0, 1, NULL, NULL),
(6534, 'Історія КПСС', 0, 1, NULL, NULL),
(2, 'Історія України', 0, 1, NULL, NULL),
(348607, 'Історія України та української культури', 0, 1, NULL, NULL),
(333429, 'Історія англійської мови', 0, 1, NULL, NULL),
(1368, 'Історія будівельної техніки', 0, 1, NULL, NULL),
(372811, 'Історія бухгалтерського обліку', 0, 1, NULL, NULL),
(6064, 'Історія виникнення грошового обігу', 0, 1, NULL, NULL),
(7088, 'Історія грошового обігу', 0, 1, NULL, NULL),
(1174, 'Історія давньогрецької філософії та культури', 0, 1, NULL, NULL),
(108, 'Історія джазової та естрадної музики', 0, 1, NULL, NULL),
(4301, 'Історія економіки та економічних учень', 0, 1, NULL, NULL),
(6062, 'Історія економіки та економічної думки', 0, 1, NULL, NULL),
(236, 'Історія економічних вчень', 0, 1, NULL, NULL),
(133, 'Історія естетичних вчень', 0, 1, NULL, NULL),
(3870, 'Історія зарубіжної музики', 0, 1, NULL, NULL),
(1389, 'Історія західноєвропейської літератури', 0, 1, NULL, NULL),
(103, 'Історія культури України', 0, 1, NULL, NULL),
(84, 'Історія літератури країн мовлення', 0, 1, NULL, NULL),
(262176, 'Історія менеджменту', 0, 1, NULL, NULL),
(3596, 'Інженерний іспит', 4, 1, NULL, NULL),
(-385547, 'Інженерний іспит за фахом', 4, 1, NULL, NULL),
(1592, 'Історія металургії', 0, 1, NULL, NULL),
(930, 'Історія механіки', 0, 1, NULL, NULL),
(1516, 'Історія механіки та металургіі', 0, 1, NULL, NULL),
(85, 'Історія мови', 0, 1, NULL, NULL),
(3872, 'Історія музики ХХ-ХХІ століть', 0, 1, NULL, NULL),
(4000, 'Історія науки і техніки', 0, 1, NULL, NULL),
(1023, 'Історія основної іноземної мови', 0, 1, NULL, NULL),
(829, 'Історія педагогіки та психології', 0, 1, NULL, NULL),
(4211, 'Історія перекладацької думки', 0, 1, NULL, NULL),
(7120, 'Історія перекладу', 0, 1, NULL, NULL),
(73, 'Історія розвитку філософії в Україні', 0, 1, NULL, NULL),
(1388, 'Історія російської літератури', 0, 1, NULL, NULL),
(1383, 'Історія російської літературної мови', 0, 1, NULL, NULL),
(3871, 'Історія російської музики', 0, 1, NULL, NULL),
(7042, 'Історія світової і вітчизхняної культури', 0, 1, NULL, NULL),
(104, 'Історія світової культури', 0, 1, NULL, NULL),
(102, 'Історія світової музичної культури', 0, 1, NULL, NULL),
(1844, 'Історія соціальної роботи', 0, 1, NULL, NULL),
(1841, 'Історія соціології', 0, 1, NULL, NULL),
(940, 'Історія соціологічних вчень', 0, 1, NULL, NULL),
(1934, 'Історія спортивного руху', 0, 1, NULL, NULL),
(301136, 'Історія та культура України', 0, 1, NULL, NULL),
(6500, 'Історія та теорія соціальної роботи', 0, 1, NULL, NULL),
(6507, 'Історія та теорія соціології', 0, 1, NULL, NULL),
(1900, 'Історія театру та естрадної культури', 0, 1, NULL, NULL),
(1517, 'Історія транспорту', 0, 1, NULL, NULL),
(336742, 'Історія туризму', 0, 1, NULL, NULL),
(3758, 'Історія української культури', 0, 1, NULL, NULL),
(1386, 'Історія української літератури', 0, 1, NULL, NULL),
(1382, 'Історія української літературної мови', 0, 1, NULL, NULL),
(110, 'Історія української музики', 0, 1, NULL, NULL),
(986, 'Історія української філософії', 0, 1, NULL, NULL),
(313853, 'Історія українського козацтва', 0, 1, NULL, NULL),
(1405, 'Історія філософії', 0, 1, NULL, NULL),
(248, 'АВП у машинобудуванні', 0, 1, NULL, NULL),
(407747, 'АПР металургійних машин та агрегатів', 0, 1, NULL, NULL),
(1811, 'АРМ банкіра', 0, 1, NULL, NULL),
(1827, 'АРМ бухгалтера', 0, 1, NULL, NULL),
(1786, 'АРМ економіста', 0, 1, NULL, NULL),
(1802, 'АРМ маркетинга', 0, 1, NULL, NULL),
(1880, 'АРМ менеджера', 0, 1, NULL, NULL),
(4152, 'АРМ соціального працівника', 0, 1, NULL, NULL),
(1819, 'АРМ фінансиста', 0, 1, NULL, NULL),
(303372, 'АСК ТП у чорній металургії', 0, 1, NULL, NULL),
(1640, 'АСК в прокатному виробництві', 0, 1, NULL, NULL),
(390211, 'АСУ ТП в чорній металургії', 0, 1, NULL, NULL),
(1984, 'АСУ ТП обробки металів тиском', 0, 1, NULL, NULL),
(405101, 'АСУВ в металургії', 0, 1, NULL, NULL),
(1228, 'Автоматизація і механізація процесів КШВ', 0, 1, NULL, NULL),
(369799, 'Автоматизація і механізація складально-зварювального оснащення', 0, 1, NULL, NULL),
(286, 'Автоматизація і технологія інструментального виробництва', 0, 1, NULL, NULL),
(666, 'Автоматизація бізнес-процесів', 0, 1, NULL, NULL),
(2633, 'Автоматизація виробничих процесів', 0, 1, NULL, NULL),
(525, 'Автоматизація виробничих процесів та мікропроцесорна техніка', 0, 1, NULL, NULL),
(601, 'Автоматизація електроенергетичних систем', 0, 1, NULL, NULL),
(411, 'Автоматизація зварювальних процессів', 0, 1, NULL, NULL),
(538, 'Автоматизація процесів і об\'єктів в чорній металургії', 0, 1, NULL, NULL),
(3743, 'Автоматизація процесів ОМТ', 0, 1, NULL, NULL),
(679, 'Автоматизація процесів ковальсько-штампувального виробництва', 0, 1, NULL, NULL),
(659, 'Автоматизація процесів у прокатці та волочінні', 0, 1, NULL, NULL),
(369803, 'Автоматизація та роботизація зварювального виробництва', 0, 1, NULL, NULL),
(1921, 'Автоматизація та роботизація ковальсько-штампувального виробництва', 0, 1, NULL, NULL),
(544, 'Автоматизація теплових процесів', 0, 1, NULL, NULL),
(555, 'Автоматизація технологічних процесів', 0, 1, NULL, NULL),
(3973, 'Автоматизація технологічних процесів та виробництв', 0, 1, NULL, NULL),
(5568, 'Автоматизовані системи керування електроприводами', 0, 1, NULL, NULL),
(1347, 'Автоматизовані системи контролю', 0, 1, NULL, NULL),
(39, 'Автоматизовані системи управління', 0, 1, NULL, NULL),
(382, 'Автоматизовані системи управління дорожнім рухом', 0, 1, NULL, NULL),
(386047, 'Автоматизовані системи управління технологічними процесами (АСУ ТП) у чорній металургії', 0, 1, NULL, NULL),
(354299, 'Автоматизоване керування процесами зварювання', 0, 1, NULL, NULL),
(3584, 'Автоматизоване проектування інструментів', 0, 1, NULL, NULL),
(372957, 'Автоматизоване проектування металургійних машин і агрегатів', 0, 1, NULL, NULL),
(2020, 'Автоматизоване проектування підйомно-транспортних машин', 0, 1, NULL, NULL),
(369801, 'Автоматизоване управління якістю у зварювальному виробництві', 0, 1, NULL, NULL),
(5569, 'Автоматизований електропривід загальнопромислових механізмів', 0, 1, NULL, NULL),
(608, 'Автоматизований електропривод', 0, 1, NULL, NULL),
(5004, 'Автоматизований електропривод зварювальних установок', 0, 1, NULL, NULL),
(453, 'Автоматизований привід зварних установок', 0, 1, NULL, NULL),
(385543, 'Автоматика і автоматизація зварювального процесу', 0, 1, NULL, NULL),
(-336760, 'Інформаційні технології у туризмі', 4, 1, NULL, NULL),
(385540, 'Автоматика і електроніка в зварюванні', 0, 1, NULL, NULL),
(1012, 'Автоматика і телемеханіка залізниць', 0, 1, NULL, NULL),
(7017, 'Автоматика і телемеханіка регулювання перевезень на автотранспотрі', 0, 1, NULL, NULL),
(3600, 'Автоматика і телемеханіка регулювання перевезень на промтранспорті', 0, 1, NULL, NULL),
(354168, 'Автоматика і телемеханіка регулювання перевезень на транспорті', 0, 1, NULL, NULL),
(310, 'Автоматичні лінії', 0, 1, NULL, NULL),
(779, 'Автоматичне зварювання тонколистових конструкцій', 0, 1, NULL, NULL),
(500, 'Автоматичне керування зварювальними установками', 0, 1, NULL, NULL),
(497, 'Автоматичне керування зварюванням', 0, 1, NULL, NULL),
(408150, 'Автомобілі та їх конструкція', 0, 1, NULL, NULL),
(5062, 'Автомобільні дороги', 0, 1, NULL, NULL),
(7015, 'Автомобільні та промислові шляхи', 0, 1, NULL, NULL),
(1144, 'Автомобільний рухомий склад міжнародних перевезень', 0, 1, NULL, NULL),
(354945, 'Автомобільний транспорт промислових підприємств', 0, 1, NULL, NULL),
(1745, 'Авторське право і суміжні права', 0, 1, NULL, NULL),
(7193, 'Автотранспортні системи', 0, 1, NULL, NULL),
(287, 'Автотранспортні системи міжнародних перевезень', 0, 1, NULL, NULL),
(238424, 'Автотранспортні термінали', 0, 1, NULL, NULL),
(303328, 'Автотранспортна географія', 0, 1, NULL, NULL),
(1352, 'Адаптивні системи автоматичного управління технологічними процесами', 0, 1, NULL, NULL),
(712, 'Адаптивні системи контролю і керування в прокатному виробництві', 0, 1, NULL, NULL),
(4133, 'Адміністративне і трудове право', 0, 1, NULL, NULL),
(1857, 'Адміністративне право', 0, 1, NULL, NULL),
(7094, 'Адміністративний менеджмент', 0, 1, NULL, NULL),
(7108, 'Адміністрування комп’ютерних мереж', 0, 1, NULL, NULL),
(38, 'Адміністрування розподілених інформаційних ресурсів', 0, 1, NULL, NULL),
(7125, 'Актуальні проблеми теорії та критики перекладу', 0, 1, NULL, NULL),
(5030, 'Актуальні проблеми теорії та практики соціальної роботи', 0, 1, NULL, NULL),
(313854, 'Акумулювання енергії та теплові насоси', 0, 1, NULL, NULL),
(390199, 'Алгебра в загальноосвітній школі', 0, 1, NULL, NULL),
(16, 'Алгебра та геометрія', 0, 1, NULL, NULL),
(745, 'Алгоритмізація і програмування', 0, 1, NULL, NULL),
(780, 'Алгоритмізація та комп’ютеризація технічних задач', 0, 1, NULL, NULL),
(335568, 'Алгоритмізація та програмування', 0, 1, NULL, NULL),
(1068, 'Алгоритмічні мови та програмне забезпечення', 0, 1, NULL, NULL),
(342260, 'Алгоритми і методи обробки результатів досліджень', 0, 1, NULL, NULL),
(7102, 'Алгоритми і структури даних', 0, 1, NULL, NULL),
(395320, 'Алгоритми комп`ютерної обробки даних', 0, 1, NULL, NULL),
(602, 'Алгоритми та програми розв’язання електроенергетичних задач', 0, 1, NULL, NULL),
(388382, 'Альтернативні джерела електроенергії', 0, 1, NULL, NULL),
(368697, 'Альтернативні джерела енергії', 0, 1, NULL, NULL),
(356519, 'Аналіз і прогнозування біржової діяльності', 0, 1, NULL, NULL),
(1167, 'Аналіз інвестиційних проектів', 0, 1, NULL, NULL),
(1190, 'Аналіз банківської діяльності', 0, 1, NULL, NULL),
(405116, 'Аналіз виробничо-господарської діяльності на підприємствах чорної металургії', 0, 1, NULL, NULL),
(405106, 'Аналіз виробничої та господарської діяльності на підприємствах чорної металургії', 0, 1, NULL, NULL),
(1260, 'Аналіз господарської діяльності', 0, 1, NULL, NULL),
(51, 'Аналіз даних', 0, 1, NULL, NULL),
(4083, 'Аналіз даних та «м’які» обчислення', 0, 1, NULL, NULL),
(114, 'Аналіз музичних творів', 0, 1, NULL, NULL),
(1117, 'Аналіз підвищення економічної ефективності технологічних процесів', 0, 1, NULL, NULL),
(375077, 'Аналіз страхової діяльності', 0, 1, NULL, NULL),
(313857, 'Аналіз та експертиза проектів енергопостачання', 0, 1, NULL, NULL),
(862, 'Аналіз фінансового стану підприємств', 0, 1, NULL, NULL),
(1293, 'Аналіз фінансового стану підприємств з ПЕОМ', 0, 1, NULL, NULL),
(386048, 'Аналітика великих даних', 0, 1, NULL, NULL),
(7160, 'Аналітико-синтетична обробка документів', 0, 1, NULL, NULL),
(246895, 'Аналітичні та чисельні методи в гідродинаміці', 0, 1, NULL, NULL),
(261525, 'Аналітична геометрія та лінійна алгебра', 0, 1, NULL, NULL),
(1704, 'Аналітичний контроль', 0, 1, NULL, NULL),
(261532, 'Аналогова схемотехніка', 0, 1, NULL, NULL),
(303387, 'Аналогова та цифрова схемотехніка', 0, 1, NULL, NULL),
(1964, 'Анатомія і фізіологія', 0, 1, NULL, NULL),
(261539, 'Анатомія та фізіологія людини', 0, 1, NULL, NULL),
(3969, 'Анатомія, фізіологія і генетіка', 0, 1, NULL, NULL),
(302249, 'Антикризове управління банком', 0, 1, NULL, NULL),
(262216, 'Антикризове управління підприємств', 0, 1, NULL, NULL),
(348613, 'Антикризове управління підприємством', 0, 1, NULL, NULL),
(262177, 'Антикризовий менеджмент', 0, 1, NULL, NULL),
(1709, 'Антична міфологія, види та жанри в мистецтві', 0, 1, NULL, NULL),
(224312, 'Апаратно-програмні засоби збирання та обробки екологічної інформації', 0, 1, NULL, NULL),
(1576, 'Архівно - бібліографічна практика', 1, 1, NULL, NULL),
(1442, 'Архівно - бібліотекарська, редакторська практика', 0, 1, NULL, NULL),
(32, 'Архітектура ЕОМ', 0, 1, NULL, NULL),
(844, 'Архітектура будівель та містобудування', 0, 1, NULL, NULL),
(224225, 'Архітектура будівель та споруд', 0, 1, NULL, NULL),
(331922, 'Архітектура комп’ютера', 0, 1, NULL, NULL),
(7100, 'Архітектура обчислювальних систем', 0, 1, NULL, NULL),
(7140, 'Архітектура сучасних ЕОМ', 0, 1, NULL, NULL),
(374519, 'Архітектурна композиція', 0, 1, NULL, NULL),
(374514, 'Архітектурне проектування з використанням комп’ютерних систем', 0, 1, NULL, NULL),
(6564, 'Асистентська практика', 1, 1, NULL, NULL),
(511, 'Атомні енергетичні установки', 0, 1, NULL, NULL),
(1201, 'Аудит', 0, 1, NULL, NULL),
(4188, 'Аудит і оцінювання управлінської діяльності', 0, 1, NULL, NULL),
(417456, 'Аудит ефективності використання державних ресурсів', 0, 1, NULL, NULL),
(348604, 'Аудит та комп’ютерний аудит', 0, 1, NULL, NULL),
(356526, 'Бізнес-планування та оцінка бізнесу', 0, 1, NULL, NULL),
(395332, 'Вища математика-3', 0, 1, NULL, NULL),
(274402, 'Бізнес-планування транспортних організацій', 0, 1, NULL, NULL),
(386049, 'Бізнес-планування у логістиці', 0, 1, NULL, NULL),
(411273, 'Біокерамика', 0, 1, NULL, NULL),
(4162, 'Біологічні і медико-соціальні основи здоров’я', 0, 1, NULL, NULL),
(369835, 'Біологія', 0, 1, NULL, NULL),
(369834, 'Біоматеріали та біосумісність', 0, 1, NULL, NULL),
(261538, 'Біомедична етика', 0, 1, NULL, NULL),
(261529, 'Біомедична механіка', 0, 1, NULL, NULL),
(1930, 'Біомеханіка', 0, 1, NULL, NULL),
(350089, 'Біотехнології', 0, 1, NULL, NULL),
(411278, 'Біотрибологія', 0, 1, NULL, NULL),
(261527, 'Біофізика', 0, 1, NULL, NULL),
(261521, 'Біохімія', 0, 1, NULL, NULL),
(356520, 'Біржові ринки', 0, 1, NULL, NULL),
(739, 'Біржова діяльність', 0, 1, NULL, NULL),
(1762, 'Бази даних', 0, 1, NULL, NULL),
(304712, 'Бази даних в АСУ ТП', 0, 1, NULL, NULL),
(28, 'Бази даних та інформаційні системи', 0, 1, NULL, NULL),
(261553, 'Бази даних та інформаційні системи в медицині', 0, 1, NULL, NULL),
(7104, 'Бази даних та знань', 0, 1, NULL, NULL),
(335348, 'Бази даних у системах автоматизації', 0, 1, NULL, NULL),
(4117, 'Бази та банки даних УП', 0, 1, NULL, NULL),
(549, 'Бази та банки даних, бази знань та експертні системи', 0, 1, NULL, NULL),
(10001, 'Бакалаврська практика', 1, 1, NULL, NULL),
(1693, 'Бакалаврська робота', 3, 1, NULL, NULL),
(303377, 'Бакалаврська робота', 0, 1, NULL, NULL),
(3005, 'Бакалаврський іспит', 4, 1, NULL, NULL),
(1155, 'Банківські операції', 0, 1, NULL, NULL),
(898, 'Банківські ризики', 0, 1, NULL, NULL),
(248285, 'Банківська система', 0, 1, NULL, NULL),
(876, 'Банківська справа', 0, 1, NULL, NULL),
(1187, 'Банківська статистика', 0, 1, NULL, NULL),
(335902, 'Банківське обслуговування туристичних підприємств', 0, 1, NULL, NULL),
(302239, 'Банківське регулювання та нагляд', 0, 1, NULL, NULL),
(873, 'Банківський маркетинг', 0, 1, NULL, NULL),
(872, 'Банківський менеджмент', 0, 1, NULL, NULL),
(1020, 'Банківський менеджмент та банківський нагляд', 0, 1, NULL, NULL),
(1195, 'Банківський нагляд', 0, 1, NULL, NULL),
(1198, 'Банківський практикум з компютерним тренінгом', 0, 1, NULL, NULL),
(534, 'Банки даних', 0, 1, NULL, NULL),
(21, 'Безпека життєдіяльності', 0, 1, NULL, NULL),
(4021, 'Безпека життєдіяльності та основи охорони праці', 0, 1, NULL, NULL),
(3917, 'Безпека життєдіяльності та охорона праці в галузі', 0, 1, NULL, NULL),
(301116, 'Безпека життєдіяльності та цивільний захист', 0, 1, NULL, NULL),
(394, 'Безпека руху', 0, 1, NULL, NULL),
(232024, 'Безперервні процеси та інноваційні технології у виробництві сталі', 0, 1, NULL, NULL),
(149, 'Безперервні процеси та нові технології виробництва сталі', 0, 1, NULL, NULL),
(1399, 'Болгарська мова', 0, 1, NULL, NULL),
(302219, 'Бренд-менеджмент', 0, 1, NULL, NULL),
(224231, 'Будівельні конструкції', 0, 1, NULL, NULL),
(1537, 'Будівельні крани', 0, 1, NULL, NULL),
(800, 'Будівельні матеріали', 0, 1, NULL, NULL),
(843, 'Будівельні матеріали та вироби', 0, 1, NULL, NULL),
(916, 'Будівельні машини і обладнання', 0, 1, NULL, NULL),
(851, 'Будівельні машини та механізми', 0, 1, NULL, NULL),
(1360, 'Будівельні машини та механізми з елементами деталей машин і механізмів', 0, 1, NULL, NULL),
(273980, 'Будівельні норми України', 0, 1, NULL, NULL),
(1058, 'Будівельні, меліоративні машини і обладнання', 0, 1, NULL, NULL),
(846, 'Будівельна механіка', 0, 1, NULL, NULL),
(361, 'Будівельна механіка машин', 0, 1, NULL, NULL),
(224226, 'Будівельна техніка', 0, 1, NULL, NULL),
(224232, 'Будівельне матеріалознавство', 0, 1, NULL, NULL),
(450, 'Будівництво та ремонт теплотехнологічних агрегатів', 0, 1, NULL, NULL),
(354167, 'Будова і експлуатація транспортних комунікацій', 0, 1, NULL, NULL),
(1118, 'Будова та властивості рідких металів та сплавів', 0, 1, NULL, NULL),
(225, 'Будова та експлуатація автомобіля', 0, 1, NULL, NULL),
(356425, 'Будова та обслуговування транспортних комунікацій', 0, 1, NULL, NULL),
(3602, 'Будова та обслуговування транспортних комунікацій підприємств', 0, 1, NULL, NULL),
(1312, 'Будова та якість рідких металів та шлаків', 0, 1, NULL, NULL),
(1507, 'Бухгалтерська звітність', 0, 1, NULL, NULL),
(860, 'Бухгалтерський облік', 0, 1, NULL, NULL),
(274842, 'Бухгалтерський облік (загальна теорія)', 0, 1, NULL, NULL),
(302250, 'Бухгалтерський облік в управлінні підприємством', 0, 1, NULL, NULL),
(1203, 'Бухгалтерський облік у галузях народного господарства', 0, 1, NULL, NULL),
(890, 'Бухгалтерський практикум', 0, 1, NULL, NULL),
(867, 'Бухгалтерський практикум з використанням ПЕОМ', 0, 1, NULL, NULL),
(1826, 'Бухгалтерський практикум з комп’ютерним тренінгом', 0, 1, NULL, NULL),
(895, 'Бюджет, облік, звітність', 0, 1, NULL, NULL),
(1317, 'Бюджетні системи', 0, 1, NULL, NULL),
(1157, 'Бюджетна система', 0, 1, NULL, NULL),
(1180, 'Бюджетний менеджмент', 0, 1, NULL, NULL),
(417453, 'Бюджетний облік та звітність', 0, 1, NULL, NULL),
(302245, 'Бюджетування і контролінг у банку', 0, 1, NULL, NULL),
(274398, 'Бюджетування логістичних систем', 0, 1, NULL, NULL),
(8069, 'Відвідування занять із складанням відгуку', 0, 1, '91(Копія 1)', NULL),
(1620, 'Відливки металургійного обладнання', 0, 1, NULL, NULL),
(367, 'Відновлення і зміцнення спрацьованих деталей в підйомно-транспортному обладнанні', 0, 1, NULL, NULL),
(304190, 'Відновлення деталей машин і апаратів', 0, 1, NULL, NULL),
(808, 'Відновлення та вторинне використання матеріалів', 0, 1, NULL, NULL),
(805, 'Відновлення та вторинне використання матеріалів та виробів', 0, 1, NULL, NULL),
(1488, 'Відновлення та зміцнення деталей обладнання', 0, 1, NULL, NULL),
(405093, 'Військова підготовка', 0, 1, NULL, NULL),
(7224, 'Вікова психологія', 0, 1, NULL, NULL),
(1646, 'Вікова та педагогічна психологія', 0, 1, NULL, NULL),
(5011, 'Вікова фізіологія', 0, 1, NULL, NULL),
(303077, 'Вікова фізіологія та біологічні і медико-соціальні основи здоров’я', 0, 1, NULL, NULL),
(1980, 'Вільні економічни зони', 0, 1, NULL, NULL),
(878, 'Вілютні відносини', 0, 1, NULL, NULL),
(7011, 'Віртуальні підприємства логістичних систем', 0, 1, NULL, NULL),
(375278, 'Вітчизняний та міжнародний досвід соціальної роботи', 0, 1, NULL, NULL),
(445, 'ВЕР та енерготехнологічне комбінування', 0, 1, NULL, NULL),
(281, 'ВСТВ', 0, 1, NULL, NULL),
(565, 'Валеологія', 0, 1, NULL, NULL),
(657, 'Валкова арматура', 0, 1, NULL, NULL),
(1165, 'Валютні відносини', 0, 1, NULL, NULL),
(4003, 'Вантажні перевезення', 0, 1, NULL, NULL),
(5042, 'Вантажні перевезення (вантажознавство)', 0, 1, NULL, NULL),
(5043, 'Вантажні перевезення (організація перевезень)', 0, 1, NULL, NULL),
(323, 'Вантажна робота на транспорті', 0, 1, NULL, NULL),
(354176, 'Вантажна та комерційна робота на транспорті', 0, 1, NULL, NULL),
(388, 'Вантажно-підйомні машини (ВПМ)', 0, 1, NULL, NULL),
(1002, 'Вантажно-розвантажувальні комплекси і склади підприємств', 0, 1, NULL, NULL),
(223, 'Вантажознавство', 0, 1, NULL, NULL),
(5104, 'Вантажопідйомна, транспортувальна і транспортна техніка', 0, 1, NULL, NULL),
(224287, 'Варіаційне числення', 0, 1, NULL, NULL),
(246894, 'Варіаційне числення та методи оптимізації', 0, 1, NULL, NULL),
(7137, 'Варіаційне числення у моделюванні процесів та систем', 0, 1, NULL, NULL),
(372, 'Введення в дослідження операцій в транспортних системах', 0, 1, NULL, NULL),
(258, 'Введення в проектний аналіз', 0, 1, NULL, NULL),
(691, 'Введення в проектний аналіз ціноутворення продукції підприємств', 0, 1, NULL, NULL),
(1742, 'Введення до інтелектуальної власності', 0, 1, NULL, NULL),
(1084, 'Введення до електротехніки', 0, 1, NULL, NULL),
(256, 'Введення у дослідження операцій у транспортних системах', 0, 1, NULL, NULL),
(331929, 'Веб-дизайн', 0, 1, NULL, NULL),
(335574, 'Веб-дизайн та сучасні веб-технології', 0, 1, NULL, NULL),
(224294, 'Веб-технології та веб-дизайн', 0, 1, NULL, NULL),
(3581, 'Верстати інструментального виробництва', 0, 1, NULL, NULL),
(328, 'Верстати електро-фізичних і електро-хімічних методів обробки', 0, 1, NULL, NULL),
(3580, 'Верстатне обладнання автоматизованого виробництва', 0, 1, NULL, NULL),
(275, 'Верстатне приладдя', 0, 1, NULL, NULL),
(277, 'Взаємодія видів транспорту', 0, 1, NULL, NULL),
(263, 'Взаємодія транспорту', 0, 1, NULL, NULL),
(1487, 'Взаємозамінність, стандартизація і технічні вимірювання', 0, 1, NULL, NULL),
(1070, 'Взаємозамінність, стандартизація, метрологія та електровимірювальна техніка', 0, 1, NULL, NULL),
(307, 'Вибір вимірювального інструменту', 0, 1, NULL, NULL),
(293559, 'Вибір матеріалів', 0, 1, NULL, NULL),
(384, 'Виготовлення та випробування підйомно-транспортних машин', 0, 1, NULL, NULL),
(405094, 'Видобуток, обробка і збагачення сировини і метал. чавуну', 0, 1, NULL, NULL),
(405115, 'Видобуток, підготовка і збагачення сировини, метал. чавуну', 0, 1, NULL, NULL),
(380400, 'Видобуток, підготовка та виробництво сировини', 0, 1, NULL, NULL),
(302746, 'Виживання на ринку праці', 0, 1, NULL, NULL),
(1346, 'Виконавчі механізми та регулюючі органи', 0, 1, NULL, NULL),
(224338, 'Виконання випускної магістерської роботи', 0, 1, NULL, NULL),
(4136, 'Виконання дипломної магістерської роботи', 0, 1, NULL, NULL),
(6757, 'Виконання магістерської роботи', 0, 1, NULL, NULL),
(8086, 'Виконання обов\'язків керівника студентського клубу, гуртка, секції', 0, 1, '6(Копія 5)', NULL),
(8082, 'Виконання обов\'язків наставника академічної групи', 0, 1, '2(Копія 6)', NULL),
(303174, 'Використання нетрадиційних і вторинних джерел енергії', 0, 1, NULL, NULL),
(1589, 'Використання фізичних явищ', 0, 1, NULL, NULL),
(640, 'Використання фізичних явищ і ефектів при створенні сучасної техніки', 0, 1, NULL, NULL),
(7206, 'Використання фізичних явищ і ефектів створення сучасної техніки', 0, 1, NULL, NULL),
(821, 'Використання фізичних явищ у техниці', 0, 1, NULL, NULL),
(207, 'Виливка металургійного обладнання', 0, 1, NULL, NULL),
(1135, 'Вимірювання технологічних і енергосилових параметрів у процесі ОМТ', 0, 1, NULL, NULL),
(7323, 'Випадкові процеси', 0, 1, NULL, NULL),
(3944, 'Випускна робота магістра', 0, 1, NULL, NULL),
(1951, 'Вирішення прикладних задач на ЕОМ за фахом', 0, 1, NULL, NULL),
(304211, 'Виробництво агломерату та чавуну', 0, 1, NULL, NULL),
(1621, 'Виробництво відливків з чавуну та сталі (сталеве литво)', 0, 1, NULL, NULL),
(1623, 'Виробництво відливків з чавуну та сталі (чавунне литво)', 0, 1, NULL, NULL),
(212, 'Виробництво відливків зі сплавів кольорових металів', 0, 1, NULL, NULL),
(7171, 'Виробництво відливок з сплавів кольорових металів', 0, 1, NULL, NULL),
(208, 'Виробництво відливок з чавуну та сталі', 0, 1, NULL, NULL),
(305181, 'Виробництво виливків із залізовуглецевих та кольорових сплавів', 0, 1, NULL, NULL),
(258452, 'Виробництво виливків із кольорових металів', 0, 1, NULL, NULL),
(258451, 'Виробництво виливків із сталі', 0, 1, NULL, NULL),
(258450, 'Виробництво виливків із чавуну', 0, 1, NULL, NULL),
(258453, 'Виробництво виливків спеціальними способами лиття', 0, 1, NULL, NULL),
(1040, 'Виробництво вимірювального інструменту', 0, 1, NULL, NULL),
(306125, 'Виробництво заготовок', 0, 1, NULL, NULL),
(433, 'Виробництво зварних конструкцій', 0, 1, NULL, NULL),
(177, 'Виробництво металів та сплавів високої якості', 0, 1, NULL, NULL),
(643, 'Виробництво металопрокату та основи порошкової металургії', 0, 1, NULL, NULL),
(259133, 'Виробництво поковок і основи порошкової металургії', 0, 1, NULL, NULL),
(181, 'Виробництво чавуну та сталі та основи кольорової металургії', 0, 1, NULL, NULL),
(304213, 'Виробництво, обробка та розливка сталі', 0, 1, NULL, NULL),
(225243, 'Виробничі корпоративні системи в природокористуванні', 0, 1, NULL, NULL),
(542, 'Виробничі процеси та обладнання об’єктів', 0, 1, NULL, NULL),
(287802, 'Виробнича база будівництва', 0, 1, NULL, NULL),
(304269, 'Виробнича логістика', 0, 1, NULL, NULL),
(964, 'Виробнича педагогіка', 0, 1, NULL, NULL),
(1557, 'Виробнича практика', 1, 1, NULL, NULL),
(4105, 'Виробнича практика (спеціальна)', 1, 1, NULL, NULL),
(1908, 'Виробниче навчання', 0, 1, NULL, NULL),
(577, 'Високовольтні процеси в електричних системах', 0, 1, NULL, NULL),
(807, 'Високоміцні матеріали', 0, 1, NULL, NULL),
(447, 'Високотемпературні теплотехнологічні процеси та агрегати', 0, 1, NULL, NULL),
(1941, 'Високошвидкісні методи ОМТ', 0, 1, NULL, NULL),
(1779, 'Витрати підприємства', 0, 1, NULL, NULL),
(390207, 'Виховна практика', 0, 1, NULL, NULL),
(559, 'Вища математика', 0, 1, NULL, NULL),
(304248, 'Вища математика (додаткові розділи)', 0, 1, NULL, NULL),
(997, 'Вища математика (загальний курс)', 0, 1, NULL, NULL),
(395318, 'Вища математика-1. Лінійна алгебра', 0, 1, NULL, NULL),
(395321, 'Вища математика-2. Інтегральні числення', 0, 1, NULL, NULL),
(5034, 'Вища освіта України та Болонський процес', 0, 1, NULL, NULL),
(7117, 'Вища освіта та Болонський процес', 0, 1, NULL, NULL),
(3988, 'Вища та прикладна математика', 0, 1, NULL, NULL),
(335905, 'Вища та прикладна математика в комп’ютерних розрахунках', 0, 1, NULL, NULL),
(303408, 'Вища та прикладна математика: теорія ймовірностей', 0, 1, NULL, NULL),
(273982, 'Вища школа і Болонський процес', 0, 1, NULL, NULL),
(1122, 'Властивості металів та сплавів у відливках', 0, 1, NULL, NULL),
(1648, 'Властивості та умови', 0, 1, NULL, NULL),
(157, 'Властивості та умови служби вогнетривів', 0, 1, NULL, NULL),
(1216, 'Внутрішній економічний механізм підприємств', 0, 1, NULL, NULL),
(6066, 'Внутрішньогосподарський контроль', 0, 1, NULL, NULL),
(4045, 'Внутрішньофірмове планування', 0, 1, NULL, NULL),
(1667, 'Внутрішньофірмове планування й управління', 0, 1, NULL, NULL),
(685, 'Внутрішньофірмовий менеджмент', 0, 1, NULL, NULL),
(743, 'Внутрішньофірмовий менеджмент і управління виробництвом', 0, 1, NULL, NULL),
(220770, 'Внутрішньофірмовий менеджмент та промисловий маркетинг', 0, 1, NULL, NULL),
(1947, 'Внутрішньофірмовий та промисловий маркетинг', 0, 1, NULL, NULL),
(1482, 'Вогнетривкі матеріали', 0, 1, NULL, NULL),
(391197, 'Водопідготовка та воднохімічний режим енергооб’єктів', 0, 1, NULL, NULL),
(1366, 'Водопостачання та каналізація', 0, 1, NULL, NULL),
(6001, 'Вокальна та інструментальна імпровізація', 0, 1, NULL, NULL),
(369836, 'Вплив випромінювання та полів на живі організми', 0, 1, NULL, NULL),
(3568, 'Вплив міфології та Біблії на розвиток культури', 0, 1, NULL, NULL),
(4028, 'Вступ до інтелектуальної власності', 0, 1, NULL, NULL),
(4242, 'Вступ до будівельної справи', 0, 1, NULL, NULL),
(3951, 'Вступ до вищої математики', 0, 1, NULL, NULL),
(313856, 'Вступ до енергоменеджменту', 0, 1, NULL, NULL),
(386050, 'Вступ до комп’ютерних наук', 0, 1, NULL, NULL),
(7345, 'Вступ до математики', 0, 1, NULL, NULL),
(95, 'Вступ до мовознавства', 0, 1, NULL, NULL),
(97, 'Вступ до перекладознавства', 0, 1, NULL, NULL),
(1377, 'Вступ до слов’янської філології', 0, 1, NULL, NULL),
(3810, 'Вступ до спеціальності', 0, 1, NULL, NULL),
(3930, 'Вступ до спеціальності (конкурентна розвідка)', 0, 1, NULL, NULL),
(2636, 'Вступ до фаху', 0, 1, NULL, NULL),
(389947, 'Гібридні способи зварювання', 0, 1, NULL, NULL),
(519, 'Гідравліка', 0, 1, NULL, NULL),
(368657, 'Гідравліка і аеродинаміка', 0, 1, NULL, NULL),
(330, 'Гідравліка і гідропневмопривід', 0, 1, NULL, NULL),
(5094, 'Гідравліка і гідропневмопривід металургійних машин', 0, 1, NULL, NULL),
(372954, 'Гідравліка і гідропривід машин', 0, 1, NULL, NULL),
(1661, 'Гідравліка і гідропривід підйомно-транспортних машин', 0, 1, NULL, NULL),
(5009, 'Гідравліка та гідравлічний привід', 0, 1, NULL, NULL),
(3594, 'Гідравліка та гідропневмоавтоматика верстаного віробництва', 0, 1, NULL, NULL),
(385535, 'Гідравліка, гідромашини і пневмоприводи', 0, 1, NULL, NULL),
(3575, 'Гідравліка, гідропривід та гідропневмоавтоматіка верстатного обладнання', 0, 1, NULL, NULL),
(416, 'Гідрогазодинаміка', 0, 1, NULL, NULL),
(1081, 'Гідрогазодинаміка дисперсних середовищ', 0, 1, NULL, NULL),
(395333, 'Гідрогазодинаміка та тепломасообмін-1', 0, 1, NULL, NULL),
(304209, 'Гідрогазодинаміка, термодинаміка і теплотехніка', 0, 1, NULL, NULL),
(1124, 'Гідродинаміка, тепло- і масообмін у протитечійних реакторах', 0, 1, NULL, NULL),
(350091, 'Гідроекологія та раціональне водовикористання', 0, 1, NULL, NULL),
(476, 'Гідромеханіка та газова динаміка', 0, 1, NULL, NULL),
(524, 'Гідропневмоавтоматика', 0, 1, NULL, NULL),
(7069, 'Гідропневмопривід', 0, 1, NULL, NULL),
(518, 'Газові та парогазові установки ТЕС', 0, 1, NULL, NULL),
(932, 'Газодинаміка', 0, 1, NULL, NULL),
(368692, 'Газоочисні апарати та пристрої', 0, 1, NULL, NULL),
(412, 'Газотермічна обробка матеріалів', 0, 1, NULL, NULL),
(225245, 'Галузеві інноваційні технології очищення атмосферного повітря від забруднень', 0, 1, NULL, NULL),
(309444, 'Галузеві інформаційні технології очищення атмосферного повітря', 0, 1, NULL, NULL),
(303076, 'Галузеві соціології', 0, 1, NULL, NULL),
(342254, 'Галузеві технології діагностування металургійного обладнання', 0, 1, NULL, NULL),
(302377, 'Галузеві технології діагностування та дослідження металургійного обладнання', 0, 1, NULL, NULL),
(390174, 'Галузеві технології зварювального виробництва', 0, 1, NULL, NULL),
(915, 'Галузеві технології зварювання, паяння та склеювання матеріалів', 0, 1, NULL, NULL),
(246, 'Галузева технологія машинобудування', 0, 1, NULL, NULL),
(4161, 'Галузеве законодавство в соціальній роботі', 0, 1, NULL, NULL),
(758, 'Галузевий маркетинг регіону', 0, 1, NULL, NULL),
(399592, 'Гарантії та тарифікації турпродукту в туризмі', 0, 1, NULL, NULL),
(112, 'Гармонія', 0, 1, NULL, NULL),
(4001, 'Генеральний план підприємств', 0, 1, NULL, NULL),
(7025, 'Генеральний план підприємств і транспортних вузлів', 0, 1, NULL, NULL),
(231989, 'Генеральний план підприємств автомобільного транспорту', 0, 1, NULL, NULL),
(5052, 'Генеральний план промпідприємств', 0, 1, NULL, NULL),
(302, 'Генеральний план та транспорт', 0, 1, NULL, NULL),
(303234, 'Геоінформаційні системи', 0, 1, NULL, NULL),
(224306, 'Геоінформаційні системи в економіці', 0, 1, NULL, NULL),
(-336752, 'Географія туризму', 4, 1, NULL, NULL),
(336729, 'Географія туризму (Географія туризму)', 0, 1, NULL, NULL),
(336727, 'Географія туризму (Туристичне країнознавство)', 0, 1, NULL, NULL),
(845, 'Геологія та механіка грунтів', 0, 1, NULL, NULL),
(390201, 'Геометрія в загальноосвітній школі', 0, 1, NULL, NULL),
(313858, 'Глобальні проблеми енергетики і екології', 0, 1, NULL, NULL),
(302081, 'Глобальна економіка', 0, 1, NULL, NULL),
(375017, 'Глобальна логістика', 0, 1, NULL, NULL),
(1150, 'Господарське законодавство', 0, 1, NULL, NULL),
(716, 'Господарське право', 0, 1, NULL, NULL),
(380405, 'Господарський механізм та управління економікою', 0, 1, NULL, NULL),
(405111, 'Господарський механізм управління економікою', 0, 1, NULL, NULL),
(866, 'Гроші та кредит', 0, 1, NULL, NULL),
(1210, 'Гроші та кредит (спеціальні розділи)', 0, 1, NULL, NULL),
(348606, 'Грошові розрахунки', 0, 1, NULL, NULL),
(902, 'Грошово - кредитні системи', 0, 1, NULL, NULL),
(3836, 'Грошово-кредитні системи закордонних країн', 0, 1, NULL, NULL),
(1809, 'Грошово-кредитні системи зарубіжних країн', 0, 1, NULL, NULL),
(363, 'Діагностика ПТ-обладнання', 0, 1, NULL, NULL),
(1065, 'Діагностика підйомно-транспортного обладнання', 0, 1, NULL, NULL),
(304713, 'Діагностика процесів різання', 0, 1, NULL, NULL),
(4218, 'Діагностика різання та інструменту', 0, 1, NULL, NULL),
(796, 'Діагностика та дефектоскопія матеріалів та виробів', 0, 1, NULL, NULL),
(273978, 'Діагностика технічного стану будівель і споруд', 0, 1, NULL, NULL),
(303386, 'Діагностична та лікувальна техніка', 0, 1, NULL, NULL),
(261536, 'Діагностична техніка', 0, 1, NULL, NULL),
(405108, 'Ділові ігри в прийнятті виробничих рішень', 0, 1, NULL, NULL),
(159, 'Ділові ігри щодо виходу з екстремальної ситуації', 0, 1, NULL, NULL),
(335364, 'Ділові комунікації', 0, 1, NULL, NULL),
(386051, 'Ділові комунікації та оформлення наукових досліджень', 0, 1, NULL, NULL),
(57, 'Ділова іноземна мова', 0, 1, NULL, NULL),
(3, 'Ділова українська мова', 0, 1, NULL, NULL),
(4303, 'Ділове адміністрування', 0, 1, NULL, NULL),
(981, 'Ділове спілкування', 0, 1, NULL, NULL),
(709, 'Діловодство', 0, 1, NULL, NULL),
(348, 'Дінаміка і міцність металургійних машин', 0, 1, NULL, NULL),
(-336759, 'Діяльність туристичного агенства', 4, 1, NULL, NULL),
(336744, 'Діяльність туристичного агенства та організація туристичного бізнесу', 0, 1, NULL, NULL),
(399843, 'Діяльність туристичного підприємства та організація туристичного бізнесу', 0, 1, NULL, NULL),
(1659, 'ДЕК', 7, 1, NULL, NULL),
(8008, 'ДЕК (Рейтинг)', 0, 1, '8(Копія 1)', NULL),
(369838, 'Датчики та технічні виміри в біомедицині', 0, 1, NULL, NULL),
(1718, 'Девіантна поведінка та соц. контроль', 0, 1, NULL, NULL),
(5023, 'Деонтологія', 0, 1, NULL, NULL),
(6004, 'Держіспит з педагогічної майстерності', 0, 1, NULL, NULL),
(868, 'Державні фінанси', 0, 1, NULL, NULL),
(7184, 'Державна атестація', 0, 1, NULL, NULL),
(566, 'Державне право', 0, 1, NULL, NULL),
(1151, 'Державне регулювання економіки', 0, 1, NULL, NULL),
(989, 'Державне регулювання соціально - культурної сфери', 0, 1, NULL, NULL),
(1888, 'Державне регулювання театрально - концерної діяльності в Україні', 0, 1, NULL, NULL),
(4109, 'Державне та регіональне управління', 0, 1, NULL, NULL),
(5763, 'Державний іспит', 4, 1, NULL, NULL),
(-242617, 'Державний іспит «Російська мова як іноземна»', 4, 1, NULL, NULL),
(7568, 'Державний іспит «Російська мова як іноземна»', 0, 1, NULL, NULL),
(3000, 'Державний іспит з економічної теорії', 4, 1, NULL, NULL),
(2035, 'Державний іспит з курсу: «Друга іноземна мова (німецька)»', 4, 1, NULL, NULL),
(2034, 'Державний іспит з курсу: «Теорія та практика перекладу»', 4, 1, NULL, NULL),
(3001, 'Державний іспит з педагогіки', 4, 1, NULL, NULL),
(-273617, 'Державний іспит з педагогіки, психології і методики професійного навчання', 4, 1, NULL, NULL),
(3004, 'Державний іспит з професійно-орієнтованих дисциплін', 4, 1, NULL, NULL),
(1555, 'Державний іспит за освітньо-професійною програмою з педагогіки', 4, 1, NULL, NULL),
(4327, 'Державний іспит за освітньо-професійною програмою з теорії', 4, 1, NULL, NULL),
(1558, 'Державний іспит за фахом', 4, 1, NULL, NULL),
(417455, 'Державний аудит', 0, 1, NULL, NULL),
(4348, 'Державний екзамен', 4, 1, NULL, NULL),
(-303060, 'Державний екзамен \"Історія та теорія соціальної роботи\"', 4, 1, NULL, NULL),
(302258, 'Державний фінансовий контроль', 0, 1, NULL, NULL),
(395, 'Деталі машин', 0, 1, NULL, NULL),
(293558, 'Деталі машин (CAD-CAM-CAE)', 0, 1, NULL, NULL),
(261904, 'Деталі машин і основи взаємозамінності', 0, 1, NULL, NULL),
(404, 'Деталі машин і основи конструювання', 0, 1, NULL, NULL),
(6540, 'Деталі машин і підйомно-транспортного обладнання', 0, 1, NULL, NULL),
(7208, 'Дефекти кристалічних грат', 0, 1, NULL, NULL),
(1707, 'Дефекти кристалічної будови матеріалів', 0, 1, NULL, NULL),
(625, 'Дефекти кристаличної будови металів та сплавів', 0, 1, NULL, NULL),
(7339, 'Джерела живлення для зварювання', 0, 1, NULL, NULL),
(7000, 'Джерела теплопостачання промислових підприємств', 0, 1, NULL, NULL),
(505, 'Джерела теплопостачання промислових підприємств та теплові мережи', 0, 1, NULL, NULL),
(1837, 'Дидактика тестування', 0, 1, NULL, NULL),
(1284, 'Дидактичне забезпечення педагогічних технологій', 0, 1, NULL, NULL),
(931, 'Динаміка і міцність машин', 0, 1, NULL, NULL),
(357, 'Динаміка і міцність металургійних машин', 0, 1, NULL, NULL),
(305, 'Динаміка і точність верстатів', 0, 1, NULL, NULL),
(424, 'Динаміка дисперсних потоків', 0, 1, NULL, NULL),
(3962, 'Динамічне моделювання інноваційних процесів', 0, 1, NULL, NULL),
(8007, 'Дипл. проекти (роботи)', 0, 1, '7(Копія 5)', NULL),
(1561, 'Дипломна робота', 3, 1, NULL, NULL),
(1688, 'Дипломна робота (спеціальний клас)', 0, 1, NULL, NULL),
(411280, 'Дипломна робота бакалавра', 0, 1, NULL, NULL),
(-295030, 'Дипломна робота бакалавра', 3, 1, NULL, NULL),
(7132, 'Дипломна робота магістра', 3, 1, NULL, NULL),
(3011, 'Дипломна робота спеціаліста', 3, 1, NULL, NULL),
(224391, 'Дипломне проектування', 0, 1, NULL, NULL),
(7144, 'Дипломне проектування', 3, 1, NULL, NULL),
(7146, 'Дипломний проект', 3, 1, NULL, NULL);
INSERT INTO `disciplines` (`id`, `discipline_name`, `discipline_type_id`, `is_used`, `discipline_short_name`, `discipline_name_default`) VALUES
(303175, 'Дипломний проект', 0, 1, NULL, NULL),
(-295031, 'Дипломний проект бакалавра', 3, 1, NULL, NULL),
(4046, 'Дипломування', 0, 1, NULL, NULL),
(375033, 'Дипломування', 1, 1, NULL, NULL),
(1550, 'Диригування', 0, 1, NULL, NULL),
(18, 'Дискретна математика', 0, 1, NULL, NULL),
(242917, 'Дисперсні матеріали та композити', 0, 1, NULL, NULL),
(7023, 'Диспетчеризація автоперевезень і оптимізація маршрутів', 0, 1, NULL, NULL),
(1064, 'Дисципліна за замовленням підприємства', 0, 1, NULL, NULL),
(1394, 'Дисципліна спеціалізації', 0, 1, NULL, NULL),
(7148, 'Дисципліна спеціалізації №1: Майстри художнього перекладу', 0, 1, NULL, NULL),
(7149, 'Дисципліна спеціалізації №2: Психолінгвістичні аспекти перекладу', 0, 1, NULL, NULL),
(4426, 'Дисципліна спеціалізації: «Історія перекладацької думки»', 0, 1, NULL, NULL),
(7150, 'Дисципліна спеціалізації: «Ділова українська мова»', 0, 1, NULL, NULL),
(4425, 'Дисципліна спеціалізації: «Мова сучасної публіцистики»', 0, 1, NULL, NULL),
(7316, 'Дисципліна спеціалізації: «Науково-технічна термінологія»', 0, 1, NULL, NULL),
(257779, 'Дисципліна спеціалізації: «Стилістика фразеологічних одиниць»', 0, 1, NULL, NULL),
(1430, 'Дисципліни спеціалізації: «Синтаксична стилістика»', 0, 1, NULL, NULL),
(3432, 'Дисципліни спеціалізації: «Текст і переклад»', 0, 1, NULL, NULL),
(303538, 'Диференціальна геометрія та тензорний аналіз', 0, 1, NULL, NULL),
(23, 'Диференційні рівняння', 0, 1, NULL, NULL),
(4113, 'Договірне право', 0, 1, NULL, NULL),
(7063, 'Додаткові види навчання', 0, 1, NULL, NULL),
(257722, 'Додаткові глави теорії термічної обробки металів', 0, 1, NULL, NULL),
(3931, 'Додаткові розділи маркетингу', 0, 1, NULL, NULL),
(224288, 'Додаткові розділи обчислювальної геометрії', 0, 1, NULL, NULL),
(304252, 'Електротехніка і електромеханіка (додаткові розділи)', 0, 1, NULL, NULL),
(259593, 'Додаткові розділи природничих наук', 0, 1, NULL, NULL),
(5026, 'Документознавство', 0, 1, NULL, NULL),
(391, 'Дорожні машини', 0, 1, NULL, NULL),
(342255, 'Дослідження властивостей ремонтних композитних матеріалів та технології їх використання', 0, 1, NULL, NULL),
(5644, 'Дослідження за темою магістерської роботи', 0, 1, NULL, NULL),
(273988, 'Дослідження за темою магістерської роботи / Магістерська робота', 0, 1, NULL, NULL),
(342253, 'Дослідження міцності металургійного обладнання', 0, 1, NULL, NULL),
(614, 'Дослідження операцій', 0, 1, NULL, NULL),
(5039, 'Дослідження операцій у транспортних системах', 0, 1, NULL, NULL),
(4044, 'Дослідницька практика', 1, 1, NULL, NULL),
(94, 'Друга іноземна мова', 0, 1, NULL, NULL),
(-302638, 'Друга іноземна мова', 4, 1, NULL, NULL),
(6509, 'Друга іноземна мова (за професійним спрямуванням)', 0, 1, NULL, NULL),
(335911, 'Друга іноземна мова (професійної спрямованості)', 0, 1, NULL, NULL),
(388482, 'Друга іноземна мова для сфери обслуговування', 0, 1, NULL, NULL),
(-302731, 'Друга іноземна мова та переклад', 4, 1, NULL, NULL),
(1100, 'Еврологістика', 0, 1, NULL, NULL),
(318492, 'Екологічні проблеми за напрямом', 0, 1, NULL, NULL),
(368694, 'Екологічні проблеми за напрямом виробництва', 0, 1, NULL, NULL),
(386, 'Екологічні характеристики схем організації дорожнього руху', 0, 1, NULL, NULL),
(1702, 'Екологічні, технічні та економічні проблеми розвитку енергетики України', 0, 1, NULL, NULL),
(368686, 'Екологічна безпека', 0, 1, NULL, NULL),
(224315, 'Екологічна безпека та екологічні ризики', 0, 1, NULL, NULL),
(4385, 'Екологічна економіка', 0, 1, NULL, NULL),
(225242, 'Екологічна політика та право', 0, 1, NULL, NULL),
(990, 'Екологічна психологія', 0, 1, NULL, NULL),
(368668, 'Екологічне інспектування', 0, 1, NULL, NULL),
(1130, 'Екологічне забезпечення виробництва чавуну', 0, 1, NULL, NULL),
(348608, 'Екологічний маркетинг', 0, 1, NULL, NULL),
(225237, 'Екологічний менеджмент', 0, 1, NULL, NULL),
(1773, 'Екологія', 0, 1, NULL, NULL),
(309443, 'Екологія водних ресурсів', 0, 1, NULL, NULL),
(3916, 'Екологія за професійним спрямуванням', 0, 1, NULL, NULL),
(1053, 'Екологія металургійного виробництва', 0, 1, NULL, NULL),
(224314, 'Екологія та економіка природокористування', 0, 1, NULL, NULL),
(521, 'Екологія, характеристика та моделі', 0, 1, NULL, NULL),
(225244, 'Еколого-економічний аналіз інвестиційних проектів', 0, 1, NULL, NULL),
(380390, 'Економіка', 0, 1, NULL, NULL),
(261526, 'Економіка і бізнес', 0, 1, NULL, NULL),
(711, 'Економіка і менеджмент дрібного бізнесу', 0, 1, NULL, NULL),
(7096, 'Економіка і менеджмент малого бізнесу', 0, 1, NULL, NULL),
(752, 'Економіка і менеджмент науково - дослідної работи та ОКР', 0, 1, NULL, NULL),
(1217, 'Економіка і організація інноваційної діяльності', 0, 1, NULL, NULL),
(7097, 'Економіка і організація банківської діяльності', 0, 1, NULL, NULL),
(3919, 'Економіка і організація виробництва', 0, 1, NULL, NULL),
(1556, 'Економіка і організація виробництва електроенергії', 0, 1, NULL, NULL),
(1280, 'Економіка і організація діяльності фірми', 0, 1, NULL, NULL),
(405098, 'Економіка і управління НДР та ДКР', 0, 1, NULL, NULL),
(224198, 'Економіка і фінанси підприємств', 0, 1, NULL, NULL),
(3953, 'Економіка інноваційного підприємства', 0, 1, NULL, NULL),
(1748, 'Економіка інтелектуальної власності', 0, 1, NULL, NULL),
(1094, 'Економіка НДР і ОКР', 0, 1, NULL, NULL),
(1315, 'Економіка НДР та ОКР', 0, 1, NULL, NULL),
(3746, 'Економіка будівництва', 0, 1, NULL, NULL),
(6546, 'Економіка виробництва', 0, 1, NULL, NULL),
(225239, 'Економіка водних ресурсів', 0, 1, NULL, NULL),
(385536, 'Економіка галузі', 0, 1, NULL, NULL),
(225236, 'Економіка довкілля і природокористування', 0, 1, NULL, NULL),
(7001, 'Економіка енергетики', 0, 1, NULL, NULL),
(1095, 'Економіка зварювального виробництва', 0, 1, NULL, NULL),
(225238, 'Економіка землекористування', 0, 1, NULL, NULL),
(319, 'Економіка міжнародних перевезень', 0, 1, NULL, NULL),
(3570, 'Економіка машинобудування', 0, 1, NULL, NULL),
(694, 'Економіка невиробничої сфери', 0, 1, NULL, NULL),
(348612, 'Економіка невиробничої сфери і малого бізнесу', 0, 1, NULL, NULL),
(705, 'Економіка обгрунтування господарських рішеннь', 0, 1, NULL, NULL),
(258224, 'Економіка організації і планування виробництва', 0, 1, NULL, NULL),
(3760, 'Економіка підприємництва', 0, 1, NULL, NULL),
(335909, 'Економіка підприємств', 0, 1, NULL, NULL),
(344789, 'Економіка підприємств транспортної галузі', 0, 1, NULL, NULL),
(259014, 'Економіка підприємств чорної металургії', 0, 1, NULL, NULL),
(-336754, 'Економіка підприємства', 4, 1, NULL, NULL),
(683, 'Економіка підприємства', 0, 1, NULL, NULL),
(386052, 'Економіка підприємства та організація виробництва', 0, 1, NULL, NULL),
(300, 'Економіка перевезень', 0, 1, NULL, NULL),
(700, 'Економіка праці', 0, 1, NULL, NULL),
(1257, 'Економіка праці промислових підприємств', 0, 1, NULL, NULL),
(1868, 'Економіка праці та соціально-трудові відносини', 0, 1, NULL, NULL),
(368669, 'Економіка природовикористання', 0, 1, NULL, NULL),
(405114, 'Економіка природокористування', 0, 1, NULL, NULL),
(1777, 'Економіка природокористування та ресурсозбереження', 0, 1, NULL, NULL),
(1087, 'Економіка промисловості', 0, 1, NULL, NULL),
(6501, 'Економіка соціальної роботи', 0, 1, NULL, NULL),
(982, 'Економіка соціальної роботи у виробничій сфері', 0, 1, NULL, NULL),
(3753, 'Економіка та НДР', 0, 1, NULL, NULL),
(224305, 'Економіка та бізнес', 0, 1, NULL, NULL),
(3925, 'Економіка та організація виробництва', 0, 1, NULL, NULL),
(938, 'Економіка та організація виробництва у галузі', 0, 1, NULL, NULL),
(1787, 'Економіка та організація діяльності об’єднань підприємств', 0, 1, NULL, NULL),
(1784, 'Економіка та організація машинобудівного виробництва', 0, 1, NULL, NULL),
(1782, 'Економіка та організація металургійного виробництва', 0, 1, NULL, NULL),
(732, 'Економіка та організація посередницьких підприємств', 0, 1, NULL, NULL),
(356513, 'Економіка торгівлі', 0, 1, NULL, NULL),
(274413, 'Економіка транспортних підприємств', 0, 1, NULL, NULL),
(5064, 'Економіка транспорту', 0, 1, NULL, NULL),
(380398, 'Економіка чорної металургії', 0, 1, NULL, NULL),
(405112, 'Економіко-математичні методи і моделі', 0, 1, NULL, NULL),
(224237, 'Економіко-математичні методи та моделі: економетрика', 0, 1, NULL, NULL),
(224238, 'Економіко-математичні методи та моделі: оптимізаційні методи і моделі', 0, 1, NULL, NULL),
(262218, 'Економіко-математичні моделі та методи', 0, 1, NULL, NULL),
(7087, 'Економіко-математичне моделювання', 0, 1, NULL, NULL),
(4107, 'Економіко-математичне моделювання: економетрика', 0, 1, NULL, NULL),
(4106, 'Економіко-математичне моделювання: оптимізаційні методи і моделі', 0, 1, NULL, NULL),
(274412, 'Економічні засади логістики та управління ланцюгами поставок', 0, 1, NULL, NULL),
(237, 'Економічні зв\'язки та зовнішньо - економічна діяльність', 0, 1, NULL, NULL),
(1835, 'Економічні основи промислового маркетингу', 0, 1, NULL, NULL),
(1849, 'Економічні основи соціальної роботи', 0, 1, NULL, NULL),
(1283, 'Економічні проблеми якості', 0, 1, NULL, NULL),
(3837, 'Економічні ризики', 0, 1, NULL, NULL),
(1774, 'Економічна інтеграція і глобальні проблеми сучасності', 0, 1, NULL, NULL),
(6053, 'Економічна інформатика', 0, 1, NULL, NULL),
(6071, 'Економічна інформатика (інформатика та комп\'ютерна техніка)', 0, 1, NULL, NULL),
(238, 'Економічна історія', 0, 1, NULL, NULL),
(380395, 'Економічна історія та економконцепції', 0, 1, NULL, NULL),
(417285, 'Економічна безпека підприємства', 0, 1, NULL, NULL),
(1788, 'Економічна діагностика', 0, 1, NULL, NULL),
(380403, 'Економічна ефективність капіталовкладень', 0, 1, NULL, NULL),
(405099, 'Економічна ефективність капітальних вкладень і нових технологій', 0, 1, NULL, NULL),
(240, 'Економічна політика', 0, 1, NULL, NULL),
(1316, 'Економічна політика і економічна інтеграція', 0, 1, NULL, NULL),
(7239, 'Економічна політика і економічна інтеграція та глобальні проблеми сучасності', 0, 1, NULL, NULL),
(410846, 'Економічна практика', 1, 1, NULL, NULL),
(399808, 'Економічна практика', 0, 1, NULL, NULL),
(946, 'Економічна соціологія', 0, 1, NULL, NULL),
(231, 'Економічна теорія', 0, 1, NULL, NULL),
(302261, 'Економічна теорія: мікроекономіка', 0, 1, NULL, NULL),
(302262, 'Економічна теорія: макроекономіка', 0, 1, NULL, NULL),
(302260, 'Економічна теорія: політична економія', 0, 1, NULL, NULL),
(1221, 'Економічне обгрунтування господарських рішень', 0, 1, NULL, NULL),
(302095, 'Економічне управління підприємством', 0, 1, NULL, NULL),
(696, 'Економічний аналіз', 0, 1, NULL, NULL),
(1281, 'Економічний механізм санації підприємства', 0, 1, NULL, NULL),
(4140, 'Економічний механізм управління проектами', 0, 1, NULL, NULL),
(703, 'Економічний механізм функціонування підприємств', 0, 1, NULL, NULL),
(1785, 'Економічний практикум з комп\'ютерним тренінгом', 0, 1, NULL, NULL),
(3750, 'Економічний ризик', 0, 1, NULL, NULL),
(688, 'Економічний ризик і методи його вимірювання', 0, 1, NULL, NULL),
(616, 'Економетрія', 0, 1, NULL, NULL),
(3983, 'Економетрика', 0, 1, NULL, NULL),
(7218, 'Експериментальні дослідження процесів ОМТ', 0, 1, NULL, NULL),
(7343, 'Експериментальні дослідження процесів та обладнання ОМТ', 0, 1, NULL, NULL),
(2011, 'Експериментальна та теоретична фізика', 0, 1, NULL, NULL),
(408157, 'Експертиза і діагностика об\'єктів і систем автосервісу', 0, 1, NULL, NULL),
(1751, 'Експертиза об\'єктів промислової власності', 0, 1, NULL, NULL),
(4126, 'Експертиза та аудит проектів', 0, 1, NULL, NULL),
(4259, 'Експлуатаційні властивості автотранспортних засобів', 0, 1, NULL, NULL),
(269, 'Експлуатаційні властивості транспортних засобів', 0, 1, NULL, NULL),
(408149, 'Експлуатаційні матеріали', 0, 1, NULL, NULL),
(1567, 'Експлуатаційна практика', 1, 1, NULL, NULL),
(309, 'Експлуатація і обслуговування верстатів', 0, 1, NULL, NULL),
(189, 'Експлуатація доменних печей', 0, 1, NULL, NULL),
(261, 'Експлуатація та обслуговування машин', 0, 1, NULL, NULL),
(5055, 'Експлуатація та технічне обслуговування технічних засобів промтранспорту', 0, 1, NULL, NULL),
(7014, 'Експлуатація технічних засобів автотранспорту', 0, 1, NULL, NULL),
(304449, 'Експлуатація транспортних засобів', 0, 1, NULL, NULL),
(3591, 'Експлуатація, діагностика та ремонт верстатів і верстатних комплексів', 0, 1, NULL, NULL),
(1631, 'Експлуатація, обслуговування і ремонт верстатів', 0, 1, NULL, NULL),
(1861, 'Електортехнічні системи електропостачання', 0, 1, NULL, NULL),
(570, 'Електричні апарати', 0, 1, NULL, NULL),
(593, 'Електричні машини', 0, 1, NULL, NULL),
(594, 'Електричні машини і мікромашини', 0, 1, NULL, NULL),
(462, 'Електричні печі та агрегати', 0, 1, NULL, NULL),
(569, 'Електричні системи та мережі', 0, 1, NULL, NULL),
(1468, 'Електричні станції та підстанції', 0, 1, NULL, NULL),
(1672, 'Електрична сумісність', 0, 1, NULL, NULL),
(573, 'Електрична частина станцій і підстанцій', 0, 1, NULL, NULL),
(1512, 'Електромагнітні перехідні процеси', 0, 1, NULL, NULL),
(1076, 'Електромагнітні та електромеханічні перехідні процеси', 0, 1, NULL, NULL),
(7235, 'Електромагнітна сумісність', 0, 1, NULL, NULL),
(279030, 'Електромагнітна сумісність систем електроприводу', 0, 1, NULL, NULL),
(258506, 'Електрометалургія', 0, 1, NULL, NULL),
(164, 'Електрометалургія сталі та феросплавів', 0, 1, NULL, NULL),
(1077, 'Електромеханічні перехідні процеси', 0, 1, NULL, NULL),
(7320, 'Електромеханічні системи автоматизації металургійних установок', 0, 1, NULL, NULL),
(1410, 'Електроніка і мікроелектроніка', 0, 1, NULL, NULL),
(248713, 'Електроніка і мікропроцесорна техніка', 0, 1, NULL, NULL),
(529, 'Електроніка і мікросхемотехніка', 0, 1, NULL, NULL),
(1093, 'Електроніка та електротехніка', 0, 1, NULL, NULL),
(46, 'Електроніка та мікроелектроніка', 0, 1, NULL, NULL),
(304210, 'Електроніка та мікропроцесорна техніка', 0, 1, NULL, NULL),
(409, 'Електроніка та схемотехніка', 0, 1, NULL, NULL),
(261531, 'Електронні прилади', 0, 1, NULL, NULL),
(1790, 'Електронна комерція', 0, 1, NULL, NULL),
(408161, 'Електрообладнання автомобілів', 0, 1, NULL, NULL),
(606, 'Електрообладнання загальнопромислових установок', 0, 1, NULL, NULL),
(1943, 'Електрообладнання й електроавтоматика КШВ', 0, 1, NULL, NULL),
(452, 'Електрообладнання та електропостачання зварних установок', 0, 1, NULL, NULL),
(1553, 'Електрообладнання, електричний режим та автоматизація роботи печей', 0, 1, NULL, NULL),
(576, 'Електропостачання', 0, 1, NULL, NULL),
(585, 'Електропостачання міст та сільського господарства', 0, 1, NULL, NULL),
(581, 'Електропостачання промислових підприємств', 0, 1, NULL, NULL),
(1636, 'Електропривід і електрообладнання металорізальних верстатів', 0, 1, NULL, NULL),
(1066, 'Електропривід і електрообладнання підйомно-транспортних машин', 0, 1, NULL, NULL),
(372953, 'Електропривод і електрообладнання', 0, 1, NULL, NULL),
(4467, 'Електропривод і обладнання металорізальних верстатів', 0, 1, NULL, NULL),
(315, 'Електропривод верстатів', 0, 1, NULL, NULL),
(611, 'Електропривод промислових підприємств', 0, 1, NULL, NULL),
(1362, 'Електротехніка', 0, 1, NULL, NULL),
(1330, 'Електротехніка і електромеханіка', 0, 1, NULL, NULL),
(7033, 'Електротехніка і електрообладнання', 0, 1, NULL, NULL),
(612, 'Електротехніка та електроніка', 0, 1, NULL, NULL),
(1329, 'Електротехніка та основи конструювання', 0, 1, NULL, NULL),
(3573, 'Електротехніка та промислова електроніка', 0, 1, NULL, NULL),
(374715, 'Електротехніка, електромеханіка і метрологія', 0, 1, NULL, NULL),
(583, 'Електротехніка, електроніка та електропостачання', 0, 1, NULL, NULL),
(1915, 'Електротехніка, електроніка та мікропроцесорна техніка', 0, 1, NULL, NULL),
(5035, 'Електротехніка, електроніка та мікросхемотехніка', 0, 1, NULL, NULL),
(587, 'Електротехніки та електроника', 0, 1, NULL, NULL),
(498, 'Електротехнічні матеріали', 0, 1, NULL, NULL),
(575, 'Електротехнологічні установки', 0, 1, NULL, NULL),
(599, 'Елементи автоматичних пристроїв', 0, 1, NULL, NULL),
(3926, 'Елементи автоматичного управління', 0, 1, NULL, NULL),
(368689, 'Елементи безвідходної та маловідходних технологій', 0, 1, NULL, NULL),
(1504, 'Елементи механіки', 0, 1, NULL, NULL),
(7035, 'Елементи механіки суцільних середовищ', 0, 1, NULL, NULL),
(6515, 'Елементи силової електроніки', 0, 1, NULL, NULL),
(2047, 'Елетроніка та мікропроцессорна техніка', 0, 1, NULL, NULL),
(405103, 'Енергетика чорної металургії', 0, 1, NULL, NULL),
(479, 'Енергетичні установки', 0, 1, NULL, NULL),
(369831, 'Енерго- та ресурсозбереження в металургії', 0, 1, NULL, NULL),
(408144, 'Енерго-ресурсо-природозберігаючі технології на автомобільному транспорті', 0, 1, NULL, NULL),
(451, 'Енергоаудит та оптимізація теплотехнологічних систем', 0, 1, NULL, NULL),
(586, 'Енергогосподарство міст та сільського господарства', 0, 1, NULL, NULL),
(582, 'Енергогосподарство промислових підприємств', 0, 1, NULL, NULL),
(5091, 'Енергозбереження', 0, 1, NULL, NULL),
(391203, 'Енергозбереження та енергоменеджмент в промисловості', 0, 1, NULL, NULL),
(313927, 'Енергозбереження та енергоменеджмент за напрямами', 0, 1, NULL, NULL),
(368703, 'Енергоменеджмент та енергоаудит', 0, 1, NULL, NULL),
(1056, 'Енергоменеджмент у промисловості', 0, 1, NULL, NULL),
(1051, 'Енергопостачання та енергоаудит теплотехнологічних систем', 0, 1, NULL, NULL),
(429, 'Енергопостачання теплоенергетичних систем та агрегатів', 0, 1, NULL, NULL),
(306124, 'Енергопостачання теплотехнічних систем', 0, 1, NULL, NULL),
(4025, 'Енергопостачання теплотехнологічних систем', 0, 1, NULL, NULL),
(1480, 'Ергономіка', 0, 1, NULL, NULL),
(714, 'Естетика ділового користування', 0, 1, NULL, NULL),
(1533, 'Етика виробничих відносин', 0, 1, NULL, NULL),
(864, 'Етика ділового спілкування', 0, 1, NULL, NULL),
(3754, 'Етика підприємництва', 0, 1, NULL, NULL),
(1160, 'Етика підприємництва і етикет', 0, 1, NULL, NULL),
(74, 'Етика та естетика', 0, 1, NULL, NULL),
(1376, 'Етика та естетика ділового спілкування', 0, 1, NULL, NULL),
(1009, 'Етика та етикет ділового спілкування', 0, 1, NULL, NULL),
(1848, 'Етносоціологія', 0, 1, NULL, NULL),
(7204, 'Ефективність використання матеріалів у конструкціях', 0, 1, NULL, NULL),
(1946, 'Ефективність використання матеріалів у конструкціях та виробах', 0, 1, NULL, NULL),
(293562, 'Ефективне спілкування в групах, навички, презентації', 0, 1, NULL, NULL),
(7124, 'Жанрові теорії перекладу', 0, 1, NULL, NULL),
(341065, 'Забезпечення митних та страхових операцій у товарно-логістичному бізнесі', 0, 1, NULL, NULL),
(274422, 'Забезпечення функціонування міжнародної логістики', 0, 1, NULL, NULL),
(729, 'Загальні основи маркетингу', 0, 1, NULL, NULL),
(828, 'Загальні основи педагогіки', 0, 1, NULL, NULL),
(1778, 'Загальні проблеми роздержавлення та приватизації', 0, 1, NULL, NULL),
(905, 'Загальні проблеми роздержавлення та приватизації.', 0, 1, NULL, NULL),
(350087, 'Загальна екологія', 0, 1, NULL, NULL),
(944, 'Загальна педагогіка', 0, 1, NULL, NULL),
(939, 'Загальна психологія', 0, 1, NULL, NULL),
(941, 'Загальна соціологія', 0, 1, NULL, NULL),
(375281, 'Загальна та галузева педагогіка', 0, 1, NULL, NULL),
(7049, 'Загальна та неорганічна хімія', 0, 1, NULL, NULL),
(1391, 'Загальна теорія перекладу', 0, 1, NULL, NULL),
(380393, 'Загальна теорія статистики', 0, 1, NULL, NULL),
(1323, 'Загальна фізика', 0, 1, NULL, NULL),
(1324, 'Загальна хімія', 0, 1, NULL, NULL),
(78, 'Загальне мовознавство', 0, 1, NULL, NULL),
(615, 'Загальний курс вищої математики', 0, 1, NULL, NULL),
(213, 'Загальний курс транспорту', 0, 1, NULL, NULL),
(368665, 'Законодавство в сфері охорони довкілля', 0, 1, NULL, NULL),
(354174, 'Закупівельна логістика', 0, 1, NULL, NULL),
(4129, 'Закупівлі, контракти та логістика в проектах', 0, 1, NULL, NULL),
(4127, 'Закупівлі, контракти та логістика проектів', 0, 1, NULL, NULL),
(254, 'Залізничні станції, транспортні та перевантажувальні вузли', 0, 1, NULL, NULL),
(1143, 'Залізничний рухомий склад міжнародних перевезень', 0, 1, NULL, NULL),
(6525, 'Залізничний рухомий склад міжнародних транспортних систем', 0, 1, NULL, NULL),
(922, 'Залізнично-торгівельні транспортні операції', 0, 1, NULL, NULL),
(1372, 'Залізобетонні конструкції', 0, 1, NULL, NULL),
(854, 'Залізобетонні та кам’яні конструкції', 0, 1, NULL, NULL),
(135, 'Запис та розшифрування музичного фольклору', 0, 1, NULL, NULL),
(1527, 'Зарубіжна музика', 0, 1, NULL, NULL),
(215, 'Зарубіжна транспортна географія', 0, 1, NULL, NULL),
(395323, 'Засади усного професійного мовлення', 0, 1, NULL, NULL),
(368, 'Засоби автоматизації та телемеханіки', 0, 1, NULL, NULL),
(390077, 'Засоби автоматизації техносфери', 0, 1, NULL, NULL),
(217, 'Засоби автоматики та телемеханіки', 0, 1, NULL, NULL),
(354946, 'Засоби автотранспортних і термінальних технологій', 0, 1, NULL, NULL),
(1594, 'Засоби використання матеріалів у конструкціях і виробах', 0, 1, NULL, NULL),
(1471, 'Засоби диспетчерського та технологічного управління', 0, 1, NULL, NULL),
(833, 'Засоби навчання', 0, 1, NULL, NULL),
(560, 'Засоби програмування', 0, 1, NULL, NULL),
(331, 'Засоби технологічного оснащення', 0, 1, NULL, NULL),
(1464, 'Застосування ПЕОМ в металознавстві', 0, 1, NULL, NULL),
(1647, 'Застосування неметалевих матеріалів', 0, 1, NULL, NULL),
(823, 'Застосування неметалевих матеріалів у машинобудуванні', 0, 1, NULL, NULL),
(907, 'Затвердіння та властивості ливарних сплавів', 0, 1, NULL, NULL),
(305185, 'Затвердіння та властивості металів і сплавів у виливках', 0, 1, NULL, NULL),
(314948, 'Захист інтелектуальної власності', 0, 1, NULL, NULL),
(7157, 'Захист інтелектуальної власності на митному кордоні', 0, 1, NULL, NULL),
(4070, 'Захист інформації', 0, 1, NULL, NULL),
(-303376, 'Захист бакалаврської роботи', 7, 1, NULL, NULL),
(273984, 'Захист будівельних конструкцій від корозії', 0, 1, NULL, NULL),
(262024, 'Захист від впливу шкідливих факторів процесів відновлення та зміцнення', 0, 1, NULL, NULL),
(7156, 'Захист від недобросовісної конкуренції', 0, 1, NULL, NULL),
(7439, 'Захист дипломної роботи', 7, 1, NULL, NULL),
(4345, 'Захист дипломної роботи магістра', 7, 1, NULL, NULL),
(4347, 'Захист дипломного проекту', 7, 1, NULL, NULL),
(8048, 'Захист докторських та кандидатських дисертацій', 0, 1, '8(Копія 3)', NULL),
(-301036, 'Захист кваліфікаційної роботи', 7, 1, NULL, NULL),
(1928, 'Захист металів та конструкцій від корозії', 0, 1, NULL, NULL),
(512, 'Захист навколишнього середовища при роботі теплоенергетичних систем', 0, 1, NULL, NULL),
(1746, 'Захист прав інтелектуальної власності', 0, 1, NULL, NULL),
(356517, 'Захист прав споживачів', 0, 1, NULL, NULL),
(273575, 'Захист та економічна безпека', 0, 1, NULL, NULL),
(303364, 'Захист та охорона інтелектуальної власності', 0, 1, NULL, NULL),
(1202, 'Звітність підприємства', 0, 1, NULL, NULL),
(912, 'Зварювальні джерела живлення', 0, 1, NULL, NULL),
(401, 'Зварювальні роботи у будівництві', 0, 1, NULL, NULL),
(936, 'Зварювальні роботи, РТК і ГВС', 0, 1, NULL, NULL),
(1223, 'Зварювання і обробка металів різанням', 0, 1, NULL, NULL),
(416134, 'Зварювання неметалевих матеріалів', 0, 1, NULL, NULL),
(426, 'Зварювання плавленням', 0, 1, NULL, NULL),
(261915, 'Зварювання пластмас', 0, 1, NULL, NULL),
(385544, 'Зварювання спеціальних сталей', 0, 1, NULL, NULL),
(495, 'Зварювання та склеювання пластмас', 0, 1, NULL, NULL),
(771, 'Зварювання тиском', 0, 1, NULL, NULL),
(1739, 'Зварювання тиском в машинобудуванні та електроніці', 0, 1, NULL, NULL),
(411276, 'Зварювання тканин', 0, 1, NULL, NULL),
(1361, 'Зварювання у будівництві', 0, 1, NULL, NULL),
(769, 'Здатність дозварювання металів та сплавів', 0, 1, NULL, NULL),
(822, 'Зміцнювальні технології', 0, 1, NULL, NULL),
(386502, 'Зміцнювальні технології верстато-інструментального виробництва', 0, 1, NULL, NULL),
(303133, 'Зміцнювальні технології обробки матеріалів', 0, 1, NULL, NULL),
(1635, 'Зміцнюючі технології верстатоінструментального виробництва', 0, 1, NULL, NULL),
(374526, 'Зміцнюючі технології обробки деталей', 0, 1, NULL, NULL),
(296, 'Зміцнюючі технології у інструментальному виробництву', 0, 1, NULL, NULL),
(274421, 'Зовнішньо торгівельні операціїї транспортних та логістичних організацій', 0, 1, NULL, NULL),
(715, 'Зовнішньоекономічна діяльність підприємств', 0, 1, NULL, NULL),
(1109, 'Зовнішньоторговельні документи', 0, 1, NULL, NULL),
(1139, 'Зовнішньоторговельні транспортні операції', 0, 1, NULL, NULL),
(740, 'Зовнішньоторговельні угоди', 0, 1, NULL, NULL),
(2014, 'Зол. устр. та констр. об. АКТ', 0, 1, NULL, NULL),
(374717, 'Кібернетична безпека', 0, 1, NULL, NULL),
(8104, 'Кількість виданих монографій', 0, 1, '2(Копія 4)', NULL),
(8105, 'Кількість виданих підручників з гріфом МОН', 0, 1, '3(Копія 3)', NULL),
(8106, 'Кількість виданих посібників з гріфом МОН', 0, 1, '4(Копія 4)', NULL),
(375663, 'Кількість додаткових балів', 0, 1, NULL, NULL),
(8103, 'Кількість метод посібників', 0, 1, NULL, NULL),
(5500, 'Кількість пропущених годин', 0, 1, NULL, NULL),
(8101, 'Кількість ставок за наказом', 0, 1, '1(Копія 1)', NULL),
(405109, 'КНДРС', 0, 1, NULL, NULL),
(1971, 'Кадрове діловодство', 0, 1, NULL, NULL),
(749, 'Кадровий менеджмент', 0, 1, NULL, NULL),
(341066, 'Казначейська справа', 0, 1, NULL, NULL),
(1503, 'Кваліфікаційна робота', 0, 1, NULL, NULL),
(-273897, 'Кваліфікаційна робота спеціаліста', 3, 1, NULL, NULL),
(4183, 'Керівник організації', 0, 1, NULL, NULL),
(8009, 'Керівництво НДРС', 0, 1, '91(Копія 4)', NULL),
(8001, 'Керівництво практикою', 0, 1, '92(Копія 4)', NULL),
(8067, 'Керівництво студентським науковим гуртком', 0, 1, '7(Копія 2)', NULL),
(820, 'Керамічні та склокерамічні матеріали в техниці', 0, 1, NULL, NULL),
(1230, 'Керування іноваціями', 0, 1, NULL, NULL),
(1231, 'Керування витратами', 0, 1, NULL, NULL),
(1008, 'Керування роботою залізничного транспорту', 0, 1, NULL, NULL),
(7237, 'Керування фінансовими ризиками', 0, 1, NULL, NULL),
(7238, 'Керування фінансовою санацією підприємств', 0, 1, NULL, NULL),
(224360, 'Керування якістю і сертифікація програмних продуктів та інформаційних систем', 0, 1, NULL, NULL),
(195, 'Керування якістю продукції металургійного виробництва', 0, 1, NULL, NULL),
(274416, 'Клієнт-менеджмент та управління продажами', 0, 1, NULL, NULL),
(1907, 'Ковальсько - штампувальне виробництво', 0, 1, NULL, NULL),
(1919, 'Ковальсько-штампувальне обладнання', 0, 1, NULL, NULL),
(369798, 'Колія та колійне господарство', 0, 1, NULL, NULL),
(1625, 'Коливальні процеси у верстатах', 0, 1, NULL, NULL),
(813, 'Кольорові метали та сплави', 0, 1, NULL, NULL),
(165, 'Кольорова металургія', 0, 1, NULL, NULL),
(313860, 'Комбіновані системи з поновлюваними джерелами енергії', 0, 1, NULL, NULL),
(375986, 'Комерціалізація інтелектуально-інноваційних технологій', 0, 1, NULL, NULL),
(1690, 'Комерційна діяльність посередницьких організацій', 0, 1, NULL, NULL),
(733, 'Комерційна діяльність посередницьких підприємств', 0, 1, NULL, NULL),
(229256, 'Комерційна робота на автотранспорті', 0, 1, NULL, NULL),
(262, 'Комерційна робота на транспорті', 0, 1, NULL, NULL),
(5047, 'Комерційна та вантажна робота на транспорті', 0, 1, NULL, NULL),
(1098, 'Комерційне обслуговування міжнародних перевезень', 0, 1, NULL, NULL),
(609, 'Комп\'ютерні мережі та системи', 0, 1, NULL, NULL),
(302942, 'Комп\'ютерні методи дослідження операцій', 0, 1, NULL, NULL),
(1617, 'Комп\'ютерні розробки ливарних процесів', 0, 1, NULL, NULL),
(7169, 'Комп\'ютерні розробки технічних процесів', 0, 1, NULL, NULL),
(206, 'Комп\'ютерні розробки технологічних процесів ливарного виробництва', 0, 1, NULL, NULL),
(1466, 'Комп\'ютерні та інформаційні технології та мережі', 0, 1, NULL, NULL),
(308, 'Комп\'ютерні технології', 0, 1, NULL, NULL),
(302940, 'Комп\'ютерна алгебра', 0, 1, NULL, NULL),
(302941, 'Комп\'ютерна дискретна математика', 0, 1, NULL, NULL),
(4066, 'Комп\'ютерна практика', 0, 1, NULL, NULL),
(1128, 'Комп\'ютерне забезпечення металургійних процесів', 0, 1, NULL, NULL),
(489, 'Комп\'ютерне керування зварювальними установками', 0, 1, NULL, NULL),
(411270, 'Комп\'ютерне моделювання імплантів', 0, 1, NULL, NULL),
(1434, 'Комп\'ютерне моделювання при проведенні наукових досліджень', 0, 1, NULL, NULL),
(1339, 'Комп\'ютерно-інтегровані технології', 0, 1, NULL, NULL),
(369802, 'Комп’ютеризація зварювального виробництва', 0, 1, NULL, NULL),
(1114, 'Комп’ютеризація розробки технологічних процесів ливарного виробництва', 0, 1, NULL, NULL),
(305186, 'Комп’ютеризація технологічних процесів ливарного виробництва', 0, 1, NULL, NULL),
(4055, 'Комп’ютерні мережі', 0, 1, NULL, NULL),
(335572, 'Комп’ютерні мережі – 2', 0, 1, NULL, NULL),
(551, 'Комп’ютерні мережі систем автоматизації', 0, 1, NULL, NULL),
(7187, 'Комп’ютерні мережі та протоколи систем автоматизації', 0, 1, NULL, NULL),
(1874, 'Комп’ютерні мережі та телекомунікації', 0, 1, NULL, NULL),
(305184, 'Комп’ютерні методи розрахунків параметрів технологічних процесів', 0, 1, NULL, NULL),
(390208, 'Комп’ютерні та математичні методи теорії прийняття рішення', 0, 1, NULL, NULL),
(303273, 'Комп’ютерні технології в науці і виробництві', 0, 1, NULL, NULL),
(301596, 'Комп’ютерні технології верстато-інструментального виробництва', 0, 1, NULL, NULL),
(3972, 'Комп’ютерні технології та програмування', 0, 1, NULL, NULL),
(304250, 'Комп’ютерні технології та програмування (додаткові розділи)', 0, 1, NULL, NULL),
(1199, 'Комп’ютерні технології у банку', 0, 1, NULL, NULL),
(1486, 'Комп’ютерні технології у верстатобудуванні', 0, 1, NULL, NULL),
(53, 'Комп’ютерна графіка', 0, 1, NULL, NULL),
(335573, 'Комп’ютерна графіка для веб', 0, 1, NULL, NULL),
(248245, 'Комп’ютерна практика', 1, 1, NULL, NULL),
(224304, 'Комп’ютерна схемотехніка та архітектура комп’ютерів', 0, 1, NULL, NULL),
(1326, 'Комп’ютерна техніка та організація обчислювальних робіт', 0, 1, NULL, NULL),
(365, 'Комп’ютерна техніка та програмування', 0, 1, NULL, NULL),
(354387, 'Комп’ютерне забезпечення процесів зварювання та наплавлення', 0, 1, NULL, NULL),
(262025, 'Комп’ютерне забезпечення процесів наплавлення та напилення', 0, 1, NULL, NULL),
(335577, 'Комп’ютерне моделювання', 0, 1, NULL, NULL),
(390209, 'Комп’ютерне моделювання систем масового обслуговування', 0, 1, NULL, NULL),
(1696, 'Комп’ютерне моделювання фізичних процесів', 0, 1, NULL, NULL),
(354976, 'Комп’ютерне проектування інноваційних технологій зварювання та споріднених процесів', 0, 1, NULL, NULL),
(304255, 'Комп’ютерне проектування за фахом та документування проектів', 0, 1, NULL, NULL),
(390055, 'Комп’ютерне проектування технологій зварювання та споріднених процесів', 0, 1, NULL, NULL),
(6069, 'Комп’ютерний аудит', 0, 1, NULL, NULL),
(335576, 'Комп’ютерний дизайн', 0, 1, NULL, NULL),
(374660, 'Комп’ютерний дизайн матеріалів', 0, 1, NULL, NULL),
(4386, 'Комп’ютерно-інтегровані технологічні процеси та виробництва', 0, 1, NULL, NULL),
(399842, 'Комплексні системи автоматизації та бронювання в туризмі', 0, 1, NULL, NULL),
(390213, 'Комплексна курсова робота', 0, 1, NULL, NULL),
(371, 'Комплексна механізація і автоматизація ВРТСР', 0, 1, NULL, NULL),
(386503, 'Комплексна механізація і автоматизація вантажно-розвантажувальних, транспортних і складських робіт', 0, 1, NULL, NULL),
(390177, 'Комплексна механізація складально-зварювального оснащення', 0, 1, NULL, NULL),
(918, 'Комплексна механізація та автоматизація навантажувально - розвантажувальних та складів', 0, 1, NULL, NULL),
(7131, 'Комплексна практика з фаху', 0, 1, NULL, NULL),
(223375, 'Комплексна практика з фаху', 1, 1, NULL, NULL),
(332, 'Комплексна стандартизація в конструюванні ММА', 0, 1, NULL, NULL),
(7133, 'Комплексний державний іспит', 4, 1, NULL, NULL),
(3008, 'Комплексний державний іспит з педагогіки, психології і методики професійного навчання', 4, 1, NULL, NULL),
(3009, 'Комплексний державний іспит з професійної підготовки', 4, 1, NULL, NULL),
(3007, 'Комплексний державний іспит з психолого-економічної підготовки', 4, 1, NULL, NULL),
(3006, 'Комплексний державний іспит з спеціальності', 4, 1, NULL, NULL),
(3002, 'Комплексний державний іспит зі спеціальних дисциплін', 4, 1, NULL, NULL),
(8107, 'Комплексний державний іспит за профілем підготовки', 4, 1, NULL, NULL),
(1559, 'Комплексний державний іспит за фахом', 4, 1, NULL, NULL),
(-296569, 'Комплексний державний екзамен з дисциплін психолого-педагогічного циклу', 4, 1, NULL, NULL),
(3003, 'Комплексний державний екзамен за освітньою програмою бакалавра', 4, 1, NULL, NULL),
(6533, 'Комплексний курсовий проект', 0, 1, NULL, NULL),
(7064, 'Комплексний спецкурс по виробництву чавуну, сталі та ОМТ', 0, 1, NULL, NULL),
(374518, 'Композиція', 0, 1, NULL, NULL),
(6076, 'Комунікативні процеси в навчанні', 0, 1, NULL, NULL),
(7122, 'Комунікативні стратегії', 0, 1, NULL, NULL),
(1836, 'Комунікаційні процеси навчання', 0, 1, NULL, NULL),
(7083, 'Комунікаційна політика підприємства', 0, 1, NULL, NULL),
(753, 'Комунікаційний дізайн', 0, 1, NULL, NULL),
(375987, 'Кон’юнктурні дослідження', 0, 1, NULL, NULL),
(7059, 'Конвертерні процеси', 0, 1, NULL, NULL),
(7066, 'Конкретні запитання економіки, планування і організації управління виробництва в спеціальних умовах', 0, 1, NULL, NULL),
(1755, 'Конкурентне право', 0, 1, NULL, NULL),
(302096, 'Конкурентоспроможність підприємства', 0, 1, NULL, NULL),
(3744, 'Конкурентоспроможність та правова охорона результатів досліджень', 0, 1, NULL, NULL),
(724, 'Конкуренція і купівельні сопромежності', 0, 1, NULL, NULL),
(302256, 'Консолідація фінансової звітності', 0, 1, NULL, NULL),
(837, 'Конституція України', 0, 1, NULL, NULL),
(1568, 'Конструкторська практика', 1, 1, NULL, NULL),
(6013, 'Конструкторсько-технологічна практика', 1, 1, NULL, NULL),
(3595, 'Конструкторсько-технологічна практика', 0, 1, NULL, NULL),
(849, 'Конструкції з дерева та пластмаси', 0, 1, NULL, NULL),
(1547, 'Конструкції та проектування електричних печей', 0, 1, NULL, NULL),
(258832, 'Конструкції технологічних агрегатів за фахом', 0, 1, NULL, NULL),
(1423, 'Конструкційні матеріали в машинобудуванні', 0, 1, NULL, NULL),
(804, 'Конструкційні та інструментальні матеріали', 0, 1, NULL, NULL),
(161, 'Конструкція і обладнання металургійних агрегатів', 0, 1, NULL, NULL),
(188, 'Конструкція та обладнання доменної печі', 0, 1, NULL, NULL),
(7057, 'Конструкція та проектування агрегатів', 0, 1, NULL, NULL),
(385546, 'Конструювання і розрахунок зварних пристосувань', 0, 1, NULL, NULL),
(320157, 'Конструювання апаратів і машин', 0, 1, NULL, NULL),
(1634, 'Конструювання верстатного приладдя', 0, 1, NULL, NULL),
(483, 'Конструювання вузлів та агрегатів зварювальних установок', 0, 1, NULL, NULL),
(331925, 'Конструювання програмного забезпечення', 0, 1, NULL, NULL),
(903, 'Конструювання та розрахунок верстатів', 0, 1, NULL, NULL),
(3587, 'Конструювання, розрахунок та САПР верстатів і версатних комплексів', 0, 1, NULL, NULL),
(1610, 'Консультація з дипломів', 3, 1, NULL, NULL),
(6527, 'Контейнерні системи', 0, 1, NULL, NULL),
(1876, 'Контролінг', 0, 1, NULL, NULL),
(274415, 'Контроллінг логістичних і транспортних систем', 0, 1, NULL, NULL),
(886, 'Контроль і ревізія', 0, 1, NULL, NULL),
(5095, 'Контроль якості', 0, 1, NULL, NULL),
(258449, 'Контроль якості виливків', 0, 1, NULL, NULL),
(481, 'Контроль якості зварних конструкцій', 0, 1, NULL, NULL),
(435, 'Контроль якості зварювання', 0, 1, NULL, NULL),
(354300, 'Контроль якості зварювання та покриття', 0, 1, NULL, NULL),
(464, 'Контроль якості покриття', 0, 1, NULL, NULL),
(1600, 'Контроль якості продукції', 0, 1, NULL, NULL),
(4187, 'Контроль якості та випробування продукції', 0, 1, NULL, NULL),
(1856, 'Конфліктологія', 0, 1, NULL, NULL),
(1757, 'Концептуальна інформатика та інформаційні технології', 0, 1, NULL, NULL),
(1264, 'Концепції професійної діяльності', 0, 1, NULL, NULL),
(1249, 'Концепції сучасного природознавства', 0, 1, NULL, NULL),
(7089, 'Концепції сучасного природокористування', 0, 1, NULL, NULL),
(5561, 'Концертмейстерське виконавство', 0, 1, NULL, NULL),
(783, 'Корозійна стійкість зварних з’єднань та конструкцій', 0, 1, NULL, NULL),
(390054, 'Корозійна стійкість наплавленого шару і зварних з’єднань', 0, 1, NULL, NULL),
(1736, 'Корозія зварних конструкцій', 0, 1, NULL, NULL),
(1112, 'Корозія металів та захист від неї', 0, 1, NULL, NULL),
(182, 'Корозія та захист матеріалів', 0, 1, NULL, NULL),
(169, 'Корозія та захист металів', 0, 1, NULL, NULL),
(303371, 'Корпоративні інформаційні системи', 0, 1, NULL, NULL),
(1881, 'Корпоративне управління', 0, 1, NULL, NULL),
(274409, 'Корпоративний менеджмент', 0, 1, NULL, NULL),
(503, 'Котельні установки промпідприємств', 0, 1, NULL, NULL),
(92, 'Країнознавство', 0, 1, NULL, NULL),
(3955, 'Креативний менеджмент', 0, 1, NULL, NULL),
(302238, 'Кредитний менеджмент', 0, 1, NULL, NULL),
(1196, 'Кредитування і контроль', 0, 1, NULL, NULL),
(374721, 'Криптографія', 0, 1, NULL, NULL),
(6510, 'Кристалографія', 0, 1, NULL, NULL),
(163, 'Кристалографія та мінералогія', 0, 1, NULL, NULL),
(790, 'Кристалографія, кристалохімія та мінералогія', 0, 1, NULL, NULL),
(335584, 'Крос-платформене програмування на Java', 0, 1, NULL, NULL),
(224295, 'Крос-платформенне програмування', 0, 1, NULL, NULL),
(1175, 'Культура греків Приазов\'я', 0, 1, NULL, NULL),
(68, 'Культура спілкування', 0, 1, NULL, NULL),
(75, 'Культурологія', 0, 1, NULL, NULL),
(8006, 'Курсові проекти (роботи)', 0, 1, '6(Копія 2)', NULL),
(6558, 'Курсова науково-дослідна робота', 0, 1, NULL, NULL),
(1913, 'Курсова науково-дослідна робота (КНДР)', 0, 1, NULL, NULL),
(1680, 'Курсова робота', 0, 1, NULL, NULL),
(1097, 'Курсове проектування', 0, 1, NULL, NULL),
(1687, 'Курсовий проект', 0, 1, NULL, NULL),
(344791, 'Лідерство та партнерство у бізнесі', 0, 1, NULL, NULL),
(261537, 'Лікувальна техніка', 0, 1, NULL, NULL),
(1320, 'Лінійна алгебра і аналітична геометрія', 0, 1, NULL, NULL),
(1524, 'Лінгвокраїнознавство', 0, 1, NULL, NULL),
(1397, 'Лінгвокраїнознавство Польщі', 0, 1, NULL, NULL),
(1390, 'Лінгвокраїнознавство Росії', 0, 1, NULL, NULL),
(333324, 'Лінгвокраїнознавство англомовних країн', 0, 1, NULL, NULL),
(1024, 'Лінгвокраїнознавство основної мови', 0, 1, NULL, NULL),
(202, 'Літниково - забезпечувальні системи', 0, 1, NULL, NULL),
(408159, 'Ліцензування і сертифікація на автомобільному транспорті', 0, 1, NULL, NULL),
(8003, 'Лабораторні заняття', 0, 1, '3(Копія 2)', NULL),
(261535, 'Лабораторна аналітична техніка', 0, 1, NULL, NULL),
(824, 'Лакофарбувальні та плівкоутворюючі матеріали', 0, 1, NULL, NULL),
(79, 'Латинська мова', 0, 1, NULL, NULL),
(1030, 'Лексикографія', 0, 1, NULL, NULL),
(89, 'Лексикологія', 0, 1, NULL, NULL),
(1444, 'Лекторська практика', 0, 1, NULL, NULL),
(1495, 'Лекціі до бакалаврського іспиту', 0, 1, NULL, NULL),
(8002, 'Лекції', 0, 1, '2(Копія 1)', NULL),
(258447, 'Ливарна гідравліка', 0, 1, NULL, NULL),
(196, 'Ливарне виробництво', 0, 1, NULL, NULL),
(1586, 'Ливарне виробництво зі специфікою печей', 0, 1, NULL, NULL),
(385525, 'Ливарне виробництво та металургія кольорових металів', 0, 1, NULL, NULL),
(7325, 'Ливарно-прокатні модулі', 0, 1, NULL, NULL),
(1115, 'Ливниково-живильні системи', 0, 1, NULL, NULL),
(645, 'Лиття, зварювання та обробка металів різанням', 0, 1, NULL, NULL),
(977, 'Логіка', 0, 1, NULL, NULL),
(302218, 'Логіка та етика професійних суджень у маркетингу', 0, 1, NULL, NULL),
(224, 'Логістика', 0, 1, NULL, NULL),
(3950, 'Логістика автомобільного транспорту', 0, 1, NULL, NULL),
(274399, 'Логістика виробництва', 0, 1, NULL, NULL),
(5051, 'Логістика підприємств', 0, 1, NULL, NULL),
(274401, 'Логістика постачання та розподілу', 0, 1, NULL, NULL),
(341062, 'Логістика постачання та управління ланцюгами постачань', 0, 1, NULL, NULL),
(1176, 'Логістика товароруху', 0, 1, NULL, NULL),
(375019, 'Логістичні проекти та методи їх оптимізації', 0, 1, NULL, NULL),
(344, 'Логістичні системи міжнародних перевезень', 0, 1, NULL, NULL),
(342, 'Логістичні системи промислового транспорту', 0, 1, NULL, NULL),
(1013, 'Логістичні системи транспорту підприємств', 0, 1, NULL, NULL),
(5068, 'Логістичні технології виробничо-транспортних комплектів підприємств', 0, 1, NULL, NULL),
(6517, 'Логістичні центри', 0, 1, NULL, NULL),
(7191, 'Логістичні центри і склади', 0, 1, NULL, NULL),
(375020, 'Логістичне забезпечення конкурентноспроможності бізнесу', 0, 1, NULL, NULL),
(6518, 'Логістичне управління міжнародними перевезеннями', 0, 1, NULL, NULL),
(302201, 'Логістичний менеджмент', 0, 1, NULL, NULL),
(375011, 'Логістичний менеджмент та адміністрування', 0, 1, NULL, NULL),
(45, 'Логічне проектування та моделювання цифрових пристроїв', 0, 1, NULL, NULL),
(341693, 'Людино-машинна взаємодія', 0, 1, NULL, NULL),
(331921, 'Людино-машинний інтерфейс', 0, 1, NULL, NULL),
(304008, 'Міждисциплінарна курсова робота', 0, 1, NULL, NULL),
(273878, 'Міжкультурні комунікації', 0, 1, NULL, NULL),
(336745, 'Міжкультурні комунікації в туризмі', 0, 1, NULL, NULL),
(388483, 'Міжкультурні комунікації та спортивний туризм', 0, 1, NULL, NULL),
(262219, 'Міжкультурна комунікація', 0, 1, NULL, NULL),
(4213, 'Міжмовна та міжкультурна комунікація', 0, 1, NULL, NULL),
(7313, 'Міжнародні автотранспортні організації і митні операції', 0, 1, NULL, NULL),
(1901, 'Міжнародні економічні відносини', 0, 1, NULL, NULL),
(6524, 'Міжнародні з\'вязки та транспортні операції', 0, 1, NULL, NULL),
(1816, 'Міжнародні розрахунки і валютні операції', 0, 1, NULL, NULL),
(407665, 'Міжнародні стандарти аудиту', 0, 1, NULL, NULL),
(1106, 'Міжнародні транспортні коридори та магістралі', 0, 1, NULL, NULL),
(927, 'Міжнародні транспортні організації та транспортне право', 0, 1, NULL, NULL),
(1166, 'Міжнародні фінанси', 0, 1, NULL, NULL),
(1146, 'Міжнародні фінанси та грошово - кредитні системи зарубіжних країн', 0, 1, NULL, NULL),
(239, 'Міжнародна економіка', 0, 1, NULL, NULL),
(414666, 'Міжнародна торгівля', 0, 1, NULL, NULL),
(375010, 'Міжнародне приватне право', 0, 1, NULL, NULL),
(236920, 'Міжнародний досвід організації соціальної роботи', 0, 1, NULL, NULL),
(738, 'Міжнародний маркетинг', 0, 1, NULL, NULL),
(1986, 'Міжнародний менеджмент', 0, 1, NULL, NULL),
(234, 'Мікроекономіка', 0, 1, NULL, NULL),
(262224, 'Мікроекономіка і макроекономіка', 0, 1, NULL, NULL),
(618, 'Металознавство і термічна обробка', 0, 1, NULL, NULL),
(408, 'Металознавство і термічна обробка зварних з’єднань', 0, 1, NULL, NULL),
(411277, 'Мікроконтролери', 0, 1, NULL, NULL),
(533, 'Мікропроцесорні засоби і системи', 0, 1, NULL, NULL),
(44, 'Мікропроцесорні прилади та системи', 0, 1, NULL, NULL),
(6532, 'Мікропроцесорні пристрої', 0, 1, NULL, NULL),
(1338, 'Мікропроцесорні та програмні засоби автоматизації', 0, 1, NULL, NULL),
(1071, 'Мікропроцесорна техніка', 0, 1, NULL, NULL),
(280, 'Мікропроцесорне керівництво технологічними системами', 0, 1, NULL, NULL),
(1469, 'Мікропроцессорні прилади та системи', 0, 1, NULL, NULL),
(802, 'Мінерали в техніці', 0, 1, NULL, NULL),
(1821, 'Місцеві фінанси', 0, 1, NULL, NULL),
(224286, 'Міська логістика', 0, 1, NULL, NULL),
(4346, 'Магістерська (переддипломна) практика', 1, 1, NULL, NULL),
(4033, 'Магістерська випускна робота', 0, 1, NULL, NULL),
(1985, 'Магістерська науково-дослідна робота', 0, 1, NULL, NULL),
(3996, 'Магістерська переддипломна практика', 1, 1, NULL, NULL),
(273989, 'Магістерська практика', 1, 1, NULL, NULL),
(1862, 'Магістерська робота', 3, 1, NULL, NULL),
(3946, 'Магістерська робота (вибіркова частина)', 0, 1, NULL, NULL),
(4325, 'Магістерська робота (виконання та захист)', 7, 1, NULL, NULL),
(3945, 'Магістерська робота (нормативна частина)', 0, 1, NULL, NULL),
(7872, 'Магістерське стажування', 1, 1, NULL, NULL),
(4197, 'Магнітні та електротехнічні порошкові матеріали', 0, 1, NULL, NULL),
(4215, 'Майстерність перекладу та теорія інтерпретації прозових та поетичних творів', 0, 1, NULL, NULL),
(233, 'Макроекономіка', 0, 1, NULL, NULL),
(719, 'Маркетинг', 0, 1, NULL, NULL),
(336705, 'Маркетинг (Маркетинг у туризмі)', 0, 1, NULL, NULL),
(336704, 'Маркетинг (Маркетинг)', 0, 1, NULL, NULL),
(708, 'Маркетинг і внутрішньо-фірмовий менеджмент', 0, 1, NULL, NULL),
(3956, 'Маркетинг інновацій', 0, 1, NULL, NULL),
(1750, 'Маркетинг інтелектуальної власності', 0, 1, NULL, NULL),
(755, 'Маркетинг інтелектуальної праці', 0, 1, NULL, NULL),
(1197, 'Маркетинг в банку', 0, 1, NULL, NULL),
(302216, 'Маркетинг відносин', 0, 1, NULL, NULL),
(744, 'Маркетинг виробничої сфери', 0, 1, NULL, NULL),
(754, 'Маркетинг невиробничої сфери', 0, 1, NULL, NULL),
(1246, 'Маркетинг невиробничої сфери і інтелектуальної праці', 0, 1, NULL, NULL),
(1691, 'Маркетинг організацій', 0, 1, NULL, NULL),
(309463, 'Маркетинг персоналу', 0, 1, NULL, NULL),
(1988, 'Маркетинг послуг', 0, 1, NULL, NULL),
(1253, 'Маркетинг промислових підприємств', 0, 1, NULL, NULL),
(252188, 'Маркетинг промислового підприємства', 0, 1, NULL, NULL),
(1960, 'Маркетинг спорту', 0, 1, NULL, NULL),
(1899, 'Маркетинг театрально - концертної діяльності', 0, 1, NULL, NULL),
(344787, 'Маркетинг територій', 0, 1, NULL, NULL),
(-336755, 'Маркетинг у туризмі', 4, 1, NULL, NULL),
(757, 'Маркетингові дослідження', 0, 1, NULL, NULL),
(313859, 'Маркетингові дослідження в енергетиці', 0, 1, NULL, NULL),
(252189, 'Маркетингові комунікації', 0, 1, NULL, NULL),
(1237, 'Маркетингова політика комунікацій', 0, 1, NULL, NULL),
(1241, 'Маркетингова політика розподілення', 0, 1, NULL, NULL),
(1236, 'Маркетингова товарна політика', 0, 1, NULL, NULL),
(1238, 'Маркетингова цінова політика', 0, 1, NULL, NULL),
(252190, 'Маркетингове ціноутворення', 0, 1, NULL, NULL),
(254187, 'Маркетинговий аналіз', 0, 1, NULL, NULL),
(759, 'Маркетинговий аналіз і моделювання ризику з використанням ПЕОМ', 0, 1, NULL, NULL),
(731, 'Маркетинговий менеджмент', 0, 1, NULL, NULL),
(1801, 'Маркетинговий практикум з комп\'ютерним тренінгом', 0, 1, NULL, NULL),
(6537, 'Марксистсько-ленинська філософія', 0, 1, NULL, NULL),
(7060, 'Мартеновський процес', 0, 1, NULL, NULL),
(105, 'Масова музична культура', 0, 1, NULL, NULL),
(261897, 'Математика', 0, 1, NULL, NULL),
(224240, 'Математика (вступ до вищої математики)', 0, 1, NULL, NULL),
(1178, 'Математика для економістів', 0, 1, NULL, NULL),
(4300, 'Математика для економістів (загальний курс)', 0, 1, NULL, NULL),
(3993, 'Математика для економістів: вища математика', 0, 1, NULL, NULL),
(3994, 'Математика для економістів: теорія ймовірностей та математична статистика', 0, 1, NULL, NULL),
(638, 'Математика планування наукових досліджень', 0, 1, NULL, NULL),
(591, 'Математичні задачі електроенергетики', 0, 1, NULL, NULL),
(572, 'Математичні задачі енергетики', 0, 1, NULL, NULL),
(224291, 'Математичні методи дослідження операцій', 0, 1, NULL, NULL),
(1307, 'Математичні методи досліджень технологічних процесів виробництва сталі', 0, 1, NULL, NULL),
(1355, 'Математичні методи досліджень фізико-хімічних систем та процесів', 0, 1, NULL, NULL),
(305818, 'Математичні методи наукових досліджень у металургії', 0, 1, NULL, NULL),
(1698, 'Математичні методи оптимізаціі', 0, 1, NULL, NULL),
(1950, 'Математичні методи оптимізації', 0, 1, NULL, NULL),
(1675, 'Математичні методи оптимізації енергетичних систем', 0, 1, NULL, NULL),
(339615, 'Математичні методи оптимізації процесів та систем', 0, 1, NULL, NULL),
(1867, 'Математичні методи оптимізації теплоенергетичних систем', 0, 1, NULL, NULL),
(1085, 'Математичні методи та моделі', 0, 1, NULL, NULL),
(478, 'Математичні методи та моделі теплоенергетичних процесів у розрахунку на ЕОМ', 0, 1, NULL, NULL),
(1069, 'Математичні методи та моделі у розрахунках на ЕОМ', 0, 1, NULL, NULL),
(303369, 'Математичні методи теорії прийняття рішень', 0, 1, NULL, NULL),
(55, 'Математичні моделі інформаційних струмів', 0, 1, NULL, NULL),
(345, 'Математичні моделі в розрахунках на ЕОМ', 0, 1, NULL, NULL),
(335349, 'Математичні основи автоматизації', 0, 1, NULL, NULL),
(527, 'Математичні основи автоматики', 0, 1, NULL, NULL),
(304254, 'Математичні та фізико-хімічні методи досліджень технологічних та металургійних процесів виробництва сталі', 0, 1, NULL, NULL),
(390210, 'Математичні та чисельні методи в гідродинаміці', 0, 1, NULL, NULL),
(60, 'Математична економіка', 0, 1, NULL, NULL),
(54, 'Математична логіка', 0, 1, NULL, NULL),
(7103, 'Математична логіка та теорія алгоритмів', 0, 1, NULL, NULL),
(3971, 'Математична логіка та теорія множин', 0, 1, NULL, NULL),
(4052, 'Математична статистика', 0, 1, NULL, NULL),
(660, 'Математична статистика у підвищенні якості металопродукції', 0, 1, NULL, NULL),
(356, 'Математична фізика', 0, 1, NULL, NULL),
(7143, 'Математичне забезпечення виробництва чавуну', 0, 1, NULL, NULL),
(1133, 'Математичне забезпечення наукових досліджень у металургії', 0, 1, NULL, NULL),
(3500, 'Математичне моделювання', 0, 1, NULL, NULL),
(7197, 'Математичне моделювання інформаційних струмів', 0, 1, NULL, NULL),
(303334, 'Математичне моделювання в магістерській роботі', 0, 1, NULL, NULL),
(3970, 'Математичне моделювання економічних процесів', 0, 1, NULL, NULL),
(388383, 'Математичне моделювання електроенергетичних систем та комплексів', 0, 1, NULL, NULL),
(303363, 'Математичне моделювання електромеханічних та електротехнічних систем', 0, 1, NULL, NULL),
(1327, 'Математичне моделювання на ЕОМ', 0, 1, NULL, NULL),
(7344, 'Математичне моделювання обладнання та процесів ОМТ', 0, 1, NULL, NULL),
(4061, 'Математичне моделювання природничих процесів', 0, 1, NULL, NULL),
(303366, 'Математичне моделювання процесів і систем', 0, 1, NULL, NULL),
(223758, 'Математичне моделювання процесів та електроенергетичних систем', 0, 1, NULL, NULL),
(1949, 'Математичне моделювання систем і процесів', 0, 1, NULL, NULL),
(242, 'Математичне моделювання систем і процесів та методи оптимізації', 0, 1, NULL, NULL),
(1674, 'Математичне моделювання систем електроенергетики', 0, 1, NULL, NULL),
(3991, 'Математичне моделювання систем та процесів і методи їх оптимізації', 0, 1, NULL, NULL),
(3761, 'Математичне моделювання та оптимізація процесів термічної обробки', 0, 1, NULL, NULL),
(7230, 'Математичне моделювання та оптимізація технологічних процесів', 0, 1, NULL, NULL),
(810, 'Математичне моделювання та оптимізація технологічних процесів і матеріалів', 0, 1, NULL, NULL),
(29, 'Математичне моделювання та системний аналіз', 0, 1, NULL, NULL),
(1671, 'Математичне моделювання теплотехнічних систем', 0, 1, NULL, NULL),
(427, 'Математичне моделювання технологічних процесів', 0, 1, NULL, NULL),
(8097, 'Математичне моделювання технологічних процесів електромеханічних систем', 0, 1, NULL, NULL),
(3590, 'Математичне моделювання, дослідження і випробування верстатів та верстатних комплексів', 0, 1, NULL, NULL),
(1229, 'Математичне планування і обробка висновків наукових дослідженях з ПЕОМ', 0, 1, NULL, NULL),
(793, 'Математичне планування наукових досліджень', 0, 1, NULL, NULL),
(1169, 'Математичне планування та обробка висновків в наукових дослідженнях з ПЕОМ', 0, 1, NULL, NULL),
(613, 'Математичне програмування', 0, 1, NULL, NULL),
(15, 'Математичний аналіз', 0, 1, NULL, NULL),
(4064, 'Математичний аналіз (додаткові розділи)', 0, 1, NULL, NULL),
(4239, 'Математичний менеджмент', 0, 1, NULL, NULL),
(293561, 'Матеріали для використання на транспорті', 0, 1, NULL, NULL),
(4198, 'Матеріали для нанесення покриттів', 0, 1, NULL, NULL),
(459, 'Матеріали для напилення та наплавлення', 0, 1, NULL, NULL),
(1603, 'Матеріали з надвластивостями', 0, 1, NULL, NULL),
(374665, 'Матеріали з поновлювальних ресурсів', 0, 1, NULL, NULL),
(303131, 'Матеріали з поновлюваних джерел', 0, 1, NULL, NULL),
(4200, 'Матеріали спеціального призначення', 0, 1, NULL, NULL),
(654, 'Матеріали та енергозаощаджені технології виробництва прокату', 0, 1, NULL, NULL),
(770, 'Матеріали та технічні засоби підвищення зносостійкості деталей', 0, 1, NULL, NULL),
(1451, 'Матеріало - та енергозаощаджені технологіх прокатного виробництва', 0, 1, NULL, NULL),
(788, 'Матеріалознавство', 0, 1, NULL, NULL);
INSERT INTO `disciplines` (`id`, `discipline_name`, `discipline_type_id`, `is_used`, `discipline_short_name`, `discipline_name_default`) VALUES
(1341, 'Матеріалознавство і обробка металів', 0, 1, NULL, NULL),
(261554, 'Матеріалознавство та біосумісні матеріали', 0, 1, NULL, NULL),
(369833, 'Матеріалознавство та конструкційні матеріали', 0, 1, NULL, NULL),
(304212, 'Матеріалознавство та обробка металів', 0, 1, NULL, NULL),
(789, 'Матеріалознавство та технологія матеріалів', 0, 1, NULL, NULL),
(730, 'Матеріально - технічне постачання та збут', 0, 1, NULL, NULL),
(7092, 'Матеріально-технічне постачання', 0, 1, NULL, NULL),
(1270, 'Матеріально-технічне постачання підприємств', 0, 1, NULL, NULL),
(379, 'Машини безперервного транспорту', 0, 1, NULL, NULL),
(5106, 'Машини для виробництва будівельних матеріалів', 0, 1, NULL, NULL),
(5105, 'Машини для земляних робіт', 0, 1, NULL, NULL),
(1298, 'Машини та установки для зварювання плавленням', 0, 1, NULL, NULL),
(1611, 'Машини та установки для зварювання тиском', 0, 1, NULL, NULL),
(416212, 'Машинне навчання', 0, 1, NULL, NULL),
(302220, 'Медіапланування', 0, 1, NULL, NULL),
(5025, 'Медико-соціальні основи здоров’я', 0, 1, NULL, NULL),
(261549, 'Медична інформатика', 0, 1, NULL, NULL),
(261540, 'Медична термінологія та латинська мова', 0, 1, NULL, NULL),
(1587, 'Меиалографія кольорових металів та ливарні вироби', 0, 1, NULL, NULL),
(750, 'Менеджерський аналіз і моделювання виробничої ситуації з застосуванням ПЕОМ', 0, 1, NULL, NULL),
(727, 'Менеджменські системи комунікації, інформації та контролю', 0, 1, NULL, NULL),
(718, 'Менеджмент', 0, 1, NULL, NULL),
(336738, 'Менеджмент (Комунікаційний менеджмент)', 0, 1, NULL, NULL),
(336739, 'Менеджмент (Менеджмент організацій)', 0, 1, NULL, NULL),
(336737, 'Менеджмент (Менеджмент у туризмі)', 0, 1, NULL, NULL),
(341067, 'Менеджмент і адміністрування', 0, 1, NULL, NULL),
(408154, 'Менеджмент і маркетинг в автосервісі', 0, 1, NULL, NULL),
(607, 'Менеджмент в енергетиці', 0, 1, NULL, NULL),
(274403, 'Менеджмент вантажних та пасажирськіх перевезень', 0, 1, NULL, NULL),
(1266, 'Менеджмент зовнішньо - економічної діяльності', 0, 1, NULL, NULL),
(1428, 'Менеджмент наукових досліджень та економіка НДР', 0, 1, NULL, NULL),
(1306, 'Менеджмент наукової діяльності', 0, 1, NULL, NULL),
(1291, 'Менеджмент організацій', 0, 1, NULL, NULL),
(262174, 'Менеджмент організаційних процесів', 0, 1, NULL, NULL),
(7071, 'Менеджмент освітньої діяльності', 0, 1, NULL, NULL),
(274404, 'Менеджмент підприємств автосервісу', 0, 1, NULL, NULL),
(1979, 'Менеджмент персоналу', 0, 1, NULL, NULL),
(1250, 'Менеджмент промислових підприємств', 0, 1, NULL, NULL),
(407750, 'Менеджмент соціальної роботи', 0, 1, NULL, NULL),
(4149, 'Менеджмент соціального забезпечення', 0, 1, NULL, NULL),
(1959, 'Менеджмент спорту і турізму', 0, 1, NULL, NULL),
(258772, 'Менеджмент та організація виробництва', 0, 1, NULL, NULL),
(1898, 'Менеджмент театрально - концертної діяльності', 0, 1, NULL, NULL),
(274405, 'Менеджмент транспортних операцій в ланцюгах постачань', 0, 1, NULL, NULL),
(274414, 'Менеджмент транспортних та логістичних систем', 0, 1, NULL, NULL),
(341063, 'Менеджмент транспортно-логістичної інфраструктури', 0, 1, NULL, NULL),
(-336756, 'Менеджмент у туризмі', 4, 1, NULL, NULL),
(375985, 'Менеджмент якості', 0, 1, NULL, NULL),
(4186, 'Менеджмент якості та елементи системи якості', 0, 1, NULL, NULL),
(36, 'Мережі ЕОМ', 0, 1, NULL, NULL),
(847, 'Металеві конструкції', 0, 1, NULL, NULL),
(224228, 'Метали і зварювання в будівництві', 0, 1, NULL, NULL),
(223586, 'Металографія', 0, 1, NULL, NULL),
(1500, 'Металографія кольорових металів', 0, 1, NULL, NULL),
(1588, 'Металографія кольорових металів та ливарні вироби', 0, 1, NULL, NULL),
(623, 'Металографія чорних та кольорових металів', 0, 1, NULL, NULL),
(619, 'Металознавство', 0, 1, NULL, NULL),
(4037, 'Металознавство кольорових металів та сплавів', 0, 1, NULL, NULL),
(3811, 'Металознавство легованих сталей і сплавів та їх експлуаційні властивості', 0, 1, NULL, NULL),
(7168, 'Металознавтсво та термообробка', 0, 1, NULL, NULL),
(4035, 'Металознавчі аспекти стандартизації, метрології та сертифікації', 0, 1, NULL, NULL),
(314, 'Металообробні верстати', 0, 1, NULL, NULL),
(313, 'Металорізальні верстати', 0, 1, NULL, NULL),
(324, 'Металорізальні верстати інструментального виробництва', 0, 1, NULL, NULL),
(633, 'Металофізика високоміцних матеріалів', 0, 1, NULL, NULL),
(334, 'Металургійні машини й обладнання', 0, 1, NULL, NULL),
(768, 'Металургійні основи зварювання композіційних, різнорідних та багатопрошаркових матеріалів', 0, 1, NULL, NULL),
(468, 'Металургійні печі', 0, 1, NULL, NULL),
(1481, 'Металургійне паливо та відновлювачі', 0, 1, NULL, NULL),
(6542, 'Металургія', 0, 1, NULL, NULL),
(1222, 'Металургія і ливарне виробництво', 0, 1, NULL, NULL),
(1706, 'Металургія кольорових металів', 0, 1, NULL, NULL),
(1456, 'Металургія кольорових металів і ливарні вироби', 0, 1, NULL, NULL),
(140, 'Металургія сталі', 0, 1, NULL, NULL),
(405095, 'Металургія сталі і кольорових металів', 0, 1, NULL, NULL),
(1728, 'Металургія сталі, феросплавів та кольорових сплавів', 0, 1, NULL, NULL),
(183, 'Металургія чавуну', 0, 1, NULL, NULL),
(1455, 'Металургія чавуну та сталі', 0, 1, NULL, NULL),
(1432, 'Метаріали з надвластивостями', 0, 1, NULL, NULL),
(273981, 'Метод скінченних елементів', 0, 1, NULL, NULL),
(4159, 'Методи і організація соціальних досліджень', 0, 1, NULL, NULL),
(1726, 'Методи відновлення поверхні та обробка виробів', 0, 1, NULL, NULL),
(1463, 'Методи відновлення та поверхнева обробка виробів', 0, 1, NULL, NULL),
(558, 'Методи викладання математики та інформатики', 0, 1, NULL, NULL),
(477, 'Методи випробування матеріалів і зварних з’єднань', 0, 1, NULL, NULL),
(422, 'Методи випробування матеріалів та зварних конструкцій', 0, 1, NULL, NULL),
(374718, 'Методи виявлення втручання в інформаційні системи', 0, 1, NULL, NULL),
(367235, 'Методи дослідження процесів', 0, 1, NULL, NULL),
(305838, 'Методи дослідження процесів ОМТ', 0, 1, NULL, NULL),
(223584, 'Методи дослідження фізико-хімічних властивостей матеріалів', 0, 1, NULL, NULL),
(313924, 'Методи енергетичного аналізу в теплотехнологіях', 0, 1, NULL, NULL),
(4058, 'Методи комп’ютерної імітації', 0, 1, NULL, NULL),
(303370, 'Методи комп’ютерної анімації', 0, 1, NULL, NULL),
(313925, 'Методи контролю ефективності енерговикористання', 0, 1, NULL, NULL),
(811, 'Методи локальної поверхневої обробки та відновлення виробів', 0, 1, NULL, NULL),
(5070, 'Методи наукових досліджень', 0, 1, NULL, NULL),
(4084, 'Методи об’єктно-орієнтованого програмування', 0, 1, NULL, NULL),
(303527, 'Методи об’єктно-орієнтованого програмування на Java', 0, 1, NULL, NULL),
(261542, 'Методи обробки біомедичних зображень', 0, 1, NULL, NULL),
(369832, 'Методи обробки біомедичної інформації', 0, 1, NULL, NULL),
(4053, 'Методи обчислень', 0, 1, NULL, NULL),
(4059, 'Методи обчислень у математичній фізиці', 0, 1, NULL, NULL),
(24, 'Методи оптимізації', 0, 1, NULL, NULL),
(303373, 'Методи оптимізації в АСК ТП', 0, 1, NULL, NULL),
(390212, 'Методи оптимізації в АСУ ТП', 0, 1, NULL, NULL),
(386504, 'Методи оптимізації в автоматизованих системах управління технологічними процесами (АСУ ТП)', 0, 1, NULL, NULL),
(540, 'Методи оптимізації в системах управління', 0, 1, NULL, NULL),
(390050, 'Методи оптимізації систем зварювання та споріднених процесів', 0, 1, NULL, NULL),
(58, 'Методи оптимізації та дослідження операцій', 0, 1, NULL, NULL),
(419589, 'Методи отримання інструментальних наноматеріалів', 0, 1, NULL, NULL),
(335579, 'Методи підготовки та комп’ютерної обробки даних', 0, 1, NULL, NULL),
(6758, 'Методи планування експериментів і обробки результатів', 0, 1, NULL, NULL),
(4405, 'Методи планування експериментів, моделювання й обробки результатів', 0, 1, NULL, NULL),
(1254, 'Методи прийняття управлінських рішень', 0, 1, NULL, NULL),
(943, 'Методи прикладної статистики', 0, 1, NULL, NULL),
(179, 'Методи проведення досліджень у виробничих умовах', 0, 1, NULL, NULL),
(339617, 'Методи розрахунку енергоефективності за галузями', 0, 1, NULL, NULL),
(974, 'Методи соціально-психологічного впливу', 0, 1, NULL, NULL),
(794, 'Методи структурного аналізу матеріалів', 0, 1, NULL, NULL),
(3812, 'Методи структурного аналізу та контроль якості металовиробів', 0, 1, NULL, NULL),
(341055, 'Методи та моделі рішення задач менеджменту', 0, 1, NULL, NULL),
(4219, 'Методи та обладнання для підвищення працездатності різального інструмента', 0, 1, NULL, NULL),
(224303, 'Методи та системи штучного інтелекту', 0, 1, NULL, NULL),
(441, 'Методи теплотехнічних досліджень', 0, 1, NULL, NULL),
(1699, 'Методи термодинамічного та техніко-економічного аналізу в теплоенергетиці', 0, 1, NULL, NULL),
(274417, 'Методи управління ризиками в ланцюгах постачань', 0, 1, NULL, NULL),
(1551, 'Методи фізико-хімічних розрахунків металургійних систем і процесів', 0, 1, NULL, NULL),
(1974, 'Методи формування та раціонального використання виробничого колективу', 0, 1, NULL, NULL),
(4056, 'Методи штучного інтелекту', 0, 1, NULL, NULL),
(7136, 'Методика викладання інформатики', 0, 1, NULL, NULL),
(122, 'Методика викладання аналізу музичних творів', 0, 1, NULL, NULL),
(121, 'Методика викладання гармонії', 0, 1, NULL, NULL),
(6077, 'Методика викладання економіки', 0, 1, NULL, NULL),
(1838, 'Методика викладання економіки та менеджменту', 0, 1, NULL, NULL),
(125, 'Методика викладання засад музичної культури', 0, 1, NULL, NULL),
(40, 'Методика викладання математики та інформатики', 0, 1, NULL, NULL),
(123, 'Методика викладання музичної літератури', 0, 1, NULL, NULL),
(1549, 'Методика викладання основ музичної культури', 0, 1, NULL, NULL),
(302376, 'Методика викладання перекладу у вищій школі', 0, 1, NULL, NULL),
(124, 'Методика викладання поліфонії', 0, 1, NULL, NULL),
(1401, 'Методика викладання російської літератури', 0, 1, NULL, NULL),
(1400, 'Методика викладання російської мови', 0, 1, NULL, NULL),
(120, 'Методика викладання сольфеджіо', 0, 1, NULL, NULL),
(126, 'Методика викладання соціології та естетики музики', 0, 1, NULL, NULL),
(131, 'Методика викладання спеціальних дисциплін', 0, 1, NULL, NULL),
(2043, 'Методика викладання у вищій школі', 0, 1, NULL, NULL),
(127, 'Методика викладання української культури', 0, 1, NULL, NULL),
(1402, 'Методика викладання української літератури', 0, 1, NULL, NULL),
(1403, 'Методика викладання української мови', 0, 1, NULL, NULL),
(5032, 'Методика викладання фахових дисциплін у вищій школі', 0, 1, NULL, NULL),
(832, 'Методика виховної роботи', 0, 1, NULL, NULL),
(359, 'Методика практичного навчання', 0, 1, NULL, NULL),
(1288, 'Методика професійного навчання', 0, 1, NULL, NULL),
(1363, 'Методика професійного навчання в економіці і менеджменті', 0, 1, NULL, NULL),
(980, 'Методика професійного навчання в економіці та менеджменті', 0, 1, NULL, NULL),
(950, 'Методика та методи соціальних досліджень', 0, 1, NULL, NULL),
(4212, 'Методика та техніка здійснення наукового пошуку в процесі написання наукових робіт', 0, 1, NULL, NULL),
(355, 'Методика теоретичного навчання', 0, 1, NULL, NULL),
(1409, 'Методика, практика викладання української культури', 0, 1, NULL, NULL),
(1415, 'Методика, практика соціології та естетики музики', 0, 1, NULL, NULL),
(6006, 'Методичний семинар з педагогічної майстерності', 0, 1, NULL, NULL),
(224245, 'Методологія і організація наукових досліджень', 0, 1, NULL, NULL),
(375277, 'Методологія і організація наукових досліджень у соціальній роботі', 0, 1, NULL, NULL),
(3952, 'Методологія наукових досліджень', 0, 1, NULL, NULL),
(1345, 'Методологія наукової творчості', 0, 1, NULL, NULL),
(4108, 'Методологія наукового пізнання', 0, 1, NULL, NULL),
(302217, 'Методологія прикладних досліджень у маркетингу', 0, 1, NULL, NULL),
(1843, 'Методологія соціальних досліджень', 0, 1, NULL, NULL),
(1775, 'Методологія соціально-економічного пізнання', 0, 1, NULL, NULL),
(4193, 'Методологія та методи стандартизації', 0, 1, NULL, NULL),
(7138, 'Методологія та організація досліджень', 0, 1, NULL, NULL),
(2044, 'Методологія та організація наукових досліджень', 0, 1, NULL, NULL),
(6005, 'Методологія теоретичного та історичного музикознавства', 0, 1, NULL, NULL),
(4123, 'Методологія, методи і засоби управління проектами', 0, 1, NULL, NULL),
(658, 'Метологія і міжнародні сертифікати якості продукції', 0, 1, NULL, NULL),
(7036, 'Метолознавство і рентгенографія', 0, 1, NULL, NULL),
(1292, 'Метрологія', 0, 1, NULL, NULL),
(545, 'Метрологія і електоричні вимірювання', 0, 1, NULL, NULL),
(1332, 'Метрологія і основи вимірювань', 0, 1, NULL, NULL),
(7054, 'Метрологія і основи петрографії', 0, 1, NULL, NULL),
(5046, 'Метрологія і сертифікація', 0, 1, NULL, NULL),
(852, 'Метрологія та контроль якості', 0, 1, NULL, NULL),
(1453, 'Метрологія та міжнародна сертифікація якості прокату', 0, 1, NULL, NULL),
(662, 'Метрологія та оптимальні технологічні системи', 0, 1, NULL, NULL),
(7007, 'Метрологія та стандартизація', 0, 1, NULL, NULL),
(283, 'Метрологія та технічні виміри', 0, 1, NULL, NULL),
(1983, 'Метрологія, взаємозамінність, стандартизація та основи електричних вимірювань', 0, 1, NULL, NULL),
(954, 'Метрологія, сертифікація та акредитація', 0, 1, NULL, NULL),
(1010, 'Метрологія, сертифікація та ліцензування', 0, 1, NULL, NULL),
(7176, 'Метрологія, сертифікація та управління якістю', 0, 1, NULL, NULL),
(390087, 'Метрологія, стандартизація i технологічні вимірювання та прилади', 0, 1, NULL, NULL),
(1733, 'Метрологія, стандартизація і контроль у металургії', 0, 1, NULL, NULL),
(4101, 'Метрологія, стандартизація і теплотехнічні вимірювання та прилади', 0, 1, NULL, NULL),
(1073, 'Метрологія, стандартизація та взаємозамінність', 0, 1, NULL, NULL),
(1367, 'Метрологія, стандартизація та випробування в будівництві', 0, 1, NULL, NULL),
(4100, 'Метрологія, стандартизація та технічні вимірювання та прилади', 0, 1, NULL, NULL),
(4023, 'Метрологія, стандартизація, взаємозамінність та технічні вимірювання', 0, 1, NULL, NULL),
(1162, 'Метрологія, стандартизація, сертифікація та акредитація', 0, 1, NULL, NULL),
(293563, 'Метрологія, стандартизація, сертифікація та управління якістю', 0, 1, NULL, NULL),
(543, 'Метрологія, теплотехнічні вимірювання і прилади', 0, 1, NULL, NULL),
(438, 'Метрологія, технологічні вимірювання та прилади', 0, 1, NULL, NULL),
(304251, 'Метрологія, технологічні вимірювання та прилади (додаткові розділи)', 0, 1, NULL, NULL),
(2013, 'Мех. мат.та', 0, 1, NULL, NULL),
(1622, 'Механізація виробництва разових форм та стрижнів', 0, 1, NULL, NULL),
(678, 'Механізація процесів ковальсько-штампувального виробництва', 0, 1, NULL, NULL),
(324678, 'Механізація процесів ковальсько-штампувального та прокатно-волочильного виробництва', 0, 1, NULL, NULL),
(369800, 'Механізація та автоматизація зварювання пластмас', 0, 1, NULL, NULL),
(1732, 'Механізація та автоматизація металургійних процесів', 0, 1, NULL, NULL),
(5107, 'Механізований інструмент', 0, 1, NULL, NULL),
(261528, 'Механіка', 0, 1, NULL, NULL),
(1359, 'Механіка ґрунтів, підвалин та фундаментів', 0, 1, NULL, NULL),
(248881, 'Механіка ґрунтів, підвалини та фундаменти', 0, 1, NULL, NULL),
(1045, 'Механіка рідини та газів', 0, 1, NULL, NULL),
(7207, 'Механіка руйнування і інтерпретація зламів', 0, 1, NULL, NULL),
(1467, 'Механіка руйнування та аналіз поверхні зламів', 0, 1, NULL, NULL),
(6541, 'Механіка сплавів середовища', 0, 1, NULL, NULL),
(223587, 'Механічні властивості та конструктивна міцність матеріалів', 0, 1, NULL, NULL),
(1417, 'Механічні властивості та конструкційна міцність матеріалів', 0, 1, NULL, NULL),
(1096, 'Механічні системи зварювальних машин', 0, 1, NULL, NULL),
(1499, 'Механічні та технологічні властивості', 0, 1, NULL, NULL),
(7034, 'Механічна обробка і сварка', 0, 1, NULL, NULL),
(7058, 'Механічне обладнання металургійних заводів', 0, 1, NULL, NULL),
(795, 'Механичні властивості та конструкційна міцність матеріалів', 0, 1, NULL, NULL),
(266, 'Механоскладальні дільниці та цехи в машинобудуванні', 0, 1, NULL, NULL),
(247, 'Механоскладальне виробництво, точність і продуктивність', 0, 1, NULL, NULL),
(100, 'Мистецьке освоєння світу', 0, 1, NULL, NULL),
(1092, 'Мистецьке освоювання світу та вплив міфології і Біблії на розвиток культури', 0, 1, NULL, NULL),
(316, 'Митні операції', 0, 1, NULL, NULL),
(426179, 'Митні операції в зовнішньо-економічних відносинах', 0, 1, NULL, NULL),
(304633, 'Митне законодавство та засоби протидії порушенням', 0, 1, NULL, NULL),
(386505, 'Митне та страхове забезпечення логістичного бізнесу', 0, 1, NULL, NULL),
(350, 'Митний контроль та оформлення громадян', 0, 1, NULL, NULL),
(1103, 'Митний контроль та оформлення зовнішньоекономічних угод', 0, 1, NULL, NULL),
(1107, 'Митно-тарифне регулювання', 0, 1, NULL, NULL),
(248119, 'Мова сучасної публіцистики', 0, 1, NULL, NULL),
(2046, 'Мови компьютерного моделювання та імітації', 0, 1, NULL, NULL),
(1831, 'Моделі і методи прийняття рішень в аналізі та аудиті', 0, 1, NULL, NULL),
(199, 'Модельне виробництво', 0, 1, NULL, NULL),
(7043, 'Моделювання і оптимізація', 0, 1, NULL, NULL),
(4366, 'Моделювання автотранспортних потоків', 0, 1, NULL, NULL),
(7200, 'Моделювання аглодоменних процесів', 0, 1, NULL, NULL),
(262220, 'Моделювання бізнес-процесів', 0, 1, NULL, NULL),
(375022, 'Моделювання бізнес-процесів у логістиці', 0, 1, NULL, NULL),
(261555, 'Моделювання біологічних процесів та систем', 0, 1, NULL, NULL),
(302092, 'Моделювання в управлінні соціально-економічними системами', 0, 1, NULL, NULL),
(1147, 'Моделювання економічних, екологічних та соціальних процесів', 0, 1, NULL, NULL),
(3924, 'Моделювання електромеханічних систем', 0, 1, NULL, NULL),
(173, 'Моделювання металургійних процесів', 0, 1, NULL, NULL),
(546, 'Моделювання об\'єктів і системи управління', 0, 1, NULL, NULL),
(4220, 'Моделювання процесів фізико-технічної обробки', 0, 1, NULL, NULL),
(411652, 'Моделювання процесів фізико-технічної обробки та наноструктурування матеріалів', 0, 1, NULL, NULL),
(458, 'Моделювання процесу плавлення при дуговому зварюванні', 0, 1, NULL, NULL),
(224300, 'Моделювання систем', 0, 1, NULL, NULL),
(4085, 'Моделювання складних систем', 0, 1, NULL, NULL),
(7190, 'Моделювання соціально-економічних процесів', 0, 1, NULL, NULL),
(335585, 'Моделювання та аналіз динамічних процесів', 0, 1, NULL, NULL),
(7199, 'Моделювання та комп\'ютеризація процесів ливарного виробництва', 0, 1, NULL, NULL),
(411648, 'Моделювання та комп\'ютерний дизайн інструментальних наноматеріалів', 0, 1, NULL, NULL),
(204, 'Моделювання та комп’ютеризація ливарного виробництва', 0, 1, NULL, NULL),
(1618, 'Моделювання та оптимізація ливарних процесів', 0, 1, NULL, NULL),
(514, 'Моделювання та оптимізація теплоенергетичних установок і систем', 0, 1, NULL, NULL),
(4024, 'Моделювання та оптимізація теплотехнологічних систем', 0, 1, NULL, NULL),
(1725, 'Моделювання та оптимізація технологічних процесів', 0, 1, NULL, NULL),
(1708, 'Моделювання та оптимізація технологічних систем', 0, 1, NULL, NULL),
(153, 'Моделювання та оптимальні технологічні системи', 0, 1, NULL, NULL),
(224308, 'Моделювання та прогнозування стану довкілля', 0, 1, NULL, NULL),
(225241, 'Моделювання та програмування системних характеристик в екологічній сфері', 0, 1, NULL, NULL),
(637, 'Моделювання та розрахунок процесів з металознавства та термообробки на ПЕОМ', 0, 1, NULL, NULL),
(7172, 'Моделювання та формоутворення', 0, 1, NULL, NULL),
(7074, 'Моделювання технічних і соціально-економічних систем', 0, 1, NULL, NULL),
(442, 'Моделювання технологічних процесів зварювального виробництва', 0, 1, NULL, NULL),
(6759, 'Моделювання транспортних операцій і процесів', 0, 1, NULL, NULL),
(7018, 'Моделювання транспортних потоків', 0, 1, NULL, NULL),
(1511, 'Моделювання транспортних процесів', 0, 1, NULL, NULL),
(320, 'Моделювання, надійність ріжучого інструменту', 0, 1, NULL, NULL),
(3592, 'Моделювання, надійність та діагностика інструменту', 0, 1, NULL, NULL),
(224137, 'Модерн-ТРВЗ', 0, 1, NULL, NULL),
(1628, 'Модернізація верстатів', 0, 1, NULL, NULL),
(411650, 'Модернізація технологічного обладнання', 0, 1, NULL, NULL),
(335304, 'Молекулярна біологія', 0, 1, NULL, NULL),
(354302, 'Моніторинг виробництва зварних конструкцій та технологічне устаткування', 0, 1, NULL, NULL),
(368666, 'Моніторинг довкілля та методи вимірювання параметрів навколишнього середовища', 0, 1, NULL, NULL),
(248436, 'Моніторинг еколого-економічних систем', 0, 1, NULL, NULL),
(578, 'Монтаж та експлуатація обладнання', 0, 1, NULL, NULL),
(377, 'Монтаж, експлуатація і ремонт підйомно-транспортних машин', 0, 1, NULL, NULL),
(1473, 'Монтаж, налагодження й експлуатація пристроїв релейного захисту та автоматизації', 0, 1, NULL, NULL),
(2041, 'Монтаж, ремонт і змащення підйомно-транспортних машин', 0, 1, NULL, NULL),
(1972, 'Мотивація праці', 0, 1, NULL, NULL),
(1651, 'Муз. естетика та соціологія муз. культури', 0, 1, NULL, NULL),
(1650, 'Музика XX - XXI століття', 0, 1, NULL, NULL),
(1529, 'Музика радянського періоду', 0, 1, NULL, NULL),
(1445, 'Музична естетика', 0, 1, NULL, NULL),
(107, 'Музична критика', 0, 1, NULL, NULL),
(1447, 'Музична педагогіка', 0, 1, NULL, NULL),
(1652, 'Музична педагогіка та музична психологія', 0, 1, NULL, NULL),
(1448, 'Музична психологія', 0, 1, NULL, NULL),
(116, 'Музичний фольклор', 0, 1, NULL, NULL),
(115, 'Музично - теоретичні системи', 0, 1, NULL, NULL),
(1571, 'Музичної літературі практика', 1, 1, NULL, NULL),
(1420, 'НДР по конструкційним та інструментальним матеріалам', 0, 1, NULL, NULL),
(1966, 'НДРС', 0, 1, NULL, NULL),
(3770, 'ННДРС (навчальна науково-дослідна робота студента)', 0, 1, NULL, NULL),
(695, 'НОТ і заробітня платня', 0, 1, NULL, NULL),
(7153, 'Набуття прав інтелектуальної власності', 0, 1, NULL, NULL),
(7163, 'Набуття прав інтелектуальної власності в галузі селекційних досягнень', 0, 1, NULL, NULL),
(3976, 'Набуття прав інтелектуальної власності на результати науково-технічної діяльності', 0, 1, NULL, NULL),
(5050, 'Навантажувально-розвантажувальне обладнання, спеціальний транспорт і склади підприємств', 0, 1, NULL, NULL),
(10000, 'Навчальна практика', 1, 1, NULL, NULL),
(331916, 'Навчальна практика 1', 1, 1, NULL, NULL),
(331917, 'Навчальна практика 2', 1, 1, NULL, NULL),
(331918, 'Навчальна практика 3', 1, 1, NULL, NULL),
(232447, 'Навчальна практика «Вступ до фаху»', 0, 1, NULL, NULL),
(6857, 'Навчальна практика «Вступ до фаху»', 1, 1, NULL, NULL),
(100001, 'Навчальна практика з інформатики', 0, 1, NULL, NULL),
(818, 'Навчальний практикум', 0, 1, NULL, NULL),
(405110, 'Навчальний практикум з обчислювальної техніки', 0, 1, NULL, NULL),
(405088, 'Навчальний проект з обчислювальної техніки', 0, 1, NULL, NULL),
(225031, 'Навчально-наукова практика', 1, 1, NULL, NULL),
(417457, 'Наглядові, правоохоронні та фінансові органи', 0, 1, NULL, NULL),
(501, 'Нагнітачі та теплові двигуни', 0, 1, NULL, NULL),
(6543, 'Нагрівальні печі', 0, 1, NULL, NULL),
(304215, 'Нагрівальні печі прокатного виробництва', 0, 1, NULL, NULL),
(6549, 'Нагрівальні печі, теоретичні системи та процеси', 0, 1, NULL, NULL),
(7233, 'Нагрівальні пристрої прокатного виробництва', 0, 1, NULL, NULL),
(1049, 'Нагрівальні та термічні печі', 0, 1, NULL, NULL),
(1676, 'Надійність електроенергетичних систем', 0, 1, NULL, NULL),
(7322, 'Надійність електромеханічних систем', 0, 1, NULL, NULL),
(335, 'Надійність металургійних машин', 0, 1, NULL, NULL),
(388384, 'Надійність пристроїв релейного захисту та автоматизації', 0, 1, NULL, NULL),
(517, 'Надійність роботи теплоенергетичних установок та систем', 0, 1, NULL, NULL),
(605, 'Надійність та діагностика релейного захисту та автоматики', 0, 1, NULL, NULL),
(1608, 'Надійність та технічна діагностика зварних установок', 0, 1, NULL, NULL),
(6520, 'Надійність, експлуатація та технічне обслуговування транспортних засобів', 0, 1, NULL, NULL),
(261556, 'Надійність, повірка та сертифікація біомедичних апаратів', 0, 1, NULL, NULL),
(3979, 'Налагодження САР', 0, 1, NULL, NULL),
(5571, 'Налагодження та експлуатація автоматизованого електроприводу', 0, 1, NULL, NULL),
(7340, 'Нанесення покриття', 0, 1, NULL, NULL),
(390057, 'Нанесення покриття методами зварювання тиском', 0, 1, NULL, NULL),
(293560, 'Наноматеріали і нанотехнології', 0, 1, NULL, NULL),
(411274, 'Наноструктури та нанокапсули', 0, 1, NULL, NULL),
(411653, 'Нанотехнології в механообробці', 0, 1, NULL, NULL),
(4199, 'Нанотехнології та наноструктуровані матеріали', 0, 1, NULL, NULL),
(261910, 'Наплавлення та напилення', 0, 1, NULL, NULL),
(432, 'Напруження та деформації при зварюванні', 0, 1, NULL, NULL),
(431, 'Напруження та деформації при напиленні, наплавці та зміцненні', 0, 1, NULL, NULL),
(305858, 'Напрями розвитку процесів ОМТ', 0, 1, NULL, NULL),
(785, 'Нарисна геометрія', 0, 1, NULL, NULL),
(787, 'Нарисна геометрія і комп’ютерна графіка', 0, 1, NULL, NULL),
(784, 'Нарисна геометрія та інженерна графіка', 0, 1, NULL, NULL),
(1493, 'Нарисна геометрія, інженерна та комп’ютерна графіка', 0, 1, NULL, NULL),
(354847, 'Нарисна геометрія, інженерна та комп’ютерна графіка – 2', 0, 1, NULL, NULL),
(1873, 'Наукові дослідження і підготовка магістерської роботи', 0, 1, NULL, NULL),
(390051, 'Наукові дослідження в зварюванні та наплавленні', 0, 1, NULL, NULL),
(339622, 'Наукові дослідження з проблем енергетики', 0, 1, NULL, NULL),
(4208, 'Наукові дослідження за обраною темою', 0, 1, NULL, NULL),
(261896, 'Наукові дослідження за темою', 0, 1, NULL, NULL),
(390056, 'Наукові дослідження магістрів в галузі зміцнення та відновлення', 0, 1, NULL, NULL),
(1435, 'Наукові дослідження та підготовка магістерської роботи', 0, 1, NULL, NULL),
(1596, 'Наукові основи вибору конструкційних матеріалів', 0, 1, NULL, NULL),
(7229, 'Наукові основи вибору матеріалів', 0, 1, NULL, NULL),
(815, 'Наукові основи вибору матеріалів і технологій у машинобудуванні', 0, 1, NULL, NULL),
(4203, 'Наукові принципи формування композиційних матеріалів', 0, 1, NULL, NULL),
(4204, 'Наукові технологічні основи формування функціональних градієнтних матеріалів, покриттів', 0, 1, NULL, NULL),
(384171, 'Наукова організація праці', 0, 1, NULL, NULL),
(632, 'Наукова основа вибору матеріалів із заданими механічними і експлуатаційними влас', 0, 1, NULL, NULL),
(6551, 'Науковий комунізм', 0, 1, NULL, NULL),
(4099, 'Науковий семінар', 0, 1, NULL, NULL),
(4032, 'Науково-виробнича практика', 1, 1, NULL, NULL),
(220771, 'Науково-виробнича практика', 0, 1, NULL, NULL),
(3504, 'Науково-дослідні прилади в машинобудуванні', 0, 1, NULL, NULL),
(236935, 'Науково-дослідна практика', 1, 1, NULL, NULL),
(355389, 'Науково-дослідна практика', 0, 1, NULL, NULL),
(6530, 'Науково-дослідна робота і підготовка магістерської роботи', 0, 1, NULL, NULL),
(434, 'Науково-дослідна робота студента', 0, 1, NULL, NULL),
(339618, 'Науково-дослідницька та педагогічна практика', 1, 1, NULL, NULL),
(224339, 'Науково-педагогічна практика', 1, 1, NULL, NULL),
(302744, 'Науково-педагогічний практикум', 0, 1, NULL, NULL),
(385604, 'Науково-педагогічний практикум за фахом', 0, 1, NULL, NULL),
(333, 'Науково-технічний маркетинг та менеджмент на транспорті', 0, 1, NULL, NULL),
(1523, 'Науково-технічний переклад', 0, 1, NULL, NULL),
(6545, 'Науколвий атеїзм', 0, 1, NULL, NULL),
(6057, 'Національна економіка', 0, 1, NULL, NULL),
(344788, 'Національна економіка, економічна інтеграція та глобальні проблеми сучасності', 0, 1, NULL, NULL),
(1188, 'Національний банк і грошово - кредитна політика', 0, 1, NULL, NULL),
(4156, 'Недержавний сектор у соціальній сфері', 0, 1, NULL, NULL),
(303374, 'Нейромережеві та fuzzy-технології в АСК ТП', 0, 1, NULL, NULL),
(386506, 'Нейромережеві та fuzzy-технології в автоматизованих системах управління технологічними процесами (АСУ ТП)', 0, 1, NULL, NULL),
(1727, 'Нейронні мережі та нейромережеві технології', 0, 1, NULL, NULL),
(792, 'Неметалеві матеріали', 0, 1, NULL, NULL),
(6535, 'Неорганічна хімія', 0, 1, NULL, NULL),
(1086, 'Нетрадиційні джерела енергії', 0, 1, NULL, NULL),
(410, 'Низькотемепературні енерготехнічні агрегати', 0, 1, NULL, NULL),
(301100, 'Нові інструментальні матеріали та покриття для інструменту', 0, 1, NULL, NULL),
(1421, 'Нові досягнення в галузі матеріалознавства', 0, 1, NULL, NULL),
(141, 'Нові матеріали', 0, 1, NULL, NULL),
(1925, 'Нові матеріали в обробці металів тиском', 0, 1, NULL, NULL),
(1044, 'Нові матеріали та будівні елементи печей', 0, 1, NULL, NULL),
(342258, 'Нові матеріали та покриття для інструмента', 0, 1, NULL, NULL),
(7334, 'Нові матеріали та технології', 0, 1, NULL, NULL),
(3813, 'Нові матеріали та технологічні процеси', 0, 1, NULL, NULL),
(2032, 'Нові матеріали, методи механічної обробки і технології у верстатобудуванні', 0, 1, NULL, NULL),
(3941, 'Нові матеріали, методи механічної обробки і технології у верстатобудуванні та інструментальному виробництві', 0, 1, NULL, NULL),
(374664, 'Нові наукові напрямки в матеріалознавстві', 0, 1, NULL, NULL),
(178, 'Нові процеси в металургії', 0, 1, NULL, NULL),
(372955, 'Нові ремонтні матеріали і технології', 0, 1, NULL, NULL),
(340, 'Нові ремонтні матеріали та технології в металургії', 0, 1, NULL, NULL),
(1552, 'Нові технології виробництва електросталі', 0, 1, NULL, NULL),
(342257, 'Нові технології, методи обробки та технологічні системи', 0, 1, NULL, NULL),
(301099, 'Нові технології, методи обробки та технологічні системи у верстатобудуванні', 0, 1, NULL, NULL),
(634, 'Нові технологічні процеси термічної, хіміко - термічної та термомеханічної обробки', 0, 1, NULL, NULL),
(301618, 'Новітні технології у зварюванні для будівництва', 0, 1, NULL, NULL),
(70, 'Новогрецька мова', 0, 1, NULL, NULL),
(374719, 'Нормативно-правове забезпечення інформаційної безпеки', 0, 1, NULL, NULL),
(368685, 'Нормування антропогенного навантаження на навколишнє середовище', 0, 1, NULL, NULL),
(1185, 'Об’єктно-орієнтоване програмування', 0, 1, NULL, NULL),
(7115, 'Об’єктно-орієнтований аналіз і моделювання', 0, 1, NULL, NULL),
(224310, 'Об’єктно-орієнтований аналіз і проектування', 0, 1, NULL, NULL),
(6079, 'Обґрунтування господарських рішень і оцінювання ризиків', 0, 1, NULL, NULL),
(891, 'Облік і аналіз зовнішньо - економічної діяльності', 0, 1, NULL, NULL),
(224199, 'Облік і аудит', 0, 1, NULL, NULL),
(1679, 'Облік і аудит у банках', 0, 1, NULL, NULL),
(1189, 'Облік і аудит у банку', 0, 1, NULL, NULL),
(248781, 'Облік і звітність в оподаткуванні', 0, 1, NULL, NULL),
(302252, 'Облік і фінансова звітність за міжнародними стандартами', 0, 1, NULL, NULL),
(1830, 'Облік зовнішньоекономічної діяльності', 0, 1, NULL, NULL),
(1206, 'Облік на підприємствах дрібного бізнесу', 0, 1, NULL, NULL),
(3834, 'Облік та аналіз зовнішньо-економічної діяльності', 0, 1, NULL, NULL),
(3751, 'Облік та аналіз зовнішньюї економічної діяльності', 0, 1, NULL, NULL),
(877, 'Облік та аудит', 0, 1, NULL, NULL),
(3841, 'Облік та аудит банку', 0, 1, NULL, NULL),
(1207, 'Облік у банках', 0, 1, NULL, NULL),
(6052, 'Облік у бюджетних установах', 0, 1, NULL, NULL),
(1443, 'Облік у галузях народного господарства', 0, 1, NULL, NULL),
(348614, 'Облік у галузях національного господарства', 0, 1, NULL, NULL),
(1205, 'Облік у зарубіжних країнах', 0, 1, NULL, NULL),
(6072, 'Облік, аналіз і аудит', 0, 1, NULL, NULL),
(6067, 'Облікова політика підприємства', 0, 1, NULL, NULL),
(302259, 'Обліково-аналітичне забезпечення економічної безпеки підприємства', 0, 1, NULL, NULL),
(1632, 'Обладнання і технологія фізико-хімічної обробки матеріалів', 0, 1, NULL, NULL),
(253, 'Обладнання і транспорт механообробних цехів', 0, 1, NULL, NULL),
(301, 'Обладнання гнучких виробничих систем', 0, 1, NULL, NULL),
(7170, 'Обладнання для виготовлення форм та стержнів', 0, 1, NULL, NULL),
(201, 'Обладнання для виробництва одноразових форм та стрижнів', 0, 1, NULL, NULL),
(407543, 'Обладнання для теплової обробки матеріалів', 0, 1, NULL, NULL),
(1418, 'Обладнання для термічної обробки', 0, 1, NULL, NULL),
(1730, 'Обладнання доменого, сталеплавильного, ливарного виробництва', 0, 1, NULL, NULL),
(665, 'Обладнання ковальсько-штампувальних та пресувальних цехів', 0, 1, NULL, NULL),
(649, 'Обладнання прокатних, трубних і волочильних цехів', 0, 1, NULL, NULL),
(1731, 'Обладнання прокатного та ковальсько - штампувального виробництва', 0, 1, NULL, NULL),
(814, 'Обладнання процесів та теплова обробка матеріалів і виробів', 0, 1, NULL, NULL),
(4102, 'Обладнання та основи технології ковальсько-штампувального виробництва', 0, 1, NULL, NULL),
(229275, 'Обладнання та основи технології ковальсько-штампувального та пресувального виробництва', 0, 1, NULL, NULL),
(3928, 'Обладнання та основи технології прокатного, трубного та волочильного виробництва', 0, 1, NULL, NULL),
(1461, 'Обладнання та проектування термічних цехів', 0, 1, NULL, NULL),
(1531, 'Обладнання та транспорт механоскладальних цехів', 0, 1, NULL, NULL),
(484, 'Обладнання та установки для зварювання плавленням', 0, 1, NULL, NULL),
(258992, 'Обладнання фабрик окускування', 0, 1, NULL, NULL),
(6547, 'Обладнання цехів обробки металів тиском', 0, 1, NULL, NULL),
(630, 'Обладнання, проектування термічних цехів та проектна документація', 0, 1, NULL, NULL),
(756, 'Обробка інформації про наявність товарів та послуг, покупка з використанням ПЕОМ', 0, 1, NULL, NULL),
(390058, 'Обробка деталей зварювальними джерелами нагріву', 0, 1, NULL, NULL),
(4074, 'Обробка зображень та мультимедіа', 0, 1, NULL, NULL),
(642, 'Обробка металів тиском', 0, 1, NULL, NULL),
(1457, 'Обробка різанням, зварювання', 0, 1, NULL, NULL),
(224229, 'Обстеження, випробування й експлуатація будівельних конструкцій', 0, 1, NULL, NULL),
(7105, 'Обчислювальні методи', 0, 1, NULL, NULL),
(4054, 'Обчислювальна геометрія та комп’ютерна графіка', 0, 1, NULL, NULL),
(526, 'Обчислювальна техніка і програмування', 0, 1, NULL, NULL),
(7052, 'Обчислювальна техніка в інженерних та економічних розрахунках', 0, 1, NULL, NULL),
(3915, 'Обчислювальна техніка та алгоритмічні мови', 0, 1, NULL, NULL),
(350090, 'Обчислювальна техніка та основи програмування', 0, 1, NULL, NULL),
(3593, 'Обчислювальна техніка та програмування на ЕОМ', 0, 1, NULL, NULL),
(5006, 'Обчислювальна техніка, алгоритмічні мови та програмне забезпечення', 0, 1, NULL, NULL),
(3572, 'Обчислювана математика та програмування на ЕОМ', 0, 1, NULL, NULL),
(4194, 'Одержання гетерофазних порошків', 0, 1, NULL, NULL),
(3502, 'Оздоблювальна обробка деталей', 0, 1, NULL, NULL),
(3840, 'Ознайомлювальна практика', 1, 1, NULL, NULL),
(222079, 'Ознайомча практика', 0, 1, NULL, NULL),
(496, 'Ознайомча практика', 1, 1, NULL, NULL),
(348609, 'Ознайомча практика (університетська освіта, діловодство)', 1, 1, NULL, NULL),
(390197, 'Окремі методики навчання інформатики', 0, 1, NULL, NULL),
(390196, 'Окремі методики навчання математики', 0, 1, NULL, NULL),
(840, 'Опір матеріалів', 0, 1, NULL, NULL),
(403, 'Опір матеріалів та деталей машин', 0, 1, NULL, NULL),
(391089, 'Опір матеріалів та основи конструювання', 0, 1, NULL, NULL),
(1639, 'Опір матеріалів у будівництві', 0, 1, NULL, NULL),
(1741, 'Опалення, вентиляція та кондиціонування повітря', 0, 1, NULL, NULL),
(515, 'Опалення, вентиляція та кондицування повітря', 0, 1, NULL, NULL),
(900, 'Операції центрального банку', 0, 1, NULL, NULL),
(1513, 'Операційні системи', 0, 1, NULL, NULL),
(224309, 'Операційні системи - II', 0, 1, NULL, NULL),
(7101, 'Операційні системи та системне програмування', 0, 1, NULL, NULL),
(1273, 'Операційний (виробничий) менеджмент', 0, 1, NULL, NULL),
(7090, 'Операційний менеджмент', 0, 1, NULL, NULL),
(348610, 'Операційний менеджмент у бізнесі', 0, 1, NULL, NULL),
(117, 'Оперна драматургія', 0, 1, NULL, NULL),
(858, 'Оподаткування підприємств', 0, 1, NULL, NULL),
(302240, 'Оподаткування суб’єктів підприємництва', 0, 1, NULL, NULL),
(301016, 'Оптимізаційні процеси в транспортному середовищі', 0, 1, NULL, NULL),
(6519, 'Оптимізація логістичних рішень', 0, 1, NULL, NULL),
(305859, 'Оптимізація процесів ОМТ', 0, 1, NULL, NULL),
(5093, 'Оптимізація теплотехнологічних установ і систем', 0, 1, NULL, NULL),
(303539, 'Оптимальне керування', 0, 1, NULL, NULL),
(411269, 'Оптичні сенсори та бездротові сенсори мережі для біомедицини', 0, 1, NULL, NULL),
(1446, 'Ораторське мистецтво', 0, 1, NULL, NULL),
(262217, 'Організаційна поведінка', 0, 1, NULL, NULL),
(1220, 'Організаційно - економічний механізм функціонування ринку', 0, 1, NULL, NULL),
(4150, 'Організаційно-кадрова робота в системі соціального захисту', 0, 1, NULL, NULL),
(7196, 'Організація і безпека дорожнього руху', 0, 1, NULL, NULL),
(356410, 'Організація і безпека руху', 0, 1, NULL, NULL),
(302251, 'Організація і методика аудиту', 0, 1, NULL, NULL),
(6075, 'Організація і методика економічного аналізу', 0, 1, NULL, NULL),
(1214, 'Організація і методика проведення аудиту', 0, 1, NULL, NULL),
(1710, 'Організація і планування на машинобудівному підприємстві', 0, 1, NULL, NULL),
(1043, 'Організація і технологія вантажної роботи', 0, 1, NULL, NULL),
(405104, 'Організація і управління підприємств чорної металургії', 0, 1, NULL, NULL),
(1958, 'Організація і управління фізкультури і спортом', 0, 1, NULL, NULL),
(1508, 'Організація інформаційних систем обліку, контролю і аудиту', 0, 1, NULL, NULL),
(1213, 'Організація інформаційних систем обліку, контролю та аудиту', 0, 1, NULL, NULL),
(273, 'Організація автотранспортних перевезень', 0, 1, NULL, NULL),
(224293, 'Організація баз даних і знань', 0, 1, NULL, NULL),
(374, 'Організація безпечної експлуатації вантажно-підйомних машин', 0, 1, NULL, NULL),
(342259, 'Організація безпечної експлуатації вантажопідйомних машин', 0, 1, NULL, NULL),
(1662, 'Організація безпечної експлуатації підйомно-транспортних машин', 0, 1, NULL, NULL),
(224233, 'Організація будівництва', 0, 1, NULL, NULL),
(1506, 'Організація бухгалтерського обліку', 0, 1, NULL, NULL),
(279, 'Організація вантажних перевезень', 0, 1, NULL, NULL),
(689, 'Організація виробництва', 0, 1, NULL, NULL),
(701, 'Організація виробництва і менеджмент у металургії', 0, 1, NULL, NULL),
(1678, 'Організація виробництва на машинобудівному підприємстві', 0, 1, NULL, NULL),
(1072, 'Організація виробництва та маркетінг', 0, 1, NULL, NULL),
(1475, 'Організація виробництва та маркетинг', 0, 1, NULL, NULL),
(1502, 'Організація виробництва та підприємницька діяльність', 0, 1, NULL, NULL),
(725, 'Організація виробництва та планування діяльності підприємств', 0, 1, NULL, NULL),
(6550, 'Організація виробництва та управління процесом', 0, 1, NULL, NULL),
(356512, 'Організація власного бізнесу', 0, 1, NULL, NULL),
(405107, 'Організація внутрішньовиробничого госпрозрахунку', 0, 1, NULL, NULL),
(-336758, 'Організація готельного господарства', 4, 1, NULL, NULL),
(336736, 'Організація готельного господарства', 0, 1, NULL, NULL),
(1252, 'Організація діяльності промислових підприємств', 0, 1, NULL, NULL),
(376, 'Організація дорожнього руху', 0, 1, NULL, NULL),
(335588, 'Організація досліджень і написання наукових праць', 0, 1, NULL, NULL),
(1498, 'Організація експеремента', 0, 1, NULL, NULL),
(6512, 'Організація експерименту', 0, 1, NULL, NULL),
(5060, 'Організація експлуатації і ремонту автомобільного транспорту', 0, 1, NULL, NULL),
(272, 'Організація залізничних перевезень', 0, 1, NULL, NULL),
(331923, 'Організація комп’ютерних мереж', 0, 1, NULL, NULL),
(929, 'Організація контролю за транспортним процесом', 0, 1, NULL, NULL),
(356411, 'Організація міжнародних автомобільних перевезень', 0, 1, NULL, NULL),
(3998, 'Організація міжнародних автотранспортних перевезень', 0, 1, NULL, NULL),
(894, 'Організація міжнародних кредитно - розрахункових операцій у банках', 0, 1, NULL, NULL),
(1099, 'Організація міжнародних перевезень', 0, 1, NULL, NULL),
(1896, 'Організація міжнародної театрально - концертної діяльності', 0, 1, NULL, NULL),
(336748, 'Організація міжнародного та дипломатичного обслуговування', 0, 1, NULL, NULL),
(639, 'Організація наукових досліджень і аналіз довідних даних', 0, 1, NULL, NULL),
(405100, 'Організація нормування та оплата праці', 0, 1, NULL, NULL),
(1828, 'Організація обліку', 0, 1, NULL, NULL),
(1212, 'Організація обліку та контролю', 0, 1, NULL, NULL),
(6068, 'Організація обліку у фермерських господарствах', 0, 1, NULL, NULL),
(341056, 'Організація підприємницької діяльності', 0, 1, NULL, NULL),
(991, 'Організація патронажної служби', 0, 1, NULL, NULL),
(1664, 'Організація планування і управління підприємством', 0, 1, NULL, NULL),
(7078, 'Організація планування і управління у будівництві', 0, 1, NULL, NULL),
(386507, 'Організація поштових та кур’єрських відправлень', 0, 1, NULL, NULL),
(1877, 'Організація праці менеджера', 0, 1, NULL, NULL),
(408143, 'Організація ремонту автомобілів і відновлювання деталей транспортних засобів', 0, 1, NULL, NULL),
(7024, 'Організація ремонту й відновлювання деталей і збірних одиниць транспортних засобів', 0, 1, NULL, NULL),
(336735, 'Організація ресторанного господарства', 0, 1, NULL, NULL),
(408153, 'Організація роботи дилерських центрів', 0, 1, NULL, NULL),
(1716, 'Організація самокерованої групової роботи', 0, 1, NULL, NULL),
(957, 'Організація служб зайнятості', 0, 1, NULL, NULL),
(962, 'Організація соціальних робіт у виробничій сфері', 0, 1, NULL, NULL),
(992, 'Організація соціального забезпечення', 0, 1, NULL, NULL),
(698, 'Організація та економіка зварювального виробництва', 0, 1, NULL, NULL),
(380397, 'Організація та нормування праці', 0, 1, NULL, NULL),
(4075, 'Організація та обробка електронної інформації', 0, 1, NULL, NULL),
(1105, 'Організація та планування роботи митних органів', 0, 1, NULL, NULL),
(8064, 'Організація та проведення наукових конференцій, семінарів та ін.', 0, 1, '4(Копія 3)', NULL),
(265, 'Організація та технологія вантажних робіт на транспорті', 0, 1, NULL, NULL),
(380406, 'Організація та управління в чорній металургії', 0, 1, NULL, NULL),
(398, 'Організація та управління перевезеннями', 0, 1, NULL, NULL),
(384170, 'Організація та управління праці', 0, 1, NULL, NULL),
(3947, 'Організація та управління роботою морських і річкових портів', 0, 1, NULL, NULL),
(1894, 'Організація театрально - концертної діяльності в Україні', 0, 1, NULL, NULL),
(408142, 'Організація технічного обслуговування автотранспортних засобів', 0, 1, NULL, NULL),
(1878, 'Організація технічного обслугування, ремонту і експлуатації машин', 0, 1, NULL, NULL),
(-336753, 'Організація туризму', 4, 1, NULL, NULL),
(336733, 'Організація туризму (Організація екскурсійної, анімаційної діяльності)', 0, 1, NULL, NULL),
(336732, 'Організація туризму (Організація туристичних подорожей)', 0, 1, NULL, NULL),
(336731, 'Організація туризму (Основи туризмознавства)', 0, 1, NULL, NULL),
(336734, 'Організація туризму (Туроперейтинг)', 0, 1, NULL, NULL),
(1540, 'Організація управління та планування виробництва', 0, 1, NULL, NULL),
(2027, 'Організація, керування і планування зварювального виробництва', 0, 1, NULL, NULL),
(2025, 'Організація, керування та планування зварювального виробництва', 0, 1, NULL, NULL),
(2028, 'Організація, керування та планування машинобудівного виробництва', 0, 1, NULL, NULL),
(1519, 'Організація, керування та проектування зварювального виробництва', 0, 1, NULL, NULL),
(1953, 'Організація, керування та проектування машинобудівного будівництва', 0, 1, NULL, NULL),
(1427, 'Організація, керування та проектування машинобудівного виробництва', 0, 1, NULL, NULL),
(6561, 'Організація, планування і керування прокатного цеху', 0, 1, NULL, NULL),
(1373, 'Організація, планування і управління будівництвом', 0, 1, NULL, NULL),
(3571, 'Організація, планування виробництвом і управління підприємством', 0, 1, NULL, NULL),
(7051, 'Організація, планування та управління підприємством', 0, 1, NULL, NULL),
(7301, 'Орфографічний та орфоепічний практикум', 0, 1, NULL, NULL),
(1385, 'Орфографічний та орфоепічний практикум з російської мови', 0, 1, NULL, NULL),
(1384, 'Орфографічний та орфоепічний практикум з української мови', 0, 1, NULL, NULL),
(302656, 'Орфографічний та орфоепічний практикум з української та російської мов', 0, 1, NULL, NULL),
(1037, 'Оснастка і технологія інструментального виробництва', 0, 1, NULL, NULL),
(1572, 'Основ музичної культури практика', 1, 1, NULL, NULL),
(98, 'Основа ділового спілкування', 0, 1, NULL, NULL),
(2037, 'Основи Інтернет', 0, 1, NULL, NULL),
(7189, 'Основи Інтернет-технологій', 0, 1, NULL, NULL),
(411272, 'Основи імплантології', 0, 1, NULL, NULL),
(1297, 'Основи інженерії поверхні деталей машин і механізмів', 0, 1, NULL, NULL),
(420, 'Основи інженерної поверхні конструкцій', 0, 1, NULL, NULL),
(329, 'Основи інженерного прогнозування', 0, 1, NULL, NULL),
(3965, 'Основи інноваційної політики', 0, 1, NULL, NULL),
(1554, 'Основи інтелектуальної власності', 0, 1, NULL, NULL),
(1026, 'Основи інформатики та прикладної лінгвістики', 0, 1, NULL, NULL),
(302620, 'Основи інформаційних технологій науково-дослідної роботи', 0, 1, NULL, NULL),
(4027, 'Основи інформаційних технологій та програмування', 0, 1, NULL, NULL),
(1111, 'Основи іскусствовідення та вартісной оцінки придметів мистецтва', 0, 1, NULL, NULL),
(291, 'Основи єврологістики', 0, 1, NULL, NULL),
(232, 'Основи єкономічних теорій', 0, 1, NULL, NULL),
(385, 'Основи АПР машин', 0, 1, NULL, NULL),
(41, 'Основи АПР металургійних машин та агрегатів', 0, 1, NULL, NULL),
(339, 'Основи АПР технологічного обладнання', 0, 1, NULL, NULL),
(7211, 'Основи КШ виробництва', 0, 1, NULL, NULL),
(250, 'Основи САПР', 0, 1, NULL, NULL),
(3576, 'Основи САПР верстатів та інструментів', 0, 1, NULL, NULL),
(580, 'Основи САПР електротехнічних систем', 0, 1, NULL, NULL),
(767, 'Основи САПР технології зварювання та обладнання', 0, 1, NULL, NULL),
(1638, 'Основи САПР у будівництві', 0, 1, NULL, NULL),
(2016, 'Основи ав. та космосу', 0, 1, NULL, NULL),
(320158, 'Основи автоматизації проектування', 0, 1, NULL, NULL),
(374525, 'Основи автоматизації проектування технологічних процесів', 0, 1, NULL, NULL),
(6552, 'Основи автоматизації процесу обробки металів тиском', 0, 1, NULL, NULL),
(7044, 'Основи автоматизації, АСУ ТП', 0, 1, NULL, NULL),
(1226, 'Основи автоматизації, АСУ та застосування мікропроцессорної техніки', 0, 1, NULL, NULL),
(390081, 'Основи автоматизованого проектування машин', 0, 1, NULL, NULL),
(1768, 'Основи автоматизованого проектування підйомно-транспортних машин', 0, 1, NULL, NULL),
(372956, 'Основи автоматичного проектування машин', 0, 1, NULL, NULL),
(417460, 'Основи адміністративного права', 0, 1, NULL, NULL),
(1127, 'Основи аналізу неполадок та аварій доменних печей', 0, 1, NULL, NULL),
(1855, 'Основи андрагогіки', 0, 1, NULL, NULL),
(374517, 'Основи архітектури інтер’єру', 0, 1, NULL, NULL),
(879, 'Основи аудиту', 0, 1, NULL, NULL),
(341059, 'Основи бізнес-консалтингу', 0, 1, NULL, NULL),
(375023, 'Основи бізнес-консалтингу логістики', 0, 1, NULL, NULL),
(717, 'Основи бізнесу', 0, 1, NULL, NULL),
(390214, 'Основи біомедичної інженерії', 0, 1, NULL, NULL),
(1799, 'Основи біржевої справи', 0, 1, NULL, NULL),
(4112, 'Основи біржової діяльності', 0, 1, NULL, NULL),
(857, 'Основи банківської справи', 0, 1, NULL, NULL),
(871, 'Основи банківського обліку', 0, 1, NULL, NULL),
(901, 'Основи банківського обліку та аналізу', 0, 1, NULL, NULL),
(4142, 'Основи безпеки життєдіяльності', 0, 1, NULL, NULL),
(1059, 'Основи будівельної механіки', 0, 1, NULL, NULL),
(841, 'Основи будівельної справи і металоконструкцій', 0, 1, NULL, NULL),
(289007, 'Основи віртуального дизайна', 0, 1, NULL, NULL),
(335344, 'Основи веб-технологій', 0, 1, NULL, NULL),
(7342, 'Основи взаємозамінності, стандартизації та технічних вимірів', 0, 1, NULL, NULL),
(415, 'Основи виготовлення зварних та паяльних конструкцій', 0, 1, NULL, NULL),
(3984, 'Основи випадкових процесів', 0, 1, NULL, NULL),
(968, 'Основи демографії', 0, 1, NULL, NULL),
(5027, 'Основи демократії людини', 0, 1, NULL, NULL),
(4158, 'Основи дефектології', 0, 1, NULL, NULL),
(136, 'Основи джазової імпровізації', 0, 1, NULL, NULL),
(261522, 'Основи дискретної математики', 0, 1, NULL, NULL),
(1752, 'Основи евристики', 0, 1, NULL, NULL),
(20, 'Основи екології', 0, 1, NULL, NULL),
(713, 'Основи екології та природокористування', 0, 1, NULL, NULL),
(5040, 'Основи економіки транспорту', 0, 1, NULL, NULL),
(356522, 'Основи економічної кон’юнктури', 0, 1, NULL, NULL),
(8, 'Основи економічної теорії', 0, 1, NULL, NULL),
(3978, 'Основи експлуатації АСКТП', 0, 1, NULL, NULL),
(380404, 'Основи експлуатації машин', 0, 1, NULL, NULL),
(405097, 'Основи експлуатації машин і агрегатів', 0, 1, NULL, NULL),
(920, 'Основи експлуатації транспортних засобів', 0, 1, NULL, NULL),
(6531, 'Основи електромеханотроніки', 0, 1, NULL, NULL),
(4002, 'Основи електроніки', 0, 1, NULL, NULL),
(595, 'Основи електроніки та мікроелектронної техніки', 0, 1, NULL, NULL),
(596, 'Основи електроприводу', 0, 1, NULL, NULL),
(5551, 'Основи електротехніки', 0, 1, NULL, NULL),
(1192, 'Основи енергетики', 0, 1, NULL, NULL),
(443, 'Основи енергозбереження', 0, 1, NULL, NULL),
(4026, 'Основи енергозбереження та енергоаудиту', 0, 1, NULL, NULL),
(72, 'Основи етики та естетики', 0, 1, NULL, NULL),
(222, 'Основи зовнішньо - економічних зв\'язків', 0, 1, NULL, NULL),
(1904, 'Основи зовнішньоекономічної діяльності', 0, 1, NULL, NULL),
(1387, 'Основи зовнішньоекономічної діяльності', 0, 1, NULL, NULL),
(967, 'Основи кадрового менеджменту', 0, 1, NULL, NULL),
(297, 'Основи керування та безпека руху', 0, 1, NULL, NULL),
(416131, 'Основи комп\'ютерізації зварювального виробництва', 0, 1, NULL, NULL),
(589, 'Основи комп\'ютерних технологій в електроенергетиці', 0, 1, NULL, NULL),
(7113, 'Основи комп\'ютерної графіки', 0, 1, NULL, NULL),
(389948, 'Основи комп’ютеризації зварювального виробництва', 0, 1, NULL, NULL),
(656, 'Основи комп’ютерно-інтегрованого управління', 0, 1, NULL, NULL),
(7111, 'Основи комп’ютерної техніки', 0, 1, NULL, NULL),
(59, 'Основи конституційного права', 0, 1, NULL, NULL),
(996, 'Основи конституційного права України', 0, 1, NULL, NULL),
(6000, 'Основи конструювання', 0, 1, NULL, NULL),
(418, 'Основи конструювання зварювального обладнання', 0, 1, NULL, NULL),
(3574, 'Основи конструювання машин', 0, 1, NULL, NULL),
(817, 'Основи конструювання прес-форм', 0, 1, NULL, NULL),
(509, 'Основи конструювання та САПР', 0, 1, NULL, NULL),
(664, 'Основи конструювання, моделювання і проектування', 0, 1, NULL, NULL),
(1889, 'Основи культурно-мистецької діяльності', 0, 1, NULL, NULL),
(1063, 'Основи логістики', 0, 1, NULL, NULL),
(292, 'Основи маркетингу', 0, 1, NULL, NULL),
(7030, 'Основи марксистсько-ленинської етики та естетики', 0, 1, NULL, NULL),
(362, 'Основи математичного моделювання', 0, 1, NULL, NULL),
(7116, 'Основи математичного моделювання та системного аналізу', 0, 1, NULL, NULL),
(7134, 'Основи математичного моделювання та системного аналізу', 0, 1, NULL, NULL),
(270, 'Основи математичного моделювання у машинобудуванні', 0, 1, NULL, NULL),
(368658, 'Основи матеріалознавства', 0, 1, NULL, NULL),
(7123, 'Основи машинного перекладу', 0, 1, NULL, NULL),
(1734, 'Основи машинобудівних технологій', 0, 1, NULL, NULL),
(261544, 'Основи медико-соціальної раебілітації', 0, 1, NULL, NULL),
(1965, 'Основи медичних знань', 0, 1, NULL, NULL),
(293, 'Основи менеджменту', 0, 1, NULL, NULL),
(686, 'Основи менеджменту і маркетингу', 0, 1, NULL, NULL),
(1342, 'Основи менеджменту, маркетингу і підприємництва', 0, 1, NULL, NULL),
(346, 'Основи металургії', 0, 1, NULL, NULL),
(592, 'Основи метрології та вимірювальної техніки', 0, 1, NULL, NULL),
(5007, 'Основи метрології та електричних вимірювань', 0, 1, NULL, NULL),
(1509, 'Основи мистецтвознавства та вартісної оцінки предметів мистецтва', 0, 1, NULL, NULL),
(347, 'Основи митного законодавства', 0, 1, NULL, NULL),
(1102, 'Основи митного законодавства і засоби протидії порушенням', 0, 1, NULL, NULL);
INSERT INTO `disciplines` (`id`, `discipline_name`, `discipline_type_id`, `is_used`, `discipline_short_name`, `discipline_name_default`) VALUES
(1597, 'Основи митного кодексу, митний контроль та оформлення зовнішньо - економічних угод', 0, 1, NULL, NULL),
(1101, 'Основи митного кодексу, митний контроль та оформлення фізичних осіб', 0, 1, NULL, NULL),
(1001, 'Основи моделювання транспортних операцій і процесів', 0, 1, NULL, NULL),
(313855, 'Основи монтажу та експлуатації теплоенергетичного обладнання', 0, 1, NULL, NULL),
(1890, 'Основи музичної культури', 0, 1, NULL, NULL),
(1050, 'Основи музичного хорового мистецтва', 0, 1, NULL, NULL),
(978, 'Основи науки управління', 0, 1, NULL, NULL),
(48, 'Основи наукових досліджень', 0, 1, NULL, NULL),
(937, 'Основи наукових досліджень і організація експерименту', 0, 1, NULL, NULL),
(1694, 'Основи наукових досліджень і патентознавство', 0, 1, NULL, NULL),
(330176, 'Основи наукових досліджень і теорія експеримента', 0, 1, NULL, NULL),
(913, 'Основи наукових досліджень і техніка експерименту', 0, 1, NULL, NULL),
(493, 'Основи наукових досліджень та технічної творчості', 0, 1, NULL, NULL),
(765, 'Основи науково-дослідної роботи', 0, 1, NULL, NULL),
(1936, 'Основи науково-технічної творчості', 0, 1, NULL, NULL),
(313852, 'Основи науково-технічної творчості та НДРС', 0, 1, NULL, NULL),
(663, 'Основи наукової творчості', 0, 1, NULL, NULL),
(4057, 'Основи нелінійного аналізу', 0, 1, NULL, NULL),
(728, 'Основи обліку', 0, 1, NULL, NULL),
(1767, 'Основи обробки матеріалів', 0, 1, NULL, NULL),
(405, 'Основи обробки металів', 0, 1, NULL, NULL),
(7027, 'Основи обробки металів і формоутворення заготовок', 0, 1, NULL, NULL),
(535, 'Основи операційних систем реального часу', 0, 1, NULL, NULL),
(76, 'Основи ораторського мистецтва', 0, 1, NULL, NULL),
(856, 'Основи організації будівельного виробництва та менеджмент', 0, 1, NULL, NULL),
(925, 'Основи організації виробництва', 0, 1, NULL, NULL),
(1665, 'Основи організації виробництва і управління підприємством', 0, 1, NULL, NULL),
(4468, 'Основи організації виробництва на машинобудівному підприємстві', 0, 1, NULL, NULL),
(684, 'Основи організації виробництва та менеджмент', 0, 1, NULL, NULL),
(1914, 'Основи організації виробництва та менеджмент у металургії', 0, 1, NULL, NULL),
(3985, 'Основи організації операційних систем', 0, 1, NULL, NULL),
(6528, 'Основи організації транспортного забезпечення зовнішніх зв’язків', 0, 1, NULL, NULL),
(7192, 'Основи організації транспортного забезпечення зовнішньоекономічних зв’язків', 0, 1, NULL, NULL),
(564, 'Основи охорони праці', 0, 1, NULL, NULL),
(368691, 'Основи оцінки впливу проектної діяльності на довкілля', 0, 1, NULL, NULL),
(635, 'Основи підвищення надійності та довговічності деталей машин', 0, 1, NULL, NULL),
(219, 'Основи підприємництва', 0, 1, NULL, NULL),
(720, 'Основи підприємницької діяльності', 0, 1, NULL, NULL),
(356511, 'Основи підприємницької та торговельної діяльності', 0, 1, NULL, NULL),
(911, 'Основи патентознавства та авторського права', 0, 1, NULL, NULL),
(1353, 'Основи педагогіки', 0, 1, NULL, NULL),
(674, 'Основи педагогіки та психології', 0, 1, NULL, NULL),
(1028, 'Основи перекладу ділового мовлення', 0, 1, NULL, NULL),
(11, 'Основи права', 0, 1, NULL, NULL),
(331919, 'Основи правознавства', 0, 1, NULL, NULL),
(1761, 'Основи практичної семіотики', 0, 1, NULL, NULL),
(331924, 'Основи програмної інженерії', 0, 1, NULL, NULL),
(224846, 'Основи проектування міні- та мікрозаводів', 0, 1, NULL, NULL),
(1304, 'Основи проектування металургійних підприємств', 0, 1, NULL, NULL),
(304253, 'Основи проектування металургійних підприємств та обладнання цехів', 0, 1, NULL, NULL),
(1340, 'Основи проектування систем автоматизаці, монтаж та експлуатація', 0, 1, NULL, NULL),
(600, 'Основи проектування систем автоматизації', 0, 1, NULL, NULL),
(393443, 'Основи проектування та конструювання в машинобудуванні', 0, 1, NULL, NULL),
(155, 'Основи проектування та обладнання цехів', 0, 1, NULL, NULL),
(456, 'Основи проектування та розрахунку зварних конструкцій', 0, 1, NULL, NULL),
(1735, 'Основи проектування цехів металургійних підприємств', 0, 1, NULL, NULL),
(341, 'Основи промислової робототехніки галузі', 0, 1, NULL, NULL),
(375280, 'Основи професійної діяльності соціального працівника', 0, 1, NULL, NULL),
(1759, 'Основи професійної педагогіки', 0, 1, NULL, NULL),
(4154, 'Основи психодіагностики та психоконсультації', 0, 1, NULL, NULL),
(5024, 'Основи психоконсультації та психокорекції', 0, 1, NULL, NULL),
(827, 'Основи психології', 0, 1, NULL, NULL),
(6, 'Основи психології і педагогіки', 0, 1, NULL, NULL),
(7167, 'Основи психології та педагогіки', 0, 1, NULL, NULL),
(261541, 'Основи радіаційної безпеки', 0, 1, NULL, NULL),
(4148, 'Основи реабілітології', 0, 1, NULL, NULL),
(303078, 'Основи реабілітології та психореабілітації фахівців соціальної сфери', 0, 1, NULL, NULL),
(7302, 'Основи редагування', 0, 1, NULL, NULL),
(1396, 'Основи редагування перекладів', 0, 1, NULL, NULL),
(597, 'Основи релейного захисту електричних систем', 0, 1, NULL, NULL),
(3918, 'Основи релейного захисту та автоматизації енергосистем', 0, 1, NULL, NULL),
(1078, 'Основи релейного захисту та автоматики', 0, 1, NULL, NULL),
(4039, 'Основи рентгенофлуоресцентного аналізу та рентгеноспектральна техніка', 0, 1, NULL, NULL),
(1052, 'Основи ресурсозбереження', 0, 1, NULL, NULL),
(7119, 'Основи риторики', 0, 1, NULL, NULL),
(282, 'Основи робітничої професії', 0, 1, NULL, NULL),
(2021, 'Основи розрахунків металевих конструкцій підйомно-транспортних машин', 0, 1, NULL, NULL),
(935, 'Основи розрахунків та проектування електричної частини зварювальних машин', 0, 1, NULL, NULL),
(1048, 'Основи розрахунку теплообмінних процесів та пристроїв', 0, 1, NULL, NULL),
(1311, 'Основи розробки САПР безвідходних технологічних процесів і технологій', 0, 1, NULL, NULL),
(1905, 'Основи розробки САПР технологічних процесів і технологій', 0, 1, NULL, NULL),
(390215, 'Основи самоосвіти та психологія', 0, 1, NULL, NULL),
(224227, 'Основи системного аналізу', 0, 1, NULL, NULL),
(1754, 'Основи системного підходу та дослідження операцій, методи прийняття рішень', 0, 1, NULL, NULL),
(4143, 'Основи скоропису', 0, 1, NULL, NULL),
(955, 'Основи соціальної екології', 0, 1, NULL, NULL),
(3835, 'Основи соціоекології', 0, 1, NULL, NULL),
(4103, 'Основи соціологічних знань', 0, 1, NULL, NULL),
(356523, 'Основи стандартизації, метрології та управління якістю', 0, 1, NULL, NULL),
(1760, 'Основи судової експертизи з питань інтелектуальної власності', 0, 1, NULL, NULL),
(356514, 'Основи та організація біржової діяльності', 0, 1, NULL, NULL),
(261546, 'Основи теорії біотехнічних систем', 0, 1, NULL, NULL),
(1839, 'Основи теорії виробництва та витрат', 0, 1, NULL, NULL),
(1431, 'Основи теорії дисепативних систем', 0, 1, NULL, NULL),
(598, 'Основи теорії електроприводу', 0, 1, NULL, NULL),
(261530, 'Основи теорії кіл та сигналів', 0, 1, NULL, NULL),
(261547, 'Основи теорії керування в біомедичних системах', 0, 1, NULL, NULL),
(1025, 'Основи теорії мовної комунікації', 0, 1, NULL, NULL),
(1737, 'Основи теорії паяння', 0, 1, NULL, NULL),
(205, 'Основи теорії плавки кольорових металів', 0, 1, NULL, NULL),
(203, 'Основи теорії плавки та виробництва відливків (сталеве литво)', 0, 1, NULL, NULL),
(7174, 'Основи теорії плавки та виробництва виливків', 0, 1, NULL, NULL),
(405113, 'Основи теорії систем і системний аналіз', 0, 1, NULL, NULL),
(5038, 'Основи теорії систем і управління', 0, 1, NULL, NULL),
(216, 'Основи теорії систем та системного аналізу', 0, 1, NULL, NULL),
(370, 'Основи теорії транспортних процесів і систем', 0, 1, NULL, NULL),
(1530, 'Основи теплотехніки', 0, 1, NULL, NULL),
(384168, 'Основи техніко-економічного проектування', 0, 1, NULL, NULL),
(539, 'Основи технічної творчості', 0, 1, NULL, NULL),
(223588, 'Основи технічної творчості та наукових досліджень', 0, 1, NULL, NULL),
(942, 'Основи технічного нормування у галузі', 0, 1, NULL, NULL),
(1797, 'Основи технічного нормування у машинобудуванні', 0, 1, NULL, NULL),
(1794, 'Основи технічного нормування у металургії', 0, 1, NULL, NULL),
(1998, 'Основи технічного нормування у металургії та машинобудуванні', 0, 1, NULL, NULL),
(1657, 'Основи технології КШВ', 0, 1, NULL, NULL),
(775, 'Основи технології відновлення та зміцнення деталей', 0, 1, NULL, NULL),
(490, 'Основи технології зварювання з програмуванням параметрів режиму', 0, 1, NULL, NULL),
(671, 'Основи технології ковальсько-штампувального та пресувального виробництва', 0, 1, NULL, NULL),
(223582, 'Основи технології матеріалів', 0, 1, NULL, NULL),
(1783, 'Основи технології машинобудівного виробництва', 0, 1, NULL, NULL),
(1994, 'Основи технології машинобудівного та металургійного виробництва', 0, 1, NULL, NULL),
(3579, 'Основи технології машинобудування', 0, 1, NULL, NULL),
(1781, 'Основи технології металургійного виробництва', 0, 1, NULL, NULL),
(1996, 'Основи технології металургійного та мшинобудівного виробництва', 0, 1, NULL, NULL),
(777, 'Основи технології паяння', 0, 1, NULL, NULL),
(7228, 'Основи технології плакування деталей зварювальними джерелами живлення', 0, 1, NULL, NULL),
(1740, 'Основи технології плакування деталей зварювальними джерелами нагріву', 0, 1, NULL, NULL),
(651, 'Основи технології прокатного, трубного та волочильного виробництва', 0, 1, NULL, NULL),
(342261, 'Основи типології дизайну архітектурного середовища', 0, 1, NULL, NULL),
(998, 'Основи транспортних процесів і систем', 0, 1, NULL, NULL),
(373, 'Основи транспортної психології', 0, 1, NULL, NULL),
(6516, 'Основи транспортного забезпечення зовнішньо економічних зв\'язків', 0, 1, NULL, NULL),
(278, 'Основи требоніки', 0, 1, NULL, NULL),
(2042, 'Основи управлінського консультування', 0, 1, NULL, NULL),
(395328, 'Основи філософії', 0, 1, NULL, NULL),
(999, 'Основи фінансів і бухгалтерського обліку', 0, 1, NULL, NULL),
(417459, 'Основи фінансового права', 0, 1, NULL, NULL),
(312, 'Основи формоутворення поверхонь', 0, 1, NULL, NULL),
(502, 'Основи хімії палива та води', 0, 1, NULL, NULL),
(7075, 'Основні напрямки розвитку та інновацій у галузі', 0, 1, NULL, NULL),
(884, 'Особливості бухгалтерського обліку в галузях народного господарства', 0, 1, NULL, NULL),
(2009, 'Особливості високошвидкісної деформації та перспективи розвитку тонколистового прокату', 0, 1, NULL, NULL),
(303, 'Особливості конструкцій важких верстатів', 0, 1, NULL, NULL),
(1976, 'Особливості маркетінгу непромислових підпртємств', 0, 1, NULL, NULL),
(1807, 'Особливості менеджменту і маркетингу', 0, 1, NULL, NULL),
(1891, 'Особливості менеджменту і маркетингу клубної художньої самодіяльності', 0, 1, NULL, NULL),
(1982, 'Особливості менеджменту і маркетингу машинобудівного виробництва', 0, 1, NULL, NULL),
(1981, 'Особливості менеджменту і маркетингу металургійного виробництва', 0, 1, NULL, NULL),
(1997, 'Особливості менеджменту і маркетингу металургійного та машинобудівного виробництва', 0, 1, NULL, NULL),
(1962, 'Особливості менеджменту і маркетингу у справі готелей, пансіонатів та спортивних таборів', 0, 1, NULL, NULL),
(1977, 'Особливості менеджменту непромислових підприємств', 0, 1, NULL, NULL),
(1963, 'Особливості менеджменту та маркетингу турізму', 0, 1, NULL, NULL),
(7065, 'Особливості проектування металургійних заводів', 0, 1, NULL, NULL),
(680, 'Особливості та можливості металообробки на малих підприємствах', 0, 1, NULL, NULL),
(7209, 'Особливості технології та устаткування термообробки', 0, 1, NULL, NULL),
(1465, 'Особливості технології та устаткування термообробки у металургії та машинобудівництві', 0, 1, NULL, NULL),
(636, 'Особливості технологій та установок термообробки у металургії та машинобудівництві', 0, 1, NULL, NULL),
(8043, 'Отримання патенту (сертифікату) (у тому числі із студентами)', 0, 1, '3(Копія 1)', NULL),
(331927, 'Офісне програмне забезпечення', 0, 1, NULL, NULL),
(7158, 'Охорона інтелектуальної власності в іноземних державах', 0, 1, NULL, NULL),
(7164, 'Охорона інтелектульної власності в іноземних державах', 0, 1, NULL, NULL),
(154, 'Охорона навколишнього середовища в чорній металургії', 0, 1, NULL, NULL),
(1119, 'Охорона навколишнього середовища та ресурсозбереження у ливарному виробництві', 0, 1, NULL, NULL),
(1912, 'Охорона навколошньої середи у виробничих умовах', 0, 1, NULL, NULL),
(562, 'Охорона праці', 0, 1, NULL, NULL),
(1225, 'Охорона праці і основи екології', 0, 1, NULL, NULL),
(855, 'Охорона праці в будівництві', 0, 1, NULL, NULL),
(63, 'Охорона праці в галузі', 0, 1, NULL, NULL),
(3929, 'Охорона праці в галузі та громадянська оборона', 0, 1, NULL, NULL),
(303173, 'Охорона праці в галузі та цивільний захист', 0, 1, NULL, NULL),
(248435, 'Охорона праці в природно-виробничій сфері', 0, 1, NULL, NULL),
(1542, 'Охорона праці та БЖД', 0, 1, NULL, NULL),
(3588, 'Охорона праці та екології', 0, 1, NULL, NULL),
(563, 'Охорона праці та навколишнього середовища', 0, 1, NULL, NULL),
(2029, 'Охорона праці у зварювальному виробництві', 0, 1, NULL, NULL),
(7068, 'Охорона праці у зварюванні', 0, 1, NULL, NULL),
(2030, 'Охорона праці у машинобудівном виробництві', 0, 1, NULL, NULL),
(7336, 'Охорона праці у машинобудуванні', 0, 1, NULL, NULL),
(7061, 'Охорона природи', 0, 1, NULL, NULL),
(6554, 'Охорона труда та збереження середовища', 0, 1, NULL, NULL),
(6063, 'Оцінка бізнесу', 0, 1, NULL, NULL),
(368667, 'Оцінка впливу на навколишнє середовище та екологічна експертиза', 0, 1, NULL, NULL),
(1749, 'Оцінка прав інтелектуальної власності', 0, 1, NULL, NULL),
(1969, 'Оцінка професійних та ділових якостей', 0, 1, NULL, NULL),
(302244, 'Оцінювання застави банківських кредитів', 0, 1, NULL, NULL),
(224230, 'Підвалини і фундаменти', 0, 1, NULL, NULL),
(848, 'Підвалини та фундаменти', 0, 1, NULL, NULL),
(7183, 'Підготовка до державної атестації', 0, 1, NULL, NULL),
(2006, 'Підготовка магістерскої роботи', 0, 1, NULL, NULL),
(339619, 'Підготовка магістерської дисертації', 0, 1, NULL, NULL),
(8022, 'Підготовка та видання конспекту лекцій з дисципліни', 0, 1, '2(Копія 3)', NULL),
(8026, 'Підготовка та видання методичних вказівок до курсових пректів (робіт)', 0, 1, '6(Копія 4)', NULL),
(8024, 'Підготовка та видання методичних вказівок до лабораторних робіт', 0, 1, '4(Копія 1)', NULL),
(8025, 'Підготовка та видання методичних вказівок до практичних занять', 0, 1, '5(Копія 6)', NULL),
(8023, 'Підготовка та видання методичних вказівок до самостійній роботи студентів', 0, 1, '3(Копія 5)', NULL),
(8041, 'Підготовка та видання монографій, підручників та посібників з грифом МОН України', 0, 1, '1(Копія 3)', NULL),
(8021, 'Підготовка та видання робочої навчальної програми з дисципліни', 0, 1, '1(Копія 5)', NULL),
(552, 'Підготовка та обробка економічної інформації', 0, 1, NULL, NULL),
(722, 'Підготовка та обробка економічної інформації з СУБД', 0, 1, NULL, NULL),
(3833, 'Підготовка та обробка економічної інформації з використанням СУБД', 0, 1, NULL, NULL),
(1515, 'Підготовка та обробка соц. інформаціі', 0, 1, NULL, NULL),
(8029, 'Підготовка та уведення нових лабораторних робіт', 0, 1, '91(Копія 3)', NULL),
(383, 'Підйомники і ліфти промислових і цивільних споруд', 0, 1, NULL, NULL),
(390, 'Підйомно-транспортні машини', 0, 1, NULL, NULL),
(356516, 'Підприємництво і бізнес-культура', 0, 1, NULL, NULL),
(375593, 'Підприємництво, торгівля та біржова діяльність', 0, 1, NULL, NULL),
(382028, 'Підприємницькі мережі', 0, 1, NULL, NULL),
(4163, 'Підприємницька і благодійна діяльність у соціальній сфері', 0, 1, NULL, NULL),
(408160, 'Підприємницька діяльність в автосервісі', 0, 1, NULL, NULL),
(258507, 'Підприємницька діяльність та економіка підприємства', 0, 1, NULL, NULL),
(1902, 'Підприємницьке право', 0, 1, NULL, NULL),
(7021, 'Підприємства автомобільного транспорту', 0, 1, NULL, NULL),
(399589, 'Підприємства туристичної індустрії', 0, 1, NULL, NULL),
(304191, 'Підсилення і реконструкція споруд', 0, 1, NULL, NULL),
(273979, 'Підсилення будівельних конструкцій', 0, 1, NULL, NULL),
(2004, 'ПЛМ в АСУ ТП', 0, 1, NULL, NULL),
(1722, 'Паблік рілейшнс', 0, 1, NULL, NULL),
(335581, 'Пакети прикладних програм комп’ютерної алгебри', 0, 1, NULL, NULL),
(320156, 'Паливо та обладнання для його спалювання', 0, 1, NULL, NULL),
(430, 'Паливоспалювальні і теплогенерувальні пристрої', 0, 1, NULL, NULL),
(4077, 'Паралельні та розподілені обчислення', 0, 1, NULL, NULL),
(1083, 'Парові турбіни ТЕЦ', 0, 1, NULL, NULL),
(3999, 'Пасажирські перевезення', 0, 1, NULL, NULL),
(5044, 'Пасажирські перевезення (автотранспорт)', 0, 1, NULL, NULL),
(5045, 'Пасажирські перевезення (залізничний транспорт)', 0, 1, NULL, NULL),
(1753, 'Патентна інформація та документація, патентні дослідження', 0, 1, NULL, NULL),
(4137, 'Патентно - кон\'юктурні дослідження', 0, 1, NULL, NULL),
(3966, 'Патентно-кон’юнктурні дослідження', 0, 1, NULL, NULL),
(1666, 'Патентознавство та авторське право', 0, 1, NULL, NULL),
(1276, 'Патентування та ліцензування', 0, 1, NULL, NULL),
(7341, 'Паяння металів', 0, 1, NULL, NULL),
(1404, 'Педагогіка', 0, 1, NULL, NULL),
(1406, 'Педагогіка і психологія', 0, 1, NULL, NULL),
(1429, 'Педагогіка і психологія у вищій школі', 0, 1, NULL, NULL),
(830, 'Педагогіка ПН', 0, 1, NULL, NULL),
(1356, 'Педагогіка вищої школи', 0, 1, NULL, NULL),
(398097, 'Педагогіка вищої школи та основи самоосвіти', 0, 1, NULL, NULL),
(248437, 'Педагогіка та психологія вищої школи', 0, 1, NULL, NULL),
(836, 'Педагогічна етика', 0, 1, NULL, NULL),
(1569, 'Педагогічна практика', 1, 1, NULL, NULL),
(1683, 'Педагогічна практика з музичної культури', 1, 1, NULL, NULL),
(7306, 'Педагогічна практика з основ музичної культури', 0, 1, NULL, NULL),
(1436, 'Педагогічна практика з сольфеджіо', 0, 1, NULL, NULL),
(1685, 'Педагогічна практика з української культури', 1, 1, NULL, NULL),
(1684, 'Педагогічна практика з фортепіано у школі - студії', 1, 1, NULL, NULL),
(1439, 'Педагогічна практика засад музичної культури', 0, 1, NULL, NULL),
(1437, 'Педагогічна практика музичної літератури', 0, 1, NULL, NULL),
(1440, 'Педагогічна практика музичного училища', 0, 1, NULL, NULL),
(1438, 'Педагогічна практика соціології та естетики музики', 0, 1, NULL, NULL),
(1441, 'Педагогічна практика української культури', 0, 1, NULL, NULL),
(303059, 'Педагогічна та науково-дослідна практики', 1, 1, NULL, NULL),
(303468, 'Педагогічна та науково-дослідна практики', 0, 1, NULL, NULL),
(834, 'Педагогічний менеджмент', 0, 1, NULL, NULL),
(4155, 'Пенітенціарна педагогіка та психологія', 0, 1, NULL, NULL),
(971, 'Пенсійна справа', 0, 1, NULL, NULL),
(8005, 'Перевірка контрольних робіт і завдань', 0, 1, '5(Копія 3)', NULL),
(1747, 'Передача прав на об\'єкти інтелектуальної власності', 0, 1, NULL, NULL),
(499, 'Переддипломна практика', 1, 1, NULL, NULL),
(88, 'Переклад документації', 0, 1, NULL, NULL),
(257782, 'Переклад науково-технічних текстів', 0, 1, NULL, NULL),
(257781, 'Переклад публіцистичних текстів', 0, 1, NULL, NULL),
(4216, 'Переклад у контексті політичної лінгвістики', 0, 1, NULL, NULL),
(1655, 'Перекладацька практика', 1, 1, NULL, NULL),
(87, 'Перекладацький аналіз науково-технічних текстів', 0, 1, NULL, NULL),
(86, 'Перекладацький аналіз публіцистичних текстів', 0, 1, NULL, NULL),
(96, 'Перекладацький аналіз художнього тексту', 0, 1, NULL, NULL),
(8047, 'Перемоги студентів у олімпіадах (2 тур), конкурсах дипломних проектів (робіт)', 0, 1, '7(Копія 1)', NULL),
(158, 'Переробка відходів металургійного підприємства', 0, 1, NULL, NULL),
(6050, 'Перетворювальна техніка', 0, 1, NULL, NULL),
(571, 'Перехідні процеси в електричних системах', 0, 1, NULL, NULL),
(5022, 'Персонологія', 0, 1, NULL, NULL),
(4038, 'Перспективи нанотехнологій у промисловості', 0, 1, NULL, NULL),
(806, 'Перспективні зміцнювальні технології', 0, 1, NULL, NULL),
(391631, 'Перспективні зміцнювальні технології обробки матеріалів', 0, 1, NULL, NULL),
(2033, 'Перспективні зміцнювальні технології обробки матеріалів і виробів', 0, 1, NULL, NULL),
(4036, 'Перспективні зміцнювальні технології обробки металевих матеріалів', 0, 1, NULL, NULL),
(7335, 'Перспективні матеріали та технології обробки виробів', 0, 1, NULL, NULL),
(1601, 'Перспективні нагартуючі технології обробки матеріалів і виробів', 0, 1, NULL, NULL),
(1604, 'Перспективні напрямки в підвищенні зносостійкості матеріалів', 0, 1, NULL, NULL),
(2031, 'Перспективні напрямки розвитку верстатобудування', 0, 1, NULL, NULL),
(3942, 'Перспективні напрямки розвитку верстатобудування та інструментального виробництва', 0, 1, NULL, NULL),
(5005, 'Перспективні технології та обладнання для зварювання', 0, 1, NULL, NULL),
(1033, 'Письмовий переклад документації', 0, 1, NULL, NULL),
(77, 'Письмовий переклад з іноземної мови на рідну', 0, 1, NULL, NULL),
(6514, 'Плівкоутворювальні матеріали', 0, 1, NULL, NULL),
(7085, 'Планування і контроль на підприємстві', 0, 1, NULL, NULL),
(356518, 'Планування і контроль у підприємницькій діяльності', 0, 1, NULL, NULL),
(1677, 'Планування і управління на машинобудівному підприємстві', 0, 1, NULL, NULL),
(690, 'Планування діяльності підприємства', 0, 1, NULL, NULL),
(4324, 'Планування міст і транспорт', 0, 1, NULL, NULL),
(380401, 'Планування на підприємстві чорної металургії', 0, 1, NULL, NULL),
(1866, 'Планування наукових досліджень', 0, 1, NULL, NULL),
(405105, 'Планування підприємств чорної металургії', 0, 1, NULL, NULL),
(1251, 'Планування промислових підприемств', 0, 1, NULL, NULL),
(3598, 'Планування та макроекономічні прогнозування', 0, 1, NULL, NULL),
(3842, 'Планування та макроекономічне пронозування', 0, 1, NULL, NULL),
(951, 'Планування та оперативне управління в галузі', 0, 1, NULL, NULL),
(2000, 'Планування та оперативне управління металургійного і машинобудівного виробництва', 0, 1, NULL, NULL),
(1798, 'Планування та оперативне управління у машинобудівному виробництві', 0, 1, NULL, NULL),
(1795, 'Планування та оперативне управління у металургійному виробництві', 0, 1, NULL, NULL),
(966, 'Планування та прогнозування соціальної роботи у виробничій сфері', 0, 1, NULL, NULL),
(1897, 'Планування театрально - концертної діяльності', 0, 1, NULL, NULL),
(1701, 'Планування, організація та економіка НДР у теплоенергетиці', 0, 1, NULL, NULL),
(1815, 'Платіжні системи', 0, 1, NULL, NULL),
(224241, 'Платіжні системи і міжнародні розрахунки та валютні відносини', 0, 1, NULL, NULL),
(248306, 'Платіжні системи та міжнародні розрахунки', 0, 1, NULL, NULL),
(993, 'Платіжні системи та міжнародні розрахунки і валютні операції', 0, 1, NULL, NULL),
(4078, 'Платформи корпоративних інформаційних систем', 0, 1, NULL, NULL),
(1803, 'Поведінка споживачів', 0, 1, NULL, NULL),
(7028, 'Поверхневі фізико-хімічні процеси', 0, 1, NULL, NULL),
(469, 'Поверхнева обробка матеріалів зварювальними джерелами живлення', 0, 1, NULL, NULL),
(7330, 'Поверхнева обробка, функціональні покриття та відновлення виробів', 0, 1, NULL, NULL),
(1265, 'Податки і податкова політика', 0, 1, NULL, NULL),
(1875, 'Податки і податкова система', 0, 1, NULL, NULL),
(3757, 'Податкові системи', 0, 1, NULL, NULL),
(1853, 'Податкова політика в Україні', 0, 1, NULL, NULL),
(1191, 'Податкова система', 0, 1, NULL, NULL),
(372812, 'Податковий аудит', 0, 1, NULL, NULL),
(1179, 'Податковий менеджмент', 0, 1, NULL, NULL),
(176, 'Позапічна обробка чавуну та сталі', 0, 1, NULL, NULL),
(1548, 'Позапічна обробка якісної сталі', 0, 1, NULL, NULL),
(816, 'Покриття та технології їх нанесення', 0, 1, NULL, NULL),
(1374, 'Полімери в будівництві', 0, 1, NULL, NULL),
(235, 'Політекономія', 0, 1, NULL, NULL),
(405118, 'Політекономія та соціологія', 0, 1, NULL, NULL),
(1692, 'Політика організацій', 0, 1, NULL, NULL),
(1256, 'Політика промислових підприємств', 0, 1, NULL, NULL),
(7031, 'Політична історія', 0, 1, NULL, NULL),
(7098, 'Політична економія', 0, 1, NULL, NULL),
(7029, 'Політична-економія', 0, 1, NULL, NULL),
(9, 'Політологія', 0, 1, NULL, NULL),
(7039, 'Політологія та соціологія', 0, 1, NULL, NULL),
(113, 'Поліфонія', 0, 1, NULL, NULL),
(268, 'Поновлення і зміцнення спрацьованих деталей машин', 0, 1, NULL, NULL),
(1539, 'Поновлення та зміцнення елементів підйомно-транспортних машин', 0, 1, NULL, NULL),
(510, 'Поновлювані та вторинні джерела енергії', 0, 1, NULL, NULL),
(399590, 'Попит та реалізація турпродукту в туризмі', 0, 1, NULL, NULL),
(1017, 'Порівняльна граматика', 0, 1, NULL, NULL),
(333325, 'Порівняльна граматика англійської та української мов', 0, 1, NULL, NULL),
(1380, 'Порівняльна граматика російської та української мов', 0, 1, NULL, NULL),
(1018, 'Порівняльна лексикологія', 0, 1, NULL, NULL),
(333321, 'Порівняльна лексикологія іноземної та української мов', 0, 1, NULL, NULL),
(1379, 'Порівняльна лексикологія російської та української мов', 0, 1, NULL, NULL),
(7309, 'Порівняльна стилістика', 0, 1, NULL, NULL),
(1381, 'Порівняльна стилістика російської та української мов', 0, 1, NULL, NULL),
(7121, 'Порівняльна стилістика української та іноземної мов', 0, 1, NULL, NULL),
(4201, 'Порошкові зносостійкі матеріали та тверді сплави', 0, 1, NULL, NULL),
(803, 'Порошкові та композиційні матеріали', 0, 1, NULL, NULL),
(1929, 'Порошкова металургія', 0, 1, NULL, NULL),
(3949, 'Порти України', 0, 1, NULL, NULL),
(1991, 'Портфельне інвестування', 0, 1, NULL, NULL),
(1032, 'Послідовний переклад', 0, 1, NULL, NULL),
(6078, 'Потенціал і розвиток підприємства', 0, 1, NULL, NULL),
(1780, 'Потенціал підприємства: формування та оцінювання', 0, 1, NULL, NULL),
(5059, 'Правила дорожнього руху', 0, 1, NULL, NULL),
(921, 'Правила технічної експлуатації та безпека руху', 0, 1, NULL, NULL),
(3601, 'Правила технічної експлуатації та безпека руху на залізничному і автомобільному транспорті підприємств', 0, 1, NULL, NULL),
(7019, 'Правила технічної експлуатації та безпека руху на підприємствах автомобільного транспорту', 0, 1, NULL, NULL),
(341068, 'Право', 0, 1, NULL, NULL),
(335913, 'Право (Правове регулювання туристичної діяльності)', 0, 1, NULL, NULL),
(335912, 'Право (Правознавство)', 0, 1, NULL, NULL),
(7151, 'Право інтелектуальної власності', 0, 1, NULL, NULL),
(7162, 'Право інтелектуальної власності в Інтернеті', 0, 1, NULL, NULL),
(1743, 'Право інтелектуальної власності в системі права України', 0, 1, NULL, NULL),
(1744, 'Право промислової власності', 0, 1, NULL, NULL),
(5010, 'Правові засади соціальної роботи', 0, 1, NULL, NULL),
(1271, 'Правові основи діяльності менеджера', 0, 1, NULL, NULL),
(258465, 'Правове забезпечення підприємницької діяльності', 0, 1, NULL, NULL),
(4151, 'Правове регулювання соціальних конфліктів', 0, 1, NULL, NULL),
(1697, 'Правовий захист інтелектуальної власності', 0, 1, NULL, NULL),
(1772, 'Правознавство', 0, 1, NULL, NULL),
(1029, 'Прагматичні аспекти перекладу', 0, 1, NULL, NULL),
(93, 'Прагматичний курс аспектного перекладу', 0, 1, NULL, NULL),
(5017, 'Практика', 1, 1, NULL, NULL),
(5102, 'Практика', 0, 1, NULL, NULL),
(333326, 'Практика англо-українського перекладу', 0, 1, NULL, NULL),
(1573, 'Практика з гармонії та аналізу музичних творів', 1, 1, NULL, NULL),
(1575, 'Практика з української культури', 1, 1, NULL, NULL),
(3898, 'Практика з фаху', 1, 1, NULL, NULL),
(7303, 'Практика перекладу', 0, 1, NULL, NULL),
(7130, 'Практика перекладу другої іноземної мови', 0, 1, NULL, NULL),
(1021, 'Практика перекладу з основної іноземної мови на рідну та з рідної на іноземну', 0, 1, NULL, NULL),
(1392, 'Практика перекладу з російської мови на українську', 0, 1, NULL, NULL),
(7129, 'Практика перекладу основної іноземної мови', 0, 1, NULL, NULL),
(225450, 'Практика перекладу третьої іноземної мови', 0, 1, NULL, NULL),
(1449, 'Практика розрахунків процесів ОМТ на ПЕОМ', 0, 1, NULL, NULL),
(1590, 'Практика розрахунків процесів металознавства на ПЕОМ', 0, 1, NULL, NULL),
(1193, 'Практика розрахунків у банківській справі на ПЕОМ', 0, 1, NULL, NULL),
(1208, 'Практика розрахунків у бухгалтерському обліку на ПЕОМ', 0, 1, NULL, NULL),
(1234, 'Практика розрахунків у економіці на ПЕОМ', 0, 1, NULL, NULL),
(1240, 'Практика розрахунків у маркетингу на ПЕОМ', 0, 1, NULL, NULL),
(1173, 'Практика розрахунків у фінансах на ПЕОМ', 0, 1, NULL, NULL),
(681, 'Практика розрробки процесів металообробки на ПЕОМ', 0, 1, NULL, NULL),
(3435, 'Практика російсько-українського перекладу', 0, 1, NULL, NULL),
(302745, 'Практика та підготовка магістерської роботи', 0, 1, NULL, NULL),
(80, 'Практика усного та письмового мовлення', 0, 1, NULL, NULL),
(7180, 'Практики', 0, 1, NULL, NULL),
(1717, 'Практикум з медіаторних технологій', 0, 1, NULL, NULL),
(1299, 'Практикум з налагодження зварювальних установок та джерел живлення', 0, 1, NULL, NULL),
(390204, 'Практикум з розв’язування нестандартних математичних задач', 0, 1, NULL, NULL),
(1846, 'Практикум з соціальної роботи', 0, 1, NULL, NULL),
(439, 'Практикум зі зварювання', 0, 1, NULL, NULL),
(8004, 'Практичні заняття (семінари)', 0, 1, '4(Копія 2)', NULL),
(82, 'Практична граматика', 0, 1, NULL, NULL),
(7159, 'Практична підготовка', 0, 1, NULL, NULL),
(5015, 'Практична психологія в системі соціальної роботи', 0, 1, NULL, NULL),
(303466, 'Практична психологія в соціальній сфері', 0, 1, NULL, NULL),
(1967, 'Практична психологія кадрового менеджменту', 0, 1, NULL, NULL),
(1522, 'Практична стилістика сучасної російської мови', 0, 1, NULL, NULL),
(1521, 'Практична стилістика сучасної української мови', 0, 1, NULL, NULL),
(81, 'Практична фонетика', 0, 1, NULL, NULL),
(333327, 'Практична фонетика англійської мови', 0, 1, NULL, NULL),
(91, 'Практичний курс аспектів перекладу', 0, 1, NULL, NULL),
(37, 'Практичний курс аспектів перекладу: банківська справа', 0, 1, NULL, NULL),
(26, 'Практичний курс аспектів перекладу: маркетинг', 0, 1, NULL, NULL),
(4144, 'Практичний курс аспектів перекладу: юридичний переклад', 0, 1, NULL, NULL),
(257780, 'Практичний курс аспектного перекладу', 0, 1, NULL, NULL),
(259053, 'Практичний курс аспектного перекладу: банківська справа', 0, 1, NULL, NULL),
(259054, 'Практичний курс аспектного перекладу: маркетинг', 0, 1, NULL, NULL),
(1027, 'Практичний курс другої іноземної мови', 0, 1, NULL, NULL),
(333328, 'Практичний курс німецької мови', 0, 1, NULL, NULL),
(259542, 'Практичний курс польської мови', 0, 1, NULL, NULL),
(1393, 'Практичний курс польської мови та перекладу', 0, 1, NULL, NULL),
(3987, 'Практичний курс третьої іноземної мови', 0, 1, NULL, NULL),
(491, 'Працездатність зміцнених деталей і основи розрахунку зварних конструкцій', 0, 1, NULL, NULL),
(396, 'Претезійно - позова робота на транспорті', 0, 1, NULL, NULL),
(1055, 'Приводи металургійних машин', 0, 1, NULL, NULL),
(8084, 'Приймання та супровід іноземних делегацій', 0, 1, '4(Копія 6)', NULL),
(839, 'Прикладана механіка (опір матеріалів)', 0, 1, NULL, NULL),
(4063, 'Прикладні аспети варіаційного числення', 0, 1, NULL, NULL),
(339620, 'Прикладні задачі з енергозбереження', 0, 1, NULL, NULL),
(5014, 'Прикладні методи в соціальній роботі', 0, 1, NULL, NULL),
(988, 'Прикладні проблеми соціальної політики', 0, 1, NULL, NULL),
(352, 'Прикладна механіка', 0, 1, NULL, NULL),
(914, 'Прикладна механіка (деталі машин)', 0, 1, NULL, NULL),
(402, 'Прикладна механіка і основи конструювання', 0, 1, NULL, NULL),
(262223, 'Прикладна статистика', 0, 1, NULL, NULL),
(1370, 'Прикладна теорія пружності та пластичності', 0, 1, NULL, NULL),
(7110, 'Прикладний функціональний аналіз', 0, 1, NULL, NULL),
(303365, 'Проактивне управління', 0, 1, NULL, NULL),
(3759, 'Проблеми приватизації', 0, 1, NULL, NULL),
(1715, 'Проблеми суспільного розвитку та соц.роб.', 0, 1, NULL, NULL),
(385532, 'Проблеми теорії сучасного соціалізму', 0, 1, NULL, NULL),
(7127, 'Проблеми художнього перекладу', 0, 1, NULL, NULL),
(1263, 'Прогнозування', 0, 1, NULL, NULL),
(7091, 'Прогнозування в менеджменті', 0, 1, NULL, NULL),
(236921, 'Прогнозування в соціальній сфері', 0, 1, NULL, NULL),
(3964, 'Прогнозування розвитку об’єктів техніки', 0, 1, NULL, NULL),
(1975, 'Прогнозування розвитку персоналу', 0, 1, NULL, NULL),
(692, 'Прогнозування та макроекономічние планування', 0, 1, NULL, NULL),
(407751, 'Прогнозування та проектування в соціальній сфері', 0, 1, NULL, NULL),
(3980, 'Програмне забезпечення MES- та ERP-систем', 0, 1, NULL, NULL),
(2003, 'Програмне забезпечення АСУ ТП', 0, 1, NULL, NULL),
(553, 'Програмне забезпечення ЕОМ', 0, 1, NULL, NULL),
(8098, 'Програмне забезпечення автоматичних систем керування електроприводами', 0, 1, NULL, NULL),
(536, 'Програмне забезпечення комп\'ютерно - інтегрованих систем', 0, 1, NULL, NULL),
(1518, 'Програмне забезпечення компю\'терно-інтегрованих систем', 0, 1, NULL, NULL),
(1121, 'Програмне забезпечення наукових досліджень у ливарному виробництві', 0, 1, NULL, NULL),
(7185, 'Програмне забезпечення обчислювальних систем', 0, 1, NULL, NULL),
(7319, 'Програмне керування електромеханічними системами', 0, 1, NULL, NULL),
(550, 'Програмне та математичне забезпечення ЕОМ', 0, 1, NULL, NULL),
(3977, 'Програмно-технічні комплекси', 0, 1, NULL, NULL),
(6848, 'Програмовані логічні контролери в АСУ ТП', 0, 1, NULL, NULL),
(224551, 'Програмовані логічні контролери в автоматизації електроенергетичних систем', 0, 1, NULL, NULL),
(8099, 'Програмовані логічні контролери в електромеханічних системах автоматизації', 0, 1, NULL, NULL),
(1, 'Програмування', 0, 1, NULL, NULL),
(2023, 'Програмування і технологічні процеси для верстатів з ЧПУ', 0, 1, NULL, NULL),
(6536, 'Програмування ЕОМ', 0, 1, NULL, NULL),
(7032, 'Програмування ЕОМ і чисельні методи', 0, 1, NULL, NULL),
(2219, 'Програмування ПЕОМ у наукових дослідженнях', 0, 1, NULL, NULL),
(335569, 'Програмування в UNIX-подібних системах', 0, 1, NULL, NULL),
(1328, 'Програмування в системах реального часу', 0, 1, NULL, NULL),
(1474, 'Програмування для МП-систем', 0, 1, NULL, NULL),
(271, 'Програмування для верстатів з ЧПУ', 0, 1, NULL, NULL),
(52, 'Програмування засобів автоматизації', 0, 1, NULL, NULL),
(303540, 'Програмування комп’ютерної графіки', 0, 1, NULL, NULL),
(7205, 'Програмування на ПЕОМ в наукових дослідженнях', 0, 1, NULL, NULL),
(7219, 'Програмування на ПЕОМ у наукових дослідженнях', 0, 1, NULL, NULL),
(1172, 'Програмування під MS Windows', 0, 1, NULL, NULL),
(3756, 'Програмування під Windows', 0, 1, NULL, NULL),
(3839, 'Програмування под Windows', 0, 1, NULL, NULL),
(1614, 'Програмування та ПЕОМ в наукових дослідженнях', 0, 1, NULL, NULL),
(1325, 'Програмування та алгоритмічні мови', 0, 1, NULL, NULL),
(1433, 'Програмування та обчислювальна техніка в наукових дослідженнях', 0, 1, NULL, NULL),
(4079, 'Програмування та підтримка WEB-застосувань', 0, 1, NULL, NULL),
(303536, 'Програмування та підтримка веб-застосувань', 0, 1, NULL, NULL),
(1138, 'Прогресивні технологічні рішення в КШВ', 0, 1, NULL, NULL),
(3745, 'Прогресивні технологічні рішення в ОМТ', 0, 1, NULL, NULL),
(1452, 'Прогресивні технологічні рішення в прокатному і трубному виробництві', 0, 1, NULL, NULL),
(390498, 'Прогресивний інструмент з надтвердих матеріалів', 0, 1, NULL, NULL),
(411649, 'Прогресивний інструмент з надтвердих та наноматеріалів', 0, 1, NULL, NULL),
(6560, 'Проект прокатно-волочильного цеху', 0, 1, NULL, NULL),
(341060, 'Проектне управління', 0, 1, NULL, NULL),
(1814, 'Проектне фінансування', 0, 1, NULL, NULL),
(1218, 'Проектний аналіз', 0, 1, NULL, NULL),
(331926, 'Проектний практикум', 0, 1, NULL, NULL),
(224316, 'Проектно-технологічна практика', 1, 1, NULL, NULL),
(61, 'Проектування multi-media додатків', 0, 1, NULL, NULL),
(380191, 'Проектування і виробництво заготовок', 0, 1, NULL, NULL),
(259, 'Проектування інструментальних цехів', 0, 1, NULL, NULL),
(298, 'Проектування інструментальної оснастки', 0, 1, NULL, NULL),
(3585, 'Проектування інструментального оснащення АП', 0, 1, NULL, NULL),
(230, 'Проектування інтернет - додатків', 0, 1, NULL, NULL),
(224302, 'Проектування інформаційних систем', 0, 1, NULL, NULL),
(7315, 'Проектування автотранспортних систем промислових підприємств', 0, 1, NULL, NULL),
(1489, 'Проектування верстатного приладдя', 0, 1, NULL, NULL),
(390052, 'Проектування виробництв зварювання та наплавлення', 0, 1, NULL, NULL),
(6557, 'Проектування заводів чорної металургії', 0, 1, NULL, NULL),
(1609, 'Проектування зварних джерел живлення', 0, 1, NULL, NULL),
(428, 'Проектування зварних конструкцій', 0, 1, NULL, NULL),
(7214, 'Проектування ковальсько-штампувальніх цехів', 0, 1, NULL, NULL),
(670, 'Проектування ковальсько-штампувальних та пресувальних цехів', 0, 1, NULL, NULL),
(4206, 'Проектування конструкцій з порошкових та композиційних матеріалів', 0, 1, NULL, NULL),
(245, 'Проектування контрольно - вимірюваних пристроїв та іншої оснастки', 0, 1, NULL, NULL),
(211, 'Проектування ливарних цехів', 0, 1, NULL, NULL),
(375012, 'Проектування логістичних систем', 0, 1, NULL, NULL),
(303646, 'Проектування матеріалів для наплавлення та зварювання', 0, 1, NULL, NULL),
(380, 'Проектування металоконструкцій підйомно-транспортних машин', 0, 1, NULL, NULL),
(193, 'Проектування металургійних цехів та агрегатів', 0, 1, NULL, NULL),
(1532, 'Проектування механоскладальних цехів', 0, 1, NULL, NULL),
(262026, 'Проектування обладнання з інженерії поверхні', 0, 1, NULL, NULL),
(5558, 'Проектування організаційного, технічного та програмного забезпечення АСКТП', 0, 1, NULL, NULL),
(4080, 'Проектування програмних систем', 0, 1, NULL, NULL),
(62, 'Проектування програмно - методичних комплексів', 0, 1, NULL, NULL),
(6556, 'Проектування прокатних і волочильних цехів', 0, 1, NULL, NULL),
(650, 'Проектування прокатних, трубних та волочильних цехів', 0, 1, NULL, NULL),
(1350, 'Проектування систем автоматизації', 0, 1, NULL, NULL),
(3974, 'Проектування систем автоматизації, монтаж та експлуатація', 0, 1, NULL, NULL),
(1613, 'Проектування спеціальних матеріалів для зварювання та наплавлення', 0, 1, NULL, NULL),
(7141, 'Проектування та адміністрування мережних комунікацій для Інтернету', 0, 1, NULL, NULL),
(390059, 'Проектування та виробництво матеріалів для наплавлення та зварювання', 0, 1, NULL, NULL),
(465, 'Проектування та експлуатація високотемпературних теплотехнічних агрегатів і систем', 0, 1, NULL, NULL),
(466, 'Проектування та експлуатація газо- та водоочистки', 0, 1, NULL, NULL),
(4043, 'Проектування та експлуатація газоочисних споруд', 0, 1, NULL, NULL),
(4042, 'Проектування та експлуатація газоочистки', 0, 1, NULL, NULL),
(1483, 'Проектування та обладнання термічних цехів', 0, 1, NULL, NULL),
(3851, 'Проектування та розрахунок інструменту з ОМТ', 0, 1, NULL, NULL),
(7215, 'Проектування та розрахунок інструменту з ковальсько-штампувального та пресувального виробництва', 0, 1, NULL, NULL),
(673, 'Проектування та розрахунок інструменту з кування-штампування та пресування', 0, 1, NULL, NULL),
(653, 'Проектування та розрахунок на ПЕОМ калібрів і профілювання робочих валків', 0, 1, NULL, NULL),
(1450, 'Проектування та розрахунок на ПЕОМ технологічних процесів обробки металів тиском', 0, 1, NULL, NULL),
(675, 'Проектування та розрахунок технологічних процесів кування, штампування та пресування', 0, 1, NULL, NULL),
(1792, 'Проектування та розробка WEB-сторінок', 0, 1, NULL, NULL),
(354301, 'Проектування та технології виготовлення зварних конструкцій', 0, 1, NULL, NULL),
(305183, 'Проектування та технологічне обладнання ливарних цехів', 0, 1, NULL, NULL),
(774, 'Проектування та технологія виробництва зварних та наплавлених матеріалів', 0, 1, NULL, NULL),
(488, 'Проектування технічних засобів автоматизації зварювальних установок', 0, 1, NULL, NULL),
(5001, 'Проектування технічних засобів автоматизації зварювального виробництва', 0, 1, NULL, NULL),
(380192, 'Проектування технічного оснащення', 0, 1, NULL, NULL),
(5556, 'Проектування технічного та програмного забезпечення систем автоматизації', 0, 1, NULL, NULL),
(262027, 'Проектування технологічних процесів інженерії поверхні', 0, 1, NULL, NULL),
(5000, 'Проектування технологічних процесів зварювального виробництва', 0, 1, NULL, NULL),
(926, 'Проектування транспортних систем грузових перевезень', 0, 1, NULL, NULL),
(1014, 'Проектування транспортних систем промислових підприємств', 0, 1, NULL, NULL),
(5067, 'Проектування транспортної системи підприємств', 0, 1, NULL, NULL),
(1627, 'Проектування цехів', 0, 1, NULL, NULL),
(7223, 'Проектування цехів і дільниць верстатоінструментального виробництва', 0, 1, NULL, NULL),
(1492, 'Проектування цехів верстатоінструментального виробництва', 0, 1, NULL, NULL),
(303649, 'Проектування цехів для зварювання і наплавлення', 0, 1, NULL, NULL),
(494, 'Проектування цехів для зварювання, наплавлення та паяння', 0, 1, NULL, NULL),
(7045, 'Проектування цехів обробки металів тиском', 0, 1, NULL, NULL),
(224550, 'Проектування цифрових систем релейного захисту та автоматики', 0, 1, NULL, NULL),
(537, 'Проектування, монтаж і експлуатація систем автоматизації', 0, 1, NULL, NULL),
(471, 'Проектування, розрахунок та виробництво зварних та наплавлених матеріалів', 0, 1, NULL, NULL),
(1791, 'Проеткування та розробка WEB-сторінок', 0, 1, NULL, NULL),
(304214, 'Прокатне виробництво', 0, 1, NULL, NULL),
(1906, 'Прокатне, трубне та волочильне виробництво', 0, 1, NULL, NULL),
(228, 'Промислові автодороги', 0, 1, NULL, NULL),
(5057, 'Промислові залізниці', 0, 1, NULL, NULL),
(1005, 'Промислові залізниці і транспортні споруди', 0, 1, NULL, NULL),
(227, 'Промислові залізниці та транспортні споруди', 0, 1, NULL, NULL),
(506, 'Промислові тепломасообмінні процеси та установки', 0, 1, NULL, NULL),
(568, 'Промислова електроніка', 0, 1, NULL, NULL),
(375087, 'Промислова електроніка та перетворювальна техніка', 0, 1, NULL, NULL),
(735, 'Промисловий маркетинг', 0, 1, NULL, NULL),
(226, 'Промисловий транспорт', 0, 1, NULL, NULL),
(388485, 'Промисловий туризм та міжнародне, дипломатичне обслуговування', 0, 1, NULL, NULL),
(5101, 'Пропуск занять', 0, 1, NULL, NULL),
(261548, 'Протезування опорно-рухової системи', 0, 1, NULL, NULL),
(374720, 'Протидія шкідливому програмному забезпеченню', 0, 1, NULL, NULL),
(7777, 'Професійна (технологічна) практика', 1, 1, NULL, NULL),
(963, 'Професійна етика', 0, 1, NULL, NULL),
(1289, 'Професійна педагогіка', 0, 1, NULL, NULL),
(1582, 'Професійна практика', 1, 1, NULL, NULL),
(7329, 'Професійне ділове документування', 0, 1, NULL, NULL),
(374714, 'Професійний та особистий розвиток студента', 0, 1, NULL, NULL),
(3763, 'Процеси відновлення та інженерії поверхні деталей машин', 0, 1, NULL, NULL),
(411644, 'Процеси наноструктурування поверхні матеріалів', 0, 1, NULL, NULL),
(368707, 'Процеси та апарати промислових технологій', 0, 1, NULL, NULL),
(305878, 'Процеси та машини обробки тиском', 0, 1, NULL, NULL),
(1886, 'Псіхологія глядацької аудіторії', 0, 1, NULL, NULL),
(1884, 'Псіхологія культурно - просвітницької діяльності', 0, 1, NULL, NULL),
(953, 'Психодіагностика', 0, 1, NULL, NULL),
(4214, 'Психолінгвістичні аспекти перекладу', 0, 1, NULL, NULL),
(6508, 'Психологічні аспекти управління процеса перевезень', 0, 1, NULL, NULL),
(1850, 'Психологічне консультування', 0, 1, NULL, NULL),
(341057, 'Психологічний аспект управлінської діяльності', 0, 1, NULL, NULL),
(1591, 'Психологія', 0, 1, NULL, NULL),
(4121, 'Психологія і лідерство в управлінні проектами', 0, 1, NULL, NULL),
(831, 'Психологія ПН', 0, 1, NULL, NULL),
(7070, 'Психологія вищої школи', 0, 1, NULL, NULL),
(6059, 'Психологія діяльності та навчальний менеджмент', 0, 1, NULL, NULL),
(1104, 'Психологія митної справи', 0, 1, NULL, NULL),
(1375, 'Психологія особистості', 0, 1, NULL, NULL),
(958, 'Психологія праці', 0, 1, NULL, NULL),
(341794, 'Психологія розвитку для сфери туризму', 0, 1, NULL, NULL),
(1840, 'Психологія соціальної роботи', 0, 1, NULL, NULL),
(336740, 'Психологія спілкування та споживача туристичних послуг', 0, 1, NULL, NULL),
(1935, 'Психологія спорту', 0, 1, NULL, NULL),
(838, 'Психологія та педагогіка', 0, 1, NULL, NULL),
(1879, 'Психологія управління', 0, 1, NULL, NULL),
(262221, 'Психологія управління та конфліктологія', 0, 1, NULL, NULL),
(390206, 'Психолого-педагогічна практика', 0, 1, NULL, NULL),
(4157, 'Психореабілітація фахівців соціальної сфери', 0, 1, NULL, NULL),
(8042, 'Публікації у наукових виданнях (в тому числі із студентами)', 0, 1, '2(Копія 2)', NULL),
(6003, 'Публіцистика і лекторська майстерність', 0, 1, NULL, NULL),
(4114, 'Публічне адміністрування', 0, 1, NULL, NULL),
(30, 'Рівняння математичної фізики', 0, 1, NULL, NULL),
(4065, 'Рівняння математичної фізики (додаткові розділи)', 0, 1, NULL, NULL),
(3578, 'Ріжучий інструмент та інструментальне забезпечення автоматизованого виробництва', 0, 1, NULL, NULL),
(321, 'Різальний інструмент', 0, 1, NULL, NULL),
(7048, 'Радянське право', 0, 1, NULL, NULL),
(391199, 'Раціональне використання навколишнього середовища та санітарно-хімічний аналіз', 0, 1, NULL, NULL),
(1961, 'Реабілітація у спорту і масаж', 0, 1, NULL, NULL),
(3830, 'Ревізія і контроль', 0, 1, NULL, NULL),
(882, 'Ревізія та контроль', 0, 1, NULL, NULL),
(1806, 'Регіональні товари', 0, 1, NULL, NULL),
(710, 'Регіональна економіка', 0, 1, NULL, NULL),
(1259, 'Регіонально - адміністративний менеджмент', 0, 1, NULL, NULL),
(411275, 'Регенеративна медицина та біотехнології в ортопедії', 0, 1, NULL, NULL),
(5058, 'Регулювання дорожнього руху', 0, 1, NULL, NULL),
(513, 'Режими ТЕС', 0, 1, NULL, NULL),
(1262, 'Реклама і рекламна діяльність', 0, 1, NULL, NULL),
(736, 'Реклама та стимулювання збуту', 0, 1, NULL, NULL),
(336747, 'Рекламна діяльність у туризмі', 0, 1, NULL, NULL),
(1243, 'Рекламний менеджмент', 0, 1, NULL, NULL),
(5028, 'Рекламно-інформаційні технології', 0, 1, NULL, NULL),
(4153, 'Рекламно-інформаційні технології та інноваційні методи в соціальній роботі', 0, 1, NULL, NULL),
(336730, 'Рекреаційні комплекси світу', 0, 1, NULL, NULL),
(7, 'Релігієзнавство', 0, 1, NULL, NULL),
(5008, 'Релейний захист і автоматика', 0, 1, NULL, NULL),
(304, 'Ремонт і модернизація верстатів', 0, 1, NULL, NULL),
(461, 'Ремонт та відновлення деталей машин і апаратів', 0, 1, NULL, NULL),
(909, 'Ремонт, монтаж і змащення металургійного обладнання', 0, 1, NULL, NULL),
(2019, 'Ремонт, монтаж та змащення підйомно-транспортних машин', 0, 1, NULL, NULL),
(624, 'Ренгенографія та електронна мікроскопія', 0, 1, NULL, NULL),
(390075, 'Ресурсозберігальні технології на транспорті', 0, 1, NULL, NULL),
(390181, 'Ресурсозберігаючі зварювальні технології та обладнання', 0, 1, NULL, NULL),
(7311, 'Ресурсозберігаючі технології на автотранспорті', 0, 1, NULL, NULL),
(368696, 'Ресурсозбережні технології виробництва та вторинні енергетичні ресурси', 0, 1, NULL, NULL),
(4040, 'Ресурсоощадні технології у виробництві прокату', 0, 1, NULL, NULL),
(426180, 'Ризик і кризисне проектування систем міжнародних перевезень', 0, 1, NULL, NULL),
(1267, 'Ризик у менеджменті', 0, 1, NULL, NULL),
(302691, 'Ризик-менеджмент', 0, 1, NULL, NULL),
(6755, 'Ризик-менеджмент у логістиці', 0, 1, NULL, NULL),
(6074, 'Ризикологія', 0, 1, NULL, NULL),
(274406, 'Ринок транспортних послуг', 0, 1, NULL, NULL),
(1820, 'Ринок фінансових послуг', 0, 1, NULL, NULL),
(391774, 'Рисунок', 0, 1, NULL, NULL),
(374515, 'Рисунок, живопис, скульптура', 0, 1, NULL, NULL),
(1395, 'Риторика', 0, 1, NULL, NULL),
(3932, 'Риторика і культура мовлення', 0, 1, NULL, NULL),
(262173, 'Риторика та комунікація', 0, 1, NULL, NULL),
(8061, 'Робота в експертних комісіях ВАК, ДАК, методичних, наукових та інш. Радах МОН', 0, 1, '1(Копія 6)', NULL),
(8066, 'Робота заступником декана факультету (зас. директора інституту)', 0, 1, '6(Копія 1)', NULL),
(8063, 'Робота у науково-методичних та науково-технічних радах університету та факультету', 0, 1, '3(Копія 4)', NULL),
(8062, 'Робота у спеціалізованих радах із захисту дисертацій', 0, 1, '2(Копія 5)', NULL),
(5002, 'Роботи, складально-зварювальні верстати, установки та лінії', 0, 1, NULL, NULL),
(457, 'Роботизовані технології зварювання', 0, 1, NULL, NULL),
(1581, 'Робоча практика', 1, 1, NULL, NULL),
(224177, 'Розвиток грошового обігу', 0, 1, NULL, NULL),
(2008, 'Розвиток основних наукових напрямків в ОМТ', 0, 1, NULL, NULL),
(132, 'Розвиток творчих здібностей', 0, 1, NULL, NULL),
(7055, 'Розливка сталі', 0, 1, NULL, NULL),
(1149, 'Розміщення продуктивних сил', 0, 1, NULL, NULL),
(1869, 'Розміщення продуктивних сил і регіональна економіка', 0, 1, NULL, NULL),
(1724, 'Розподілені інформаційні системи', 0, 1, NULL, NULL),
(4081, 'Розподілені інформаційно-аналітичні системи', 0, 1, NULL, NULL),
(1411, 'Розподілені банки даних', 0, 1, NULL, NULL),
(7152, 'Розпорядження правами інтелектуальної власності та їх захист', 0, 1, NULL, NULL),
(369, 'Розрахунки і конструювання елементів та вузлів підйомно-транспортних машин', 0, 1, NULL, NULL),
(5557, 'Розрахунки електричних схем на ЕОМ', 0, 1, NULL, NULL),
(1123, 'Розрахунки масообміну та кінетики процесів ливарного виробництва', 0, 1, NULL, NULL),
(504, 'Розрахунки паливозапалюючих приладів та поточних приладів', 0, 1, NULL, NULL),
(1082, 'Розрахунки паливоспалювальних приладів та топкових камер', 0, 1, NULL, NULL),
(301098, 'Розрахунки та конструювання металорізальних верстатів', 0, 1, NULL, NULL),
(7201, 'Розрахунки теплофізичних, фізико - хімічних, масообмінних процесів у металургійних агрегатах', 0, 1, NULL, NULL),
(1134, 'Розрахунки теплофізичних, фізико-хімічних, масообмінних процесів у металургійних машинах', 0, 1, NULL, NULL),
(399591, 'Розрахункове обслуговування туристичних підприємств', 0, 1, NULL, NULL),
(910, 'Розрахунок і конструювання металургійних машин і агрегатів (ММА)', 0, 1, NULL, NULL),
(1494, 'Розрахунок і конструювання обладнання прокатних цехів', 0, 1, NULL, NULL),
(385545, 'Розрахунок і проектування зварювальних процесів', 0, 1, NULL, NULL),
(485, 'Розрахунок та проектування зварних конструкцій', 0, 1, NULL, NULL),
(368695, 'Розрахунок та проектування санітарно-захисних зон', 0, 1, NULL, NULL),
(335387, 'Розробка веб-додатків ASP.NET', 0, 1, NULL, NULL),
(1120, 'Розробка математичних моделей у наукових дослідженнях', 0, 1, NULL, NULL),
(335388, 'Розробка програмних продуктів для мобільних пристроїв', 0, 1, NULL, NULL),
(3967, 'Розробка та аналіз інноваційних проектів', 0, 1, NULL, NULL),
(737, 'Розробка товару', 0, 1, NULL, NULL),
(-346023, 'Російська мова', 4, 1, NULL, NULL),
(7062, 'Російська мова', 0, 1, NULL, NULL),
(3989, 'Російська мова як іноземна', 0, 1, NULL, NULL),
(1528, 'Російська музика', 0, 1, NULL, NULL),
(1003, 'Рухомий склад промавтотранспорту', 0, 1, NULL, NULL),
(1007, 'Рухомий склад промислового залізничного транспорту', 0, 1, NULL, NULL),
(5054, 'Рухомий склад промтранспорту', 0, 1, NULL, NULL),
(1721, 'Сім\'єзнавство', 0, 1, NULL, NULL),
(748, 'Сітуаційний аналіз', 0, 1, NULL, NULL),
(1805, 'Сітьовий маркетинг', 0, 1, NULL, NULL),
(1337, 'САПР', 0, 1, NULL, NULL),
(284, 'САПР інструменту', 0, 1, NULL, NULL),
(416586, 'САПР інформаційних та управляючих систем', 0, 1, NULL, NULL),
(288, 'САПР верстатів', 0, 1, NULL, NULL),
(1039, 'САПР верстатів та інструментів', 0, 1, NULL, NULL),
(7318, 'САПР електромеханічних систем автоматизації та електроприводу', 0, 1, NULL, NULL),
(603, 'САПР релейного захисту', 0, 1, NULL, NULL),
(264, 'САПР технологічних процесів', 0, 1, NULL, NULL),
(1142, 'САПР транспортних технологій', 0, 1, NULL, NULL),
(1598, 'САПР у будівництві', 0, 1, NULL, NULL),
(906, 'САПР у зварюванні', 0, 1, NULL, NULL),
(1937, 'САПР штампів у ОМТ', 0, 1, NULL, NULL),
(7076, 'Садово-паркове та ландшафтне будівництво', 0, 1, NULL, NULL),
(1278, 'Самоменеджмент', 0, 1, NULL, NULL),
(5021, 'Самоорганізація особистості', 0, 1, NULL, NULL),
(1108, 'Світові контейнерні системи', 0, 1, NULL, NULL),
(641, 'Світова історія мистецтв', 0, 1, NULL, NULL),
(241, 'Світова економіка і міжнародні економічні відносини', 0, 1, NULL, NULL);

-- --------------------------------------------------------

--
-- Структура таблицы `discipline_types`
--

CREATE TABLE `discipline_types` (
  `id` tinyint(1) NOT NULL,
  `discipline_type_name` varchar(80) CHARACTER SET utf8mb4 COLLATE utf8mb4_unicode_ci NOT NULL
) ENGINE=InnoDB DEFAULT CHARSET=utf8mb4 COLLATE=utf8mb4_unicode_ci;

--
-- Дамп данных таблицы `discipline_types`
--

INSERT INTO `discipline_types` (`id`, `discipline_type_name`) VALUES
(0, 'Загальна'),
(1, 'Практика'),
(7, 'Підсумкова атестація'),
(6, 'Комплексний екзамен'),
(3, 'Випускна робота'),
(4, '???');

-- --------------------------------------------------------

--
-- Структура таблицы `divisions`
--

CREATE TABLE `divisions` (
  `id` varchar(12) CHARACTER SET utf8mb4 COLLATE utf8mb4_unicode_ci NOT NULL,
  `division_name` varchar(255) CHARACTER SET utf8mb4 COLLATE utf8mb4_unicode_ci NOT NULL,
  `division_short_name` varchar(80) CHARACTER SET utf8mb4 COLLATE utf8mb4_unicode_ci DEFAULT NULL,
  `division_type_id` int(11) NOT NULL,
  `parent_division_id` varchar(12) CHARACTER SET utf8mb4 COLLATE utf8mb4_unicode_ci DEFAULT NULL,
  `is_used` tinyint(1) NOT NULL
) ENGINE=InnoDB DEFAULT CHARSET=utf8mb4 COLLATE=utf8mb4_unicode_ci;

--
-- Дамп данных таблицы `divisions`
--

INSERT INTO `divisions` (`id`, `division_name`, `division_short_name`, `division_type_id`, `parent_division_id`, `is_used`) VALUES
('2', 'Факультет інформаційних технологій', 'ФІТ', 1, NULL, 1),
('GKHNITMSORYY', 'Комп\'ютерних наук', 'КН', 2, '2', 1),
('OQCLGOCRKXES', 'Інформатики', 'ВТ', 2, '2', 1),
('QF1XLCYK9GHA', 'Біомедичної інженерії', 'БМІ', 2, '2', 1),
('1', 'Центр заочного навчання', 'ЦЗН', 1, NULL, 1),
('3', 'Соціально-гуманітарний факультет', 'СГФ', 1, NULL, 1),
('4', 'Економічний факультет', 'ЕкФ', 1, NULL, 1),
('5', 'Енергетичний факультет', 'ЕнФ', 1, NULL, 1),
('7', 'Металургійний факультет', 'МФ', 1, NULL, 1),
('8', 'Факультет машинобудування та зварювання', 'ФМЗ', 1, NULL, 1),
('9', 'Факультет транспортних технологій', 'ФТТ', 1, NULL, 1),
('12', 'Дистанційне навчання', 'ДН', 1, NULL, 1),
('13', 'Інститут підвищення кваліфікації', 'ІПК', 1, NULL, 1),
('CHL3HY81OJ2M', 'Туризму', 'ТУР', 2, '3', 1),
('31', 'Факультет інженерної та мовної підготовки', 'ФІЯП', 1, NULL, 1),
('LXTBRXDZOQRV', 'Економіки підприємств', 'ЕП', 2, '4', 1),
('PJPWBEHVADJF', 'Маркетингу та бізнес–адміністрування', 'МКтаБА', 2, '4', 1),
('JESCNFJPFVBM', 'Обліку та аудиту', 'ОА', 2, '4', 1),
('IOHIJMFWORIC', 'Фінансів та банківської справи', 'ФтаБС', 2, '4', 1),
('GWNGDDDVCMDF', 'Електроенергетичних комплексів та систем', 'ЕЕКтаС', 2, '5', 1),
('DNOUMTIYXXEK', 'Промислових теплоенергетичних установок та теплопостачання', 'ПТЕУтаТ', 2, '5', 1),
('DICAUKKHTSUK', 'Перекладу', 'РП', 2, '3', 1),
('YALZNIRXUZAK', 'Матеріалознавство та перспективні технології', 'МВтаПТ', 2, '7', 1),
('OKNEIIYONFNA', 'Обробки металів тиском', 'ОМТ', 2, '7', 1),
('VEGDHTHWZXAC', 'Теорії металургійних процесів і ливарного виробництва', 'ТМПіЛВ', 2, '7', 1),
('KMMTKHRXNNVK', 'Наноінженерія в галузевому машинобудуванні', 'НІвГМ', 2, '8', 1),
('SJEGWYJFERTI', 'Механічного обладнання заводів чорної металургії', 'МОЗЧМ', 2, '8', 1),
('AZTMKWNJCIVW', 'Підйомно-транспортних машин і деталей машин', 'ПТМіДМ', 2, '8', 1),
('WMJXSRNQOEAQ', 'Технології машинобудування', 'ТМ', 2, '8', 1),
('TXCEGSDTIXSG', 'Транспортних технологій підприємств', 'ТТП', 2, '9', 1),
('UXOHAPECPBEY', 'Технології міжнародних перевезень і логістики', 'ТМПіЛ', 2, '9', 1),
('PLMFTKXIOQSG', 'Автоматизації і комп\'ютерних технологій', 'АКТ', 2, '2', 1),
('DHUZZIRJKPKE', 'Української мови та слов’янської філології', 'УМтаСФ', 2, '3', 1),
('GQTJCNKNCWLG', 'Економічної теорії та підприємництва', 'ЕТтаП', 2, '4', 1),
('MSMQFKGCHUYN', 'Вищої та прикладної математики', 'ВтаПМ', 2, '2', 1),
('IGMGHBTTWZIP', 'Охорони праці й навколишнього середовища', 'ОПйНС', 2, '5', 1),
('PEHYWUWHZXVQ', 'Хімічної технології та інженерії', 'ХТтаІ', 2, '7', 1),
('DYRXFVYDEORB', 'Фізичного виховання та спорту', 'ФВтаС', 2, '3', 1),
('YPRXDXOIAHPZ', 'Автомобільного транспорту', 'АТ', 2, '9', 1),
('UR1RZASMOOGN', 'Систем автоматизації та електроприводу', 'САтаЕП', 2, '5', 1),
('ZFSUETQIXDZQ', 'Іноземних мов', 'ІнМ', 2, '31', 1),
('ONQZVQVNPHBQ', 'Інноватики і управління', 'МН', 2, '4', 1),
('YZAYOXZKZNDF', 'Архітектури', 'АРХ', 2, '8', 1),
('PJJ3MDPA8UXP', 'Фізики', 'ФІЗ', 2, '2', 1),
('OSRB2XAQF0DZ', 'Соціології та соціальної роботи', 'СР', 2, '3', 1),
('GB79YXSXOQVV', 'Філософських наук та історії України', 'ФНтаІУ', 2, '3', 1),
('CIGSCZBIHZXH', 'Металургії чорних металів', 'МЧМ', 2, '7', 1),
('1OLQOG3AR0VV', 'Гуманітарних дисциплін і мовної підготовки іноземних громадян', 'ГДіМПІГ', 2, '31', 1),
('0UFVBZ24EK91', 'Загальноосвітніх дисциплін', 'ЗОД', 2, '31', 1),
('T6PH94XVHB06', 'Транспортного менеджменту і логістики', 'МТЛ', 2, '4', 1),
('0F5NL65K56XN', 'Металургії і технології зварювального виробництва', 'МІТЗВ', 2, '8', 1),
('SKGL4O4R7QT7', 'Автоматизації і механізації зварювального виробництва', 'АіМЗВ', 2, '8', 1),
('1TXDE3OZUZR4', 'Навчально-науковий інститут заочного та дистанційного навчання', 'ННІЗтаДН', 4, '1', 1),
('PLMKPZF4A3QJ', 'Навчально-науковий інститут металів', 'ННІМ', 4, '7', 1),
('0', 'Ректорат', 'Ректорат', 0, NULL, 1);

-- --------------------------------------------------------

--
-- Структура таблицы `division_types`
--

CREATE TABLE `division_types` (
  `id` int(11) NOT NULL,
  `division_type_name` varchar(80) CHARACTER SET utf8mb4 COLLATE utf8mb4_unicode_ci NOT NULL,
  `division_type_short_name` varchar(10) CHARACTER SET utf8mb4 COLLATE utf8mb4_unicode_ci DEFAULT NULL
) ENGINE=InnoDB DEFAULT CHARSET=utf8mb4 COLLATE=utf8mb4_unicode_ci;

--
-- Дамп данных таблицы `division_types`
--

INSERT INTO `division_types` (`id`, `division_type_name`, `division_type_short_name`) VALUES
(1, 'Факультет', 'Фак.'),
(2, 'Кафедра', 'Каф.'),
(4, 'Інститут', 'Інст.'),
(0, 'Ректорат', 'Рек.');

-- --------------------------------------------------------

--
-- Структура таблицы `education_forms`
--

CREATE TABLE `education_forms` (
  `id` int(11) NOT NULL,
  `education_form_name` varchar(80) CHARACTER SET utf8mb4 COLLATE utf8mb4_unicode_ci NOT NULL,
  `education_form_description` varchar(255) CHARACTER SET utf8mb4 COLLATE utf8mb4_unicode_ci DEFAULT NULL
) ENGINE=InnoDB DEFAULT CHARSET=utf8mb4 COLLATE=utf8mb4_unicode_ci;

--
-- Дамп данных таблицы `education_forms`
--

INSERT INTO `education_forms` (`id`, `education_form_name`, `education_form_description`) VALUES
(1, 'Денна', NULL),
(2, 'Заочна', NULL);

-- --------------------------------------------------------

--
-- Структура таблицы `employers`
--

CREATE TABLE `employers` (
  `id` varchar(12) CHARACTER SET utf8mb4 COLLATE utf8mb4_unicode_ci NOT NULL,
  `position_id` int(11) NOT NULL,
  `first_name` varchar(100) CHARACTER SET utf8mb4 COLLATE utf8mb4_unicode_ci NOT NULL,
  `last_name` varchar(100) CHARACTER SET utf8mb4 COLLATE utf8mb4_unicode_ci NOT NULL,
  `middle_name` varchar(100) CHARACTER SET utf8mb4 COLLATE utf8mb4_unicode_ci DEFAULT NULL,
  `sex` char(1) CHARACTER SET utf8mb4 COLLATE utf8mb4_unicode_ci NOT NULL,
  `fio` varchar(302) CHARACTER SET utf8mb4 COLLATE utf8mb4_unicode_ci DEFAULT NULL,
  `fio_short` varchar(303) CHARACTER SET utf8mb4 COLLATE utf8mb4_unicode_ci DEFAULT NULL,
  `division_id` varchar(12) CHARACTER SET utf8mb4 COLLATE utf8mb4_unicode_ci NOT NULL,
  `login` varchar(255) CHARACTER SET utf8mb4 COLLATE utf8mb4_unicode_ci DEFAULT NULL,
  `password` varchar(255) CHARACTER SET utf8mb4 COLLATE utf8mb4_unicode_ci DEFAULT NULL,
  `registry_code` varchar(50) CHARACTER SET utf8mb4 COLLATE utf8mb4_unicode_ci DEFAULT NULL,
  `is_registered` tinyint(1) NOT NULL
) ENGINE=InnoDB DEFAULT CHARSET=utf8mb4 COLLATE=utf8mb4_unicode_ci;

--
-- Дамп данных таблицы `employers`
--

INSERT INTO `employers` (`id`, `position_id`, `first_name`, `last_name`, `middle_name`, `sex`, `fio`, `fio_short`, `division_id`, `login`, `password`, `registry_code`, `is_registered`) VALUES
('4K6LG7YJPV4D', 566, 'Наталія', 'Євтушенко', 'Іванівна', 'Ж', NULL, NULL, 'DICAUKKHTSUK', 'test@test.com', '$2y$10$1wFk4ho8rJV8XPh33tPaeu6hN5YTOmAN3h2V4A6Arzw4395dNTU9q', '1234', 1),
('33H0QB0ETUK3', 967, 'Віталій', 'Євченко', 'Миколайович', 'М', NULL, NULL, '0', NULL, NULL, NULL, 0),
('1FE6R2PKUP99', 566, 'Неллі', 'Єлістратова', 'Юріївна', 'Ж', NULL, NULL, 'IGMGHBTTWZIP', NULL, NULL, NULL, 0),
('PT8NRU8EDBV4', 566, 'Світлана', 'Єльцова', 'Сергіївна', 'Ж', NULL, NULL, 'ZFSUETQIXDZQ', NULL, NULL, NULL, 0),
('LIBMJVWCPPTP', 290184, 'Василь', 'Єфременко', 'Георгійович', 'М', NULL, NULL, 'PJJ3MDPA8UXP', NULL, NULL, NULL, 0),
('FXG1QFSLLB0I', 566, 'Богдан', 'Єфременко', 'Васильович', 'М', NULL, NULL, 'QF1XLCYK9GHA', NULL, NULL, NULL, 0),
('ZPXRTSF46RQK', 568, 'Віталій', 'Іванов', 'Петрович', 'М', NULL, NULL, 'SKGL4O4R7QT7', NULL, NULL, NULL, 0),
('HHNWDAR9QFF6', 568, 'Євген', 'Іванов', 'Іванович', 'М', NULL, NULL, 'WMJXSRNQOEAQ', NULL, NULL, NULL, 0),
('WJ7OJHHAV08J', 568, 'В’ячеслав', 'Іванов', 'Іванович', 'М', NULL, NULL, 'KMMTKHRXNNVK', NULL, NULL, NULL, 0),
('E1E9Z9KL5Q79', 568, 'Вікторія', 'Іващенко', 'Юріївна', 'Ж', NULL, NULL, 'YALZNIRXUZAK', NULL, NULL, NULL, 0),
('CWORY63HG88Y', 566, 'Андрій', 'Ісаєв', 'Борисович', 'М', NULL, NULL, 'PLMFTKXIOQSG', NULL, NULL, NULL, 0),
('VRNRR3X3F8NH', 572, 'Анатолій', 'Іщенко', 'Олексійович', 'М', NULL, NULL, 'SJEGWYJFERTI', NULL, NULL, NULL, 0),
('R3DI11FABHRK', 290184, 'Олександр', 'Азархов', 'Юрійович', 'М', NULL, NULL, 'QF1XLCYK9GHA', NULL, NULL, NULL, 0),
('8RDPZ7DEGAOU', 568, 'Валерій', 'Алістратов', 'Миколайович', 'М', NULL, NULL, '0F5NL65K56XN', NULL, NULL, NULL, 0),
('ACVM1OM346IY', 570, 'Вікторія', 'Алексєєва', 'Анатоліївна', 'Ж', NULL, NULL, 'VEGDHTHWZXAC', NULL, NULL, NULL, 0),
('2KIE0SOFNNOS', 568, 'Раїса', 'Александрова', 'Ананіївна', 'Ж', NULL, NULL, 'LXTBRXDZOQRV', NULL, NULL, NULL, 0),
('SNCEVAAFH6KG', 566, 'Сергій', 'Альошин', 'Вікторович', 'М', NULL, NULL, 'GKHNITMSORYY', NULL, NULL, NULL, 0),
('RIKI71XEXL34', 568, 'Олена', 'Амельницька', 'Володимирівна', 'Ж', NULL, NULL, 'T6PH94XVHB06', NULL, NULL, NULL, 0),
('XZ90RNN8AM1F', 568, 'Олександр', 'Аніщенко', 'Сергійович', 'М', NULL, NULL, 'OKNEIIYONFNA', NULL, NULL, NULL, 0),
('LHX5MXWOUEEQ', 290184, 'Олександр', 'Анділахай', 'Олександрович', 'М', NULL, NULL, 'WMJXSRNQOEAQ', NULL, NULL, NULL, 0),
('OLSQDLXG515S', 568, 'Володимир', 'Анділахай', 'Олександрович', 'М', NULL, NULL, 'AZTMKWNJCIVW', NULL, NULL, NULL, 0),
('4IF0XIMM7YCB', 568, 'Наталя', 'Бєлова', 'Вікторівна', 'Ж', NULL, NULL, 'GB79YXSXOQVV', NULL, NULL, NULL, 0),
('XV9EJM3J2ZQ4', 568, 'Олександр', 'Білик', 'Григорович', 'М', NULL, NULL, '0F5NL65K56XN', NULL, NULL, NULL, 0),
('ZBFRYP9U310H', 568, 'Світлана', 'Білоус-Сергєєва', 'Олександрівна', 'Ж', NULL, NULL, 'GQTJCNKNCWLG', NULL, NULL, NULL, 0),
('UJW1YW058MLS', 566, 'Тетяна', 'Бабич', 'Михайлівна', 'Ж', NULL, NULL, 'DYRXFVYDEORB', NULL, NULL, NULL, 0),
('CJSYSSTQM72T', 568, 'Валентин', 'Бакланський', 'Михайлович', 'М', NULL, NULL, 'CIGSCZBIHZXH', NULL, NULL, NULL, 0),
('9YG8BMMTK5HI', 568, 'Олена', 'Балалаєва', 'Юріївна', 'Ж', NULL, NULL, 'OQCLGOCRKXES', NULL, NULL, NULL, 0),
('CYV3AJUYEQYL', 566, 'Валентина', 'Балухтіна', 'Василівна', 'Ж', NULL, NULL, 'DYRXFVYDEORB', NULL, NULL, NULL, 0),
('6KXHUVGUKRON', 566, 'Ірина', 'Барабаш', 'Василівна', 'Ж', NULL, NULL, 'ZFSUETQIXDZQ', NULL, NULL, NULL, 0),
('X2N6HQ73AD6K', 568, 'Тетяна', 'Бараненко', 'Костянтинівна', 'Ж', NULL, NULL, 'GWNGDDDVCMDF', NULL, NULL, NULL, 0),
('BPFA6G0E9X3Q', 568, 'Володимир', 'Барсуков', 'Анатолійович', 'М', NULL, NULL, 'WMJXSRNQOEAQ', NULL, NULL, NULL, 0),
('04WL3CHAC4XK', 565, 'Володимир', 'Бежан', 'Андрійович', 'М', NULL, NULL, 'DNOUMTIYXXEK', NULL, NULL, NULL, 0),
('SV8BJMN32NHG', 290184, 'Микола', 'Белопольський', 'Григорович', 'М', NULL, NULL, 'JESCNFJPFVBM', NULL, NULL, NULL, 0),
('NIVTCPRU0ZK7', 572, 'Анатолій', 'Берестовой', 'Михайлович', 'М', NULL, NULL, 'YPRXDXOIAHPZ', NULL, NULL, NULL, 0),
('CQRT7X6ZBVAV', 572, 'Світлана', 'Бессонова', 'Іванівна', 'Ж', NULL, NULL, 'JESCNFJPFVBM', NULL, NULL, NULL, 0),
('KMYODUOTAB4E', 568, 'Галина', 'Бессонова', 'Павлівна', 'Ж', NULL, NULL, 'JESCNFJPFVBM', NULL, NULL, NULL, 0),
('2ZGQA5VJ25BD', 568, 'Оксана', 'Боднарук', 'Вікторівна', 'Ж', NULL, NULL, 'PJPWBEHVADJF', NULL, NULL, NULL, 0),
('KMHD3HRVNONK', 568, 'Владислав', 'Бондар', 'Іванович', 'М', NULL, NULL, 'VEGDHTHWZXAC', NULL, NULL, NULL, 0),
('95FGICOTA7CG', 568, 'Ольга', 'Бондаренко', 'Олегівна', 'Ж', NULL, NULL, 'GQTJCNKNCWLG', NULL, NULL, NULL, 0),
('VHGIOIC2OTUP', 381137, 'Карина', 'Борблік', 'Едуардівна', 'Ж', NULL, NULL, 'ONQZVQVNPHBQ', NULL, NULL, NULL, 0),
('STTG279S42XK', 570, 'Оксана', 'Борзіло', 'Олександрівна', 'Ж', NULL, NULL, '0UFVBZ24EK91', NULL, NULL, NULL, 0),
('ADXA2ECGGA03', 566, 'Людмила', 'Бороденко', 'Миколаївна', 'Ж', NULL, NULL, 'DHUZZIRJKPKE', NULL, NULL, NULL, 0),
('67RULO9VWUUD', 566, 'Олена', 'Бочарова', 'Анатоліївна', 'Ж', NULL, NULL, 'YZAYOXZKZNDF', NULL, NULL, NULL, 0),
('LS3KRM5S00RF', 566, 'Яна', 'Бударіна', 'Василівна', 'Ж', NULL, NULL, '1OLQOG3AR0VV', NULL, NULL, NULL, 0),
('HI4U8W1KD8K6', 568, 'Катерина', 'Букріна', 'Андріївна', 'Ж', NULL, NULL, 'IOHIJMFWORIC', NULL, NULL, NULL, 0),
('VFQ6WFQMRZNW', 568, 'Галина', 'Буланчук', 'Григорівна', 'Ж', NULL, NULL, 'MSMQFKGCHUYN', NULL, NULL, NULL, 0),
('NIL7KB7RNNYP', 568, 'Вадим', 'Бурко', 'Анатолійович', 'М', NULL, NULL, 'IGMGHBTTWZIP', NULL, NULL, NULL, 0),
('1G11IQAVS2UE', 568, 'Віктор', 'Бурлаков', 'Іванович', 'М', NULL, NULL, 'KMMTKHRXNNVK', NULL, NULL, NULL, 0),
('7G5F2BUVT0DP', 565, 'Галина', 'Бурлакова', 'Юріївна', 'Ж', NULL, NULL, 'YPRXDXOIAHPZ', NULL, NULL, NULL, 0),
('JHY42HN9ABAK', 566, 'Дар\'я', 'Бурова', 'Володимирівна', 'Ж', NULL, NULL, 'YALZNIRXUZAK', NULL, NULL, NULL, 0),
('JCYPOBJDTG8Y', 565, 'Елеонора', 'Бутенко', 'Олегівна', 'Ж', NULL, NULL, 'PEHYWUWHZXVQ', NULL, NULL, NULL, 0),
('34VC6Q8RJZEA', 565, 'Валерій', 'Буцукін', 'Віталійович', 'М', NULL, NULL, 'SJEGWYJFERTI', NULL, NULL, NULL, 0),
('8BKSMVKWXAWH', 566, 'Лариса', 'Віговська', 'Анатоліївна', 'Ж', NULL, NULL, 'ZFSUETQIXDZQ', NULL, NULL, NULL, 0),
('XQ4KBL09YLQP', 472, 'Михайло', 'Верескун', 'Вікторович', 'М', NULL, NULL, '2', NULL, NULL, NULL, 0),
('I472NGKF6MHH', 565, 'Ганна', 'Висоцька', 'Віталіївна', 'Ж', NULL, NULL, 'DICAUKKHTSUK', NULL, NULL, NULL, 0),
('S8I5H5BXHI6N', 568, 'Валерій', 'Власов', 'Тимофійович', 'М', NULL, NULL, 'AZTMKWNJCIVW', NULL, NULL, NULL, 0),
('1U240ZLHTJEJ', 568, 'Віктор', 'Водзянський', 'Володимирович', 'М', NULL, NULL, 'WMJXSRNQOEAQ', NULL, NULL, NULL, 0),
('GC7AWIFP4TDK', 566, 'Сергій', 'Володін', 'Іванович', 'М', NULL, NULL, 'OQCLGOCRKXES', NULL, NULL, NULL, 0),
('5KBXEXBFY75X', 470, 'В’ячеслав', 'Волошин', 'Степанович', 'М', NULL, NULL, '0', NULL, NULL, NULL, 0),
('7K3RC2UGHWO1', 568, 'Сергій', 'Волощук', 'Олексійович', 'М', NULL, NULL, 'OQCLGOCRKXES', NULL, NULL, NULL, 0),
('VH7U5TIQPNXN', 568, 'Валерія', 'Воропай', 'Сергіївна', 'Ж', NULL, NULL, 'TXCEGSDTIXSG', NULL, NULL, NULL, 0),
('C9NR33TMONY3', 568, 'Злата', 'Воротнікова', 'Євгенівна', 'Ж', NULL, NULL, 'PLMFTKXIOQSG', NULL, NULL, NULL, 0),
('ZIS094YTYHD7', 290184, 'Олександр', 'Гібаленко', 'Миколайович', 'М', NULL, NULL, 'YZAYOXZKZNDF', NULL, NULL, NULL, 0),
('VBOP12NDX6SY', 565, 'Вікторія', 'Гаврилова', 'Григорівна', 'Ж', NULL, NULL, 'YALZNIRXUZAK', NULL, NULL, NULL, 0),
('XZQJ45RDANGD', 568, 'Володимир', 'Гагарін', 'Олександрович', 'М', NULL, NULL, 'KMMTKHRXNNVK', NULL, NULL, NULL, 0),
('LQRKNU2463ET', 566, 'Тетяна', 'Годун', 'Миколаївна', 'Ж', NULL, NULL, 'YZAYOXZKZNDF', NULL, NULL, NULL, 0),
('999', 565, 'Тамара', 'Голі-Оглу', 'Войцехівна', 'Ж', NULL, NULL, 'DHUZZIRJKPKE', NULL, NULL, NULL, 0),
('F4S4FKQ6BAY2', 568, 'Станіслав', 'Голобоков', 'Олексійович', 'М', NULL, NULL, 'JESCNFJPFVBM', NULL, NULL, NULL, 0),
('22NLIEX93YCG', 568, 'Віктор', 'Голобоков', 'Сергійович', 'М', NULL, NULL, 'YZAYOXZKZNDF', NULL, NULL, NULL, 0),
('NXMTVRBDFKZ0', 290184, 'Вікторія', 'Гончар', 'Василівна', 'Ж', NULL, NULL, 'PJPWBEHVADJF', NULL, NULL, NULL, 0),
('RNQCDN2TSY5O', 568, 'Тетяна', 'Горохова', 'Вадимівна', 'Ж', NULL, NULL, 'PJPWBEHVADJF', NULL, NULL, NULL, 0),
('IL6C53HSV9NM', 568, 'Олександр', 'Горпинич', 'Вікторович', 'М', NULL, NULL, 'GWNGDDDVCMDF', NULL, NULL, NULL, 0),
('WT2RNOBS4L49', 572, 'Віктор', 'Гранкін', 'Павлович', 'М', NULL, NULL, 'OQCLGOCRKXES', NULL, NULL, NULL, 0),
('85PXFQLBIXS8', 568, 'Денис', 'Гранкін', 'Вікторович', 'М', NULL, NULL, 'OQCLGOCRKXES', NULL, NULL, NULL, 0),
('1P8ICKUPNP1I', 566, 'Віктор', 'Графов', 'Вячеславович', 'М', NULL, NULL, 'MSMQFKGCHUYN', NULL, NULL, NULL, 0),
('JANH1FDZURT9', 568, 'Марія', 'Григор’єва', 'Олексіївна', 'Ж', NULL, NULL, 'YALZNIRXUZAK', NULL, NULL, NULL, 0),
('R80SUOW67DCF', 572, 'Володимир', 'Губенко', 'Костянтинович', 'М', NULL, NULL, 'UXOHAPECPBEY', NULL, NULL, NULL, 0),
('W6553HYXEPCK', 572, 'Сергій', 'Гулаков', 'Володимирович', 'М', NULL, NULL, 'UR1RZASMOOGN', NULL, NULL, NULL, 0),
('4WQARO57VJUJ', 2009, 'Юрій', 'Гусєв', 'Вячеславович', 'М', NULL, NULL, '0', NULL, NULL, NULL, 0),
('DC7QW6Q3BUCG', 568, 'Леонід', 'Дан', 'Олександрович', 'М', NULL, NULL, 'VEGDHTHWZXAC', NULL, NULL, NULL, 0),
('361RPYT5A82C', 568, 'Сергій', 'Десятський', 'Петрович', 'М', NULL, NULL, 'MSMQFKGCHUYN', NULL, NULL, NULL, 0),
('CEJESESNA9Z7', 566, 'Антоніна', 'Джеренова', 'Василівна', 'Ж', NULL, NULL, 'PJJ3MDPA8UXP', NULL, NULL, NULL, 0),
('5313J47PQODS', 471, 'Валерій', 'Дмитрієв', 'Юрійович', 'М', NULL, NULL, '0', NULL, NULL, NULL, 0),
('TMZGDMOZXV3L', 568, 'Тетяна', 'Добіна', 'Геннадіївна', 'Ж', NULL, NULL, 'OSRB2XAQF0DZ', NULL, NULL, NULL, 0),
('32M7LMIVYLOJ', 568, 'Людмила', 'Добровольська', 'Олександрівна', 'Ж', NULL, NULL, 'PLMFTKXIOQSG', NULL, NULL, NULL, 0),
('Y881W7SFTOID', 566, 'Марія', 'Долга', 'Валентинівна', 'Ж', NULL, NULL, 'OQCLGOCRKXES', NULL, NULL, NULL, 0),
('UAYNKNL4V0BX', 568, 'Михайло', 'Дяченко', 'Дмитрович', 'М', NULL, NULL, 'UR1RZASMOOGN', NULL, NULL, NULL, 0),
('W4RJ42EGJPNH', 572, 'Ігор', 'Жежеленко', 'Володимирович', 'М', NULL, NULL, 'GWNGDDDVCMDF', NULL, NULL, NULL, 0),
('3C8965UDRNW4', 568, 'Оксана', 'Жижома', 'Олександрівна', 'Ж', NULL, NULL, 'DHUZZIRJKPKE', NULL, NULL, NULL, 0),
('TEK9TM7AH9KD', 568, 'Олександр', 'Жилінков', 'Олександрович', 'М', NULL, NULL, 'TXCEGSDTIXSG', NULL, NULL, NULL, 0),
('719VY5OQEHTB', 566, 'Володимир', 'Житаренко', 'Михайлович', 'М', NULL, NULL, 'DNOUMTIYXXEK', NULL, NULL, NULL, 0),
('H3282QVWKW26', 565, 'Віктор', 'Жук', 'Іванович', 'М', NULL, NULL, '0UFVBZ24EK91', NULL, NULL, NULL, 0),
('3BXY7KU954YK', 393506, 'Наталя', 'Захаренко', 'Сергіївна', 'Ж', NULL, NULL, '9', NULL, NULL, NULL, 0),
('TVRUE9BO8TC7', 568, 'Ірина', 'Захарова', 'В’ячеславівна', 'Ж', NULL, NULL, 'SKGL4O4R7QT7', NULL, NULL, NULL, 0),
('ODQFW9LLT2K1', 570, 'Вадим', 'Зурнаджи', 'Іванович', 'М', NULL, NULL, 'PJJ3MDPA8UXP', NULL, NULL, NULL, 0),
('29NHBPB4JJ8H', 572, 'Володимир', 'Зусін', 'Якович', 'М', NULL, NULL, '0F5NL65K56XN', NULL, NULL, NULL, 0),
('Q9TIRT92MBBQ', 566, 'Антон', 'Зусін', 'Михайлович', 'М', NULL, NULL, '0F5NL65K56XN', NULL, NULL, NULL, 0),
('UBE2JTDRH2JM', 565, 'Володимир', 'Зюзь', 'Миколайович', 'М', NULL, NULL, 'DYRXFVYDEORB', NULL, NULL, NULL, 0),
('THDNSBZQYLO5', 566, 'Валерій', 'Кіор', 'Іванович', 'М', NULL, NULL, 'DHUZZIRJKPKE', NULL, NULL, NULL, 0),
('4VEHPITEQUS1', 570, 'Ольга', 'Кіпчарська', 'Миколаївна', 'Ж', NULL, NULL, 'AZTMKWNJCIVW', NULL, NULL, NULL, 0),
('VX1UYMXP93OO', 566, 'Віктор', 'Кіпчарський', 'Павлович', 'М', NULL, NULL, 'KMMTKHRXNNVK', NULL, NULL, NULL, 0),
('KMAONF97AZ6C', 570, 'Олена', 'Кіріцева', 'Вікторівна', 'Ж', NULL, NULL, 'TXCEGSDTIXSG', NULL, NULL, NULL, 0),
('80706Y688JXI', 568, 'Олександр', 'Кіркін', 'Павлович', 'М', NULL, NULL, 'UXOHAPECPBEY', NULL, NULL, NULL, 0),
('LR1CU1HI4LAJ', 568, 'Олександр', 'Калінін', 'Володимирович', 'М', NULL, NULL, 'PJPWBEHVADJF', NULL, NULL, NULL, 0),
('26FEFHGHNBRU', 568, 'Ірина', 'Калініна', 'Миколаївна', 'Ж', NULL, NULL, 'MSMQFKGCHUYN', NULL, NULL, NULL, 0),
('3UCG8QM9NAW7', 572, 'Анатолій', 'Кальянов', 'Володимирович', 'М', NULL, NULL, 'IGMGHBTTWZIP', NULL, NULL, NULL, 0),
('RDVNPD9SN7MO', 568, 'Евеліна', 'Камишникова', 'Вікторівна', 'Ж', NULL, NULL, 'LXTBRXDZOQRV', NULL, NULL, NULL, 0),
('8DPUT4738LJK', 566, 'Олена', 'Капланова', 'Василівна', 'Ж', NULL, NULL, 'OKNEIIYONFNA', NULL, NULL, NULL, 0),
('KZBW67N6ETZ1', 565, 'Лариса', 'Капранова', 'Григорівна', 'Ж', NULL, NULL, 'GQTJCNKNCWLG', NULL, NULL, NULL, 0),
('UR0C38AIP3FB', 568, 'Олексій', 'Капустін', 'Євгенович', 'М', NULL, NULL, 'PEHYWUWHZXVQ', NULL, NULL, NULL, 0),
('2FFTCHV1F0SD', 572, 'Борис', 'Каргін', 'Сергійович', 'М', NULL, NULL, 'OKNEIIYONFNA', NULL, NULL, NULL, 0),
('ZX5XJENV5WYH', 568, 'Сергій', 'Каргін', 'Борисович', 'М', NULL, NULL, 'OKNEIIYONFNA', NULL, NULL, NULL, 0),
('Y6INC6U95K1A', 568, 'Яна', 'Карлікова', 'Петрівна', 'Ж', NULL, NULL, 'AZTMKWNJCIVW', NULL, NULL, NULL, 0),
('9Z28QIDG5BXT', 568, 'Таісія', 'Карпенко', 'Миколаївна', 'Ж', NULL, NULL, 'AZTMKWNJCIVW', NULL, NULL, NULL, 0),
('AED8AULEOQT9', 566, 'Оксана', 'Кечеджі', 'Вікторівна', 'Ж', NULL, NULL, 'DICAUKKHTSUK', NULL, NULL, NULL, 0),
('G5W9NP6ZZX00', 572, 'Олег', 'Кленін', 'Володимирович', 'М', NULL, NULL, 'JESCNFJPFVBM', NULL, NULL, NULL, 0),
('Y934WAYAOW7B', 568, 'Ігор', 'Ковалевський', 'Абрамович', 'М', NULL, NULL, 'AZTMKWNJCIVW', NULL, NULL, NULL, 0),
('J3H49P7S6OYL', 570, 'Марина', 'Коваленко', 'Сергіївна', 'Ж', NULL, NULL, 'UXOHAPECPBEY', NULL, NULL, NULL, 0),
('AHVX7EO0GY9G', 568, 'Анна', 'Коваленко', 'Сергіївна', 'Ж', NULL, NULL, 'YZAYOXZKZNDF', NULL, NULL, NULL, 0),
('H8QXXOLUKFH7', 568, 'Вікторія', 'Козлова', 'Янівна', 'Ж', NULL, NULL, 'JESCNFJPFVBM', NULL, NULL, NULL, 0),
('S6AUUGUE5HX5', 568, 'Олексій', 'Койфман', 'Олександрович', 'М', NULL, NULL, 'PLMFTKXIOQSG', NULL, NULL, NULL, 0),
('6JKO91I9M6DE', 566, 'Ольга', 'Колеснікова', 'Павлівна', 'Ж', NULL, NULL, 'IOHIJMFWORIC', NULL, NULL, NULL, 0),
('TKS5JECE2EBV', 568, 'Сергій', 'Колода', 'Федорович', 'М', NULL, NULL, 'AZTMKWNJCIVW', NULL, NULL, NULL, 0),
('GEQ7X5KSZ0PH', 568, 'Ірина', 'Колодяжна', 'Вікторівна', 'Ж', NULL, NULL, 'ONQZVQVNPHBQ', NULL, NULL, NULL, 0),
('5SR18ZF8UVNZ', 290184, 'Валерія', 'Колосок', 'Михайлівна', 'Ж', NULL, NULL, 'T6PH94XVHB06', NULL, NULL, NULL, 0),
('CIYOBRTB4TL4', 568, 'Людмила', 'Коляда', 'Іванівна', 'Ж', NULL, NULL, 'GWNGDDDVCMDF', NULL, NULL, NULL, 0),
('0TBZXY217X38', 566, 'Павло', 'Коросташевський', 'Володимирович', 'М', NULL, NULL, 'SKGL4O4R7QT7', NULL, NULL, NULL, 0),
('OAU8675IXNXA', 568, 'Галина', 'Коротіч', 'Вікторівна', 'Ж', NULL, NULL, 'GB79YXSXOQVV', NULL, NULL, NULL, 0),
('0MPL0896JKC4', 568, 'Марина', 'Кравченко', 'Сергіївна', 'Ж', NULL, NULL, 'GQTJCNKNCWLG', NULL, NULL, NULL, 0),
('2R86VA7PBROL', 572, 'Володимир', 'Кравченко', 'Михайлович', 'М', NULL, NULL, 'SJEGWYJFERTI', NULL, NULL, NULL, 0),
('FLD8N9HISU3Z', 568, 'Віктор', 'Кравченко', 'Петрович', 'М', NULL, NULL, 'PLMFTKXIOQSG', NULL, NULL, NULL, 0),
('8FLKJ27UL88C', 566, 'Таїсія', 'Кравченко', 'Дмитрівна', 'Ж', NULL, NULL, 'IOHIJMFWORIC', NULL, NULL, NULL, 0),
('31LBA70AUGGY', 568, 'Галина', 'Крапівіна', 'Олексіївна', 'Ж', NULL, NULL, 'CHL3HY81OJ2M', NULL, NULL, NULL, 0),
('DZVHBIZJSSL8', 566, 'Олександр', 'Красулін', 'Станіславович', 'М', NULL, NULL, 'TXCEGSDTIXSG', NULL, NULL, NULL, 0),
('0W61QVDR9HPD', 568, 'Олександр', 'Крепак', 'Сергійович', 'М', NULL, NULL, 'KMMTKHRXNNVK', NULL, NULL, NULL, 0),
('N6DVETW0CJBU', 568, 'Ольга', 'Кривенко', 'Вікторівна', 'Ж', NULL, NULL, 'OQCLGOCRKXES', NULL, NULL, NULL, 0),
('CO7CUQSR3NV1', 381137, 'Микита', 'Крючков', 'Сергійович', 'М', NULL, NULL, 'SKGL4O4R7QT7', NULL, NULL, NULL, 0),
('GW3DGDI5R6J8', 568, 'Катерина', 'Кудінова', 'Віталіївна', 'Ж', NULL, NULL, 'KMMTKHRXNNVK', NULL, NULL, NULL, 0),
('D8YMFDZNGGCH', 568, 'Руслан', 'Куземко', 'Дмитрович', 'М', NULL, NULL, 'DNOUMTIYXXEK', NULL, NULL, NULL, 0),
('1571LP0SLF34', 566, 'Альона', 'Куровська', 'Анатоліївна', 'Ж', NULL, NULL, 'JESCNFJPFVBM', NULL, NULL, NULL, 0),
('L8ZLSIONWNFN', 1318, 'Наталія', 'Курутіна', 'Іванівна', 'Ж', NULL, NULL, '0', NULL, NULL, NULL, 0),
('5WJYCL0W47JB', 290184, 'Володимир', 'Кухар', 'Валентинович', 'М', NULL, NULL, 'OKNEIIYONFNA', NULL, NULL, NULL, 0),
('F0VVNAAL9GJM', 568, 'Ігор', 'Кущенко', 'Володимирович', 'М', NULL, NULL, 'YZAYOXZKZNDF', NULL, NULL, NULL, 0),
('L81W3MU7ZRER', 568, 'Наталя', 'Літвін', 'Василівна', 'Ж', NULL, NULL, 'MSMQFKGCHUYN', NULL, NULL, NULL, 0),
('J7D46A9HAWV7', 572, 'Олександр', 'Літвінов', 'Павлович', 'М', NULL, NULL, 'UXOHAPECPBEY', NULL, NULL, NULL, 0),
('JP0CVUBFUI4R', 565, 'Валерій', 'Лаврик', 'Павлович', 'М', NULL, NULL, 'AZTMKWNJCIVW', NULL, NULL, NULL, 0),
('NNASGDESKJ7D', 568, 'Ірина', 'Лаврова', 'Іванівна', 'Ж', NULL, NULL, 'GB79YXSXOQVV', NULL, NULL, NULL, 0),
('MVTEYP1LS48Z', 568, 'Олена', 'Лаврова', 'Володимирівна', 'Ж', NULL, NULL, 'SKGL4O4R7QT7', NULL, NULL, NULL, 0),
('NW46JM93HCMC', 565, 'Лариса', 'Лазаренко', 'Миколаївна', 'Ж', NULL, NULL, 'ZFSUETQIXDZQ', NULL, NULL, NULL, 0),
('POLS19PPXGN4', 568, 'Ольга', 'Лактіонова', 'Юхимівна', 'Ж', NULL, NULL, 'IOHIJMFWORIC', NULL, NULL, NULL, 0),
('OY85NH4HW42W', 568, 'Марина', 'Лапіна', 'Дмитрівна', 'Ж', NULL, NULL, 'OSRB2XAQF0DZ', NULL, NULL, NULL, 0),
('20WCY9VW0DXU', 391772, 'Світлана', 'Ларіонова', 'Василівна', 'Ж', NULL, NULL, '0', NULL, NULL, NULL, 0),
('0TDVURQTG5VK', 568, 'Тетяна', 'Левицька', 'Олександрівна', 'Ж', NULL, NULL, 'GKHNITMSORYY', NULL, NULL, NULL, 0),
('VATO535K7HQP', 471, 'Ігор', 'Ленцов', 'Альбертович', 'М', NULL, NULL, '0', NULL, NULL, NULL, 0),
('M01Y10AMVTAD', 568, 'Василь', 'Леонов', 'Васильович', 'М', NULL, NULL, 'GWNGDDDVCMDF', NULL, NULL, NULL, 0),
('44MN19EJ1BG3', 568, 'Олександр', 'Лещенко', 'Іванович', 'М', NULL, NULL, 'WMJXSRNQOEAQ', NULL, NULL, NULL, 0),
('H2DPREJHYTIN', 566, 'Тетяна', 'Лисенко', 'Григорівна', 'Ж', NULL, NULL, 'GQTJCNKNCWLG', NULL, NULL, NULL, 0),
('ZWQ78BAIQJPD', 566, 'Ганна', 'Литвин', 'Михайлівна', 'Ж', NULL, NULL, 'MSMQFKGCHUYN', NULL, NULL, NULL, 0),
('PI0G2GEKTHEV', 290184, 'Тамара', 'Логутова', 'Григорівна', 'Ж', NULL, NULL, 'ONQZVQVNPHBQ', NULL, NULL, NULL, 0),
('SSAXT5O9K2P5', 568, 'Аркадій', 'Лоза', 'Васильович', 'М', NULL, NULL, 'AZTMKWNJCIVW', NULL, NULL, NULL, 0),
('G5C9EGYNYHX0', 568, 'Олена', 'Лупаренко', 'Валентинівна', 'Ж', NULL, NULL, 'MSMQFKGCHUYN', NULL, NULL, NULL, 0),
('Y24HX0T6NJ7O', 566, 'Федір', 'Лухтура', 'Іванович', 'М', NULL, NULL, 'DNOUMTIYXXEK', NULL, NULL, NULL, 0),
('Y4ITEXV9I9G7', 290184, 'Ольга', 'Любчук', 'Костянтинівна', 'Ж', NULL, NULL, 'CHL3HY81OJ2M', NULL, NULL, NULL, 0),
('5A8D7L1R51I8', 565, 'Андрій', 'Лямзін', 'Олександрович', 'М', NULL, NULL, 'UXOHAPECPBEY', NULL, NULL, NULL, 0),
('EB93I7HPQJU4', 290184, 'Олексій', 'Мінц', 'Юрійович', 'М', NULL, NULL, 'IOHIJMFWORIC', NULL, NULL, NULL, 0),
('4VY63V63NR17', 565, 'Дмитро', 'Міроненко', 'Сергійович', 'М', NULL, NULL, 'OQCLGOCRKXES', NULL, NULL, NULL, 0),
('YX0TWEMK3JB4', 566, 'Вікторія', 'Мірошниченко', 'Ігорівна', 'Ж', NULL, NULL, 'PLMFTKXIOQSG', NULL, NULL, NULL, 0),
('OEGD6WTRCDSM', 566, 'Наталя', 'Міхно', 'Анатоліївна', 'Ж', NULL, NULL, 'ZFSUETQIXDZQ', NULL, NULL, NULL, 0),
('MORNBAX1E57J', 568, 'Владислав', 'Мазур', 'Олександрович', 'М', NULL, NULL, 'KMMTKHRXNNVK', NULL, NULL, NULL, 0),
('ZNZGB8I1LMCT', 290184, 'Сергій', 'Макуров', 'Леонідович', 'М', NULL, NULL, 'VEGDHTHWZXAC', NULL, NULL, NULL, 0),
('O2F2XJSX30A1', 572, 'Леонід', 'Малінов', 'Соломонович', 'М', NULL, NULL, 'YALZNIRXUZAK', NULL, NULL, NULL, 0),
('98KEEZ3GDHIX', 568, 'Інна', 'Малишева', 'Юхимівна', 'Ж', NULL, NULL, 'YALZNIRXUZAK', NULL, NULL, NULL, 0),
('DD0SCVAENXQZ', 570, 'Максим', 'Мальцев', 'Миколайович', 'М', NULL, NULL, 'PJPWBEHVADJF', NULL, NULL, NULL, 0),
('WG1OOLLKZ633', 568, 'Ольга', 'Мальцева', 'Володимирівна', 'Ж', NULL, NULL, 'OSRB2XAQF0DZ', NULL, NULL, NULL, 0),
('MHULSY9XDXLA', 566, 'Лейла', 'Маматова', 'Шаміліївна', 'Ж', NULL, NULL, 'LXTBRXDZOQRV', NULL, NULL, NULL, 0),
('EABJJTY13L6N', 566, 'Олег', 'Манойлов', 'Володимирович', 'М', NULL, NULL, 'KMMTKHRXNNVK', NULL, NULL, NULL, 0),
('5DFHSTSF4IRP', 572, 'Михайло', 'Маргуліс', 'Володимирович', 'М', NULL, NULL, 'WMJXSRNQOEAQ', NULL, NULL, NULL, 0),
('L99EP261Q8DM', 472, 'Ірина', 'Марченко', 'Федорівна', 'Ж', NULL, NULL, '3', NULL, NULL, NULL, 0),
('EKSIC0BSYELL', 565, 'Ганна', 'Маслак', 'Вікторівна', 'Ж', NULL, NULL, 'TXCEGSDTIXSG', NULL, NULL, NULL, 0),
('O4C4UZRJV3NT', 381137, 'Владислав', 'Маслов', 'Володимирович', 'М', NULL, NULL, 'YZAYOXZKZNDF', NULL, NULL, NULL, 0),
('JS4I5QJUAQ73', 572, 'Володимир', 'Маслов', 'Олександрович', 'М', NULL, NULL, 'DNOUMTIYXXEK', NULL, NULL, NULL, 0),
('92K1W66TAJAN', 290184, 'Володимир', 'Матвієнко', 'Миколайович', 'М', NULL, NULL, 'SKGL4O4R7QT7', NULL, NULL, NULL, 0),
('8TDUMY89W7H1', 381134, 'Юлія', 'Мацкевич', 'Іванівна', 'Ж', NULL, NULL, 'GQTJCNKNCWLG', NULL, NULL, NULL, 0),
('HEEVONE29LMG', 570, 'Марина', 'Медведєва', 'Володимирівна', 'Ж', NULL, NULL, 'DNOUMTIYXXEK', NULL, NULL, NULL, 0),
('056F6V2VTKFL', 568, 'Ірина', 'Межуєва', 'Юхимівна', 'Ж', NULL, NULL, 'DICAUKKHTSUK', NULL, NULL, NULL, 0),
('BW9ZSLDQLANF', 290184, 'Андрій', 'Меліхов', 'Анатолійович', 'М', NULL, NULL, 'LXTBRXDZOQRV', NULL, NULL, NULL, 0),
('GL0HRLB01TFJ', 566, 'Єгор', 'Мкртчян', 'Арутюнович', 'М', NULL, NULL, 'OKNEIIYONFNA', NULL, NULL, NULL, 0),
('ABO8SD0RW2FZ', 570, 'Марія', 'Мнацаканян', 'Сергіївна', 'Ж', NULL, NULL, 'UXOHAPECPBEY', NULL, NULL, NULL, 0),
('2KFB323FW5NW', 570, 'Андрій', 'Молчан', 'Валерійович', 'М', NULL, NULL, 'GWNGDDDVCMDF', NULL, NULL, NULL, 0),
('XGAE7IFNJYE0', 568, 'Віра', 'Молчанова', 'Сергіївна', 'Ж', NULL, NULL, 'OQCLGOCRKXES', NULL, NULL, NULL, 0),
('WKYZLR9YC5XZ', 568, 'Володимир', 'Монін', 'Львович', 'М', NULL, NULL, 'IGMGHBTTWZIP', NULL, NULL, NULL, 0),
('JVIAZG0UGMCJ', 566, 'Інна', 'Музика', 'Миколаївна', 'Ж', NULL, NULL, 'AZTMKWNJCIVW', NULL, NULL, NULL, 0),
('7TBSK0ROF9D1', 377136, 'Марія', 'Мулкіджанова', 'Петрівна', 'Ж', NULL, NULL, 'ZFSUETQIXDZQ', NULL, NULL, NULL, 0),
('YV2RD79818H7', 566, 'Ганна', 'Мутерко', 'Миколаївна', 'Ж', NULL, NULL, 'LXTBRXDZOQRV', NULL, NULL, NULL, 0),
('0XK8KSO6JECQ', 566, 'Регіна', 'Нікіфоренко', 'Валеріївна', 'Ж', NULL, NULL, 'ONQZVQVNPHBQ', NULL, NULL, NULL, 0),
('L2VH0L038R8L', 568, 'Ірина', 'Ніколаєнко', 'Володимирівна', 'Ж', NULL, NULL, 'UXOHAPECPBEY', NULL, NULL, NULL, 0),
('JN6POVFG9MX5', 570, 'Микита', 'Нагнібеда', 'Миколайович', 'М', NULL, NULL, 'OKNEIIYONFNA', NULL, NULL, NULL, 0),
('AGKXK6ZVEH7R', 572, 'Людмила', 'Назюта', 'Юріївна', 'Ж', NULL, NULL, 'CIGSCZBIHZXH', NULL, NULL, NULL, 0),
('08ANBCJOTP7O', 568, 'Тетяна', 'Наумова', 'Михайлівна', 'Ж', NULL, NULL, 'DHUZZIRJKPKE', NULL, NULL, NULL, 0),
('J37DCJOL77PQ', 566, 'Світлана', 'Носовська', 'Євгенівна', 'Ж', NULL, NULL, 'MSMQFKGCHUYN', NULL, NULL, NULL, 0),
('KNI8JCIV6LW4', 568, 'Борис', 'Носовський', 'Іванович', 'М', NULL, NULL, 'SKGL4O4R7QT7', NULL, NULL, NULL, 0),
('EL6RYHXX7X1Z', 568, 'Лідія', 'Овчарова', 'Михайлівна', 'Ж', NULL, NULL, 'OSRB2XAQF0DZ', NULL, NULL, NULL, 0),
('GSVJQX8EVMHO', 568, 'Інна', 'Олійник', 'Михайлівна', 'Ж', NULL, NULL, 'YALZNIRXUZAK', NULL, NULL, NULL, 0),
('KN9R08D1ISRP', 570, 'Артем', 'Остапенко', 'Олексійович', 'М', NULL, NULL, 'MSMQFKGCHUYN', NULL, NULL, NULL, 0),
('J2IIP3S4M39P', 568, 'Олена', 'П’ятикоп', 'Євгенівна', 'Ж', NULL, NULL, 'GKHNITMSORYY', NULL, NULL, NULL, 0),
('QC3YBFVA0EM3', 377250, 'Наталя', 'Півень', 'Миколаївна', 'Ж', NULL, NULL, '13', NULL, NULL, NULL, 0),
('M0HIKC7WTHD0', 570, 'Вадим', 'Пікуз', 'Сергійович', 'М', NULL, NULL, '0F5NL65K56XN', NULL, NULL, NULL, 0),
('7APTM055JGFL', 472, 'Ольга', 'Пінчук', 'Кирилівна', 'Ж', NULL, NULL, '12', NULL, NULL, NULL, 0),
('7DAA9RH7EEHG', 568, 'Ігор', 'Пірч', 'Іванович', 'М', NULL, NULL, 'YPRXDXOIAHPZ', NULL, NULL, NULL, 0),
('JH3UXUP9B45O', 566, 'Наталя', 'Палій', 'Вікторівна', 'Ж', NULL, NULL, '1OLQOG3AR0VV', NULL, NULL, NULL, 0),
('LRH49XG398P9', 572, 'Ваагн', 'Парунакян', 'Ємільович', 'М', NULL, NULL, 'TXCEGSDTIXSG', NULL, NULL, NULL, 0),
('3R5DQSDVG61A', 566, 'Галина', 'Патошина', 'Миколаївна', 'Ж', NULL, NULL, 'LXTBRXDZOQRV', NULL, NULL, NULL, 0),
('P6W96ZJH8KHK', 570, 'Євгеній', 'Пахальчук', 'Вікторович', 'М', NULL, NULL, 'GKHNITMSORYY', NULL, NULL, NULL, 0),
('M97BC8O6TEH9', 568, 'Петро', 'Плохіх', 'Андрійович', 'М', NULL, NULL, 'CIGSCZBIHZXH', NULL, NULL, NULL, 0),
('0JRJ3R5Z9QMT', 384160, 'Світлана', 'Поднебенна', 'Костянтинівна', 'Ж', NULL, NULL, 'UR1RZASMOOGN', NULL, NULL, NULL, 0),
('IKQN1VAV8YH9', 568, 'Олег', 'Полозюк', 'Євгенович', 'М', NULL, NULL, 'PEHYWUWHZXVQ', NULL, NULL, NULL, 0),
('0J57OOMHMLOT', 568, 'Михайло', 'Помазков', 'Валерійович', 'М', NULL, NULL, 'UXOHAPECPBEY', NULL, NULL, NULL, 0),
('K2SK5EDD1CYM', 568, 'Людмила', 'Пономарьова', 'Володимирівна', 'Ж', NULL, NULL, 'DHUZZIRJKPKE', NULL, NULL, NULL, 0),
('UNDJY8ZEAWGO', 568, 'Наталія', 'Потапова', 'Миколаївна', 'М', NULL, NULL, 'LXTBRXDZOQRV', NULL, NULL, NULL, 0),
('IRXURAL7WZS0', 566, 'Віталій', 'Потлов', 'Олександрович', 'М', NULL, NULL, 'WMJXSRNQOEAQ', NULL, NULL, NULL, 0),
('79LCVV4Q3LTH', 568, 'Андрій', 'Присяжний', 'Григорович', 'М', NULL, NULL, 'OKNEIIYONFNA', NULL, NULL, NULL, 0),
('VEUTWU61VMRX', 566, 'Петро', 'Приходько', 'Юхимович', 'М', NULL, NULL, 'DYRXFVYDEORB', NULL, NULL, NULL, 0),
('HN4JULGO7NCW', 568, 'Ольга', 'Проніна', 'Ігорівна', 'Ж', NULL, NULL, 'GKHNITMSORYY', NULL, NULL, NULL, 0),
('N2JZ9RDUXC26', 568, 'Ірина', 'Псарьова', 'Сергіївна', 'Ж', NULL, NULL, 'LXTBRXDZOQRV', NULL, NULL, NULL, 0),
('X2LSB5Z43C7E', 568, 'Олександр', 'Радіоненко', 'Васильович', 'М', NULL, NULL, 'WMJXSRNQOEAQ', NULL, NULL, NULL, 0),
('5IRR7OJR3E5H', 572, 'Олександр', 'Размишляєв', 'Денисович', 'М', NULL, NULL, 'SKGL4O4R7QT7', NULL, NULL, NULL, 0),
('ELYS8ALXTF2U', 566, 'Дмитро', 'Рассохін', 'Олександрович', 'М', NULL, NULL, 'SJEGWYJFERTI', NULL, NULL, NULL, 0),
('JSNE4GPOC6XW', 570, 'Олександр', 'Риженков', 'Андрійович', 'М', NULL, NULL, 'YZAYOXZKZNDF', NULL, NULL, NULL, 0),
('YFLN7DVNTN9T', 572, 'Станіслав', 'Роговий', 'Іванович', 'М', NULL, NULL, 'YZAYOXZKZNDF', NULL, NULL, NULL, 0),
('4H1RIBJI5D09', 570, 'Ольга', 'Роговська', 'Олексіївна', 'Ж', NULL, NULL, 'OSRB2XAQF0DZ', NULL, NULL, NULL, 0),
('1BO48EMNVVIB', 566, 'Олена', 'Романенко', 'Анатоліївна', 'М', NULL, NULL, 'UXOHAPECPBEY', NULL, NULL, NULL, 0),
('UY4MDIK5QBRP', 254808, 'В’ячеслав', 'Роянов', 'Олександрович', 'М', NULL, NULL, 'PLMKPZF4A3QJ', NULL, NULL, NULL, 0),
('P1C1FTHWLOI4', 566, 'Анатолій', 'Рудь', 'Геннадійович', 'М', NULL, NULL, 'ZFSUETQIXDZQ', NULL, NULL, NULL, 0),
('EF5DJ261WCSE', 565, 'Володимир', 'Руських', 'Петрович', 'М', NULL, NULL, 'CIGSCZBIHZXH', NULL, NULL, NULL, 0),
('HWNC10PRKJ89', 568, 'Марина', 'Рябікіна', 'Анатоліївна', 'Ж', NULL, NULL, 'YALZNIRXUZAK', NULL, NULL, NULL, 0),
('M8798YAYQYEC', 570, 'Іван', 'Сілі', 'Іванович', 'М', NULL, NULL, 'QF1XLCYK9GHA', NULL, NULL, NULL, 0),
('R4QUL77WJ4MK', 565, 'Олександр', 'Сімкін', 'Ісакович', 'М', NULL, NULL, 'PLMFTKXIOQSG', NULL, NULL, NULL, 0),
('67UCSVCJW8IV', 472, 'Юрій', 'Саєнко', 'Леонідович', 'М', NULL, NULL, '5', NULL, NULL, NULL, 0),
('8DBS5OTHEZJ6', 472, 'Юрій', 'Сагіров', 'Георгійович', 'М', NULL, NULL, '31', NULL, NULL, NULL, 0),
('12F0ED1O5W85', 568, 'Аліна', 'Сагірова', 'Спартаківна', 'Ж', NULL, NULL, 'CHL3HY81OJ2M', NULL, NULL, NULL, 0),
('1D3MYE2EX98W', 290184, 'Сергій', 'Самотугін', 'Савелійович', 'М', NULL, NULL, 'KMMTKHRXNNVK', NULL, NULL, NULL, 0),
('FMHVBUH0HSK0', 568, 'Юлія', 'Самотугіна', 'Сергіївна', 'Ж', NULL, NULL, 'YALZNIRXUZAK', NULL, NULL, NULL, 0),
('TMB8AAHUS0HF', 568, 'Ольга', 'Сараєва', 'Віталіївна', 'Ж', NULL, NULL, 'GB79YXSXOQVV', NULL, NULL, NULL, 0),
('QXFI6Z0C1YJK', 565, 'Вікторія', 'Саравас', 'Євгенівна', 'Ж', NULL, NULL, 'GWNGDDDVCMDF', NULL, NULL, NULL, 0),
('YPMC2W1L5MJL', 568, 'Світлана', 'Сахно', 'Віталіївна', 'Ж', NULL, NULL, 'CHL3HY81OJ2M', NULL, NULL, NULL, 0),
('U96UIMPBWZ2H', 566, 'Вадим', 'Семаков', 'Вікторович', 'М', NULL, NULL, 'CIGSCZBIHZXH', NULL, NULL, NULL, 0),
('OHJQPXIY42D7', 568, 'Вікторія', 'Семакова', 'Борисівна', 'Ж', NULL, NULL, 'CIGSCZBIHZXH', NULL, NULL, NULL, 0),
('6HIAWVXHA0B4', 566, 'Володимир', 'Сенатосенко', 'Анатолійович', 'М', NULL, NULL, 'YPRXDXOIAHPZ', NULL, NULL, NULL, 0),
('I6I3DRCHIJD5', 566, 'Анастасія', 'Сергієнко', 'Валентинівна', 'Ж', NULL, NULL, 'OQCLGOCRKXES', NULL, NULL, NULL, 0),
('7G0LTQFNM382', 568, 'Юрій', 'Сергієнко', 'Вікторович', 'М', NULL, NULL, 'YZAYOXZKZNDF', NULL, NULL, NULL, 0),
('AQ0XH79EAZZU', 568, 'Валерій', 'Серенко', 'Олександрович', 'М', NULL, NULL, 'SKGL4O4R7QT7', NULL, NULL, NULL, 0),
('F7UKBMHLOAS1', 572, 'Олександр', 'Серенко', 'Микитович', 'М', NULL, NULL, 'SKGL4O4R7QT7', NULL, NULL, NULL, 0),
('1UBMULI2TC0O', 566, 'Тереза', 'Склярова', 'Германівна', 'Ж', NULL, NULL, 'MSMQFKGCHUYN', NULL, NULL, NULL, 0),
('1DHRMVYR8B5C', 568, 'Віктор', 'Скосирєв', 'Георгійович', 'М', NULL, NULL, 'UR1RZASMOOGN', NULL, NULL, NULL, 0),
('T48WV8W2IFKA', 568, 'Наталя', 'Солідор', 'Аркадіївна', 'Ж', NULL, NULL, 'ONQZVQVNPHBQ', NULL, NULL, NULL, 0),
('4433NBU2G4DO', 254808, 'Павло', 'Солошенко', 'Васильович', 'М', NULL, NULL, '13', NULL, NULL, NULL, 0),
('N35LJK3IZNFB', 566, 'Маріанна', 'Сорокіна', 'Євгенівна', 'Ж', NULL, NULL, 'ZFSUETQIXDZQ', NULL, NULL, NULL, 0),
('S1XUPV9WC49Q', 381135, 'Олена', 'Сорочан', 'Миколаївна', 'Ж', NULL, NULL, 'QF1XLCYK9GHA', NULL, NULL, NULL, 0),
('4V0FHJXPDGNX', 377136, 'Тетяна', 'Стаценко', 'Валеріївна', 'Ж', NULL, NULL, '1OLQOG3AR0VV', NULL, NULL, NULL, 0),
('KKJM1QSPJHBK', 566, 'Тетяна', 'Степанишина', 'Євгенівна', 'Ж', NULL, NULL, '1OLQOG3AR0VV', NULL, NULL, NULL, 0),
('FOY1K0O98ETL', 381137, 'Іван', 'Стружко', 'Сергійович', 'М', NULL, NULL, 'GWNGDDDVCMDF', NULL, NULL, NULL, 0),
('3JPIXUDLZ7DS', 472, 'Володимир', 'Суглобов', 'Васильович', 'М', NULL, NULL, '8', NULL, NULL, NULL, 0),
('FUKGHDUF32D5', 568, 'Ірина', 'Суровцева', 'Юріївна', 'Ж', NULL, NULL, 'OSRB2XAQF0DZ', NULL, NULL, NULL, 0),
('HT1TP1Q5O39A', 566, 'Валерік', 'Тігранян', 'Саакович', 'М', NULL, NULL, 'IOHIJMFWORIC', NULL, NULL, NULL, 0),
('HIHT67O2BK0C', 568, 'Володимир', 'Таіров', 'Петрович', 'М', NULL, NULL, 'KMMTKHRXNNVK', NULL, NULL, NULL, 0),
('RWKGDLXIP1DK', 566, 'Олена', 'Тараніна', 'Володимирівна', 'Ж', NULL, NULL, 'AZTMKWNJCIVW', NULL, NULL, NULL, 0),
('M6TVJDSSWPVK', 472, 'Леонід', 'Тарасюк', 'Іванович', 'М', NULL, NULL, '7', NULL, NULL, NULL, 0),
('3F4T7GCS2ZNH', 565, 'Оксана', 'Ташкінова', 'Анатоліївна', 'Ж', NULL, NULL, 'OSRB2XAQF0DZ', NULL, NULL, NULL, 0),
('TTYTDYBJQ217', 377136, 'Микола', 'Тимофєєв', 'Сергійович', 'М', NULL, NULL, 'IGMGHBTTWZIP', NULL, NULL, NULL, 0),
('8C7F0MM3JYTD', 568, 'Катерина', 'Ткачук', 'Володимирівна', 'Ж', NULL, NULL, 'AZTMKWNJCIVW', NULL, NULL, NULL, 0),
('41XQO5G3BMNB', 570, 'Ігор', 'Тронза', 'Геннадійович', 'М', NULL, NULL, 'YZAYOXZKZNDF', NULL, NULL, NULL, 0),
('HP92IHSQKQTV', 568, 'Лариса', 'Трофімова', 'Олексіївна', 'Ж', NULL, NULL, 'VEGDHTHWZXAC', NULL, NULL, NULL, 0),
('G11QCT8RXK0A', 570, 'Тарас', 'Трофимчук', 'Сергійович', 'М', NULL, NULL, 'YZAYOXZKZNDF', NULL, NULL, NULL, 0),
('DOYY3RF0FH4L', 568, 'Ольга', 'Тузенко', 'Олександрівна', 'Ж', NULL, NULL, 'OQCLGOCRKXES', NULL, NULL, NULL, 0),
('9KBTCEAHYTIV', 568, 'Володимир', 'Тютюнников', 'Іванович', 'М', NULL, NULL, 'PJJ3MDPA8UXP', NULL, NULL, NULL, 0),
('QQSIMXCFAKAZ', 566, 'Євген', 'Український', 'Олександрович', 'М', NULL, NULL, 'YPRXDXOIAHPZ', NULL, NULL, NULL, 0),
('38QW06E779GE', 566, 'Катерина', 'Філатова', 'Олександрівна', 'Ж', NULL, NULL, 'DICAUKKHTSUK', NULL, NULL, NULL, 0),
('8CXK1YMFWR3Q', 290184, 'Ірина', 'Федосова', 'Василівна', 'Ж', NULL, NULL, 'GKHNITMSORYY', NULL, NULL, NULL, 0),
('0EP5LPP640LA', 566, 'Віктор', 'Федун', 'Іванович', 'М', NULL, NULL, 'PJJ3MDPA8UXP', NULL, NULL, NULL, 0),
('V22BRY3IW4MJ', 568, 'Зінаїда', 'Фролова', 'Василівна', 'Ж', NULL, NULL, 'ONQZVQVNPHBQ', NULL, NULL, NULL, 0),
('8OQPBP61MOQU', 568, 'Олександр', 'Хаджинов', 'Сергійович', 'М', NULL, NULL, 'DNOUMTIYXXEK', NULL, NULL, NULL, 0),
('FJOLXZE9MXDS', 472, 'Олена', 'Хаджинова', 'Вікторівна', 'Ж', NULL, NULL, '4', NULL, NULL, NULL, 0),
('4XN6GH8ZL2XS', 568, 'Марина', 'Хара', 'Володимирівна', 'Ж', NULL, NULL, 'TXCEGSDTIXSG', NULL, NULL, NULL, 0),
('02IW1MAU2WKY', 572, 'Петро', 'Харлашин', 'Степанович', 'М', NULL, NULL, 'CIGSCZBIHZXH', NULL, NULL, NULL, 0),
('CIQ3NYNAJUOX', 565, 'Ольга', 'Хлєстова', 'Анатоліївна', 'Ж', NULL, NULL, 'IGMGHBTTWZIP', NULL, NULL, NULL, 0),
('8497BUX6MMJW', 568, 'Яна', 'Ходова', 'Олександрівна', 'Ж', NULL, NULL, 'T6PH94XVHB06', NULL, NULL, NULL, 0),
('DDCQ91WMFGED', 384160, 'Світлана', 'Холодинська', 'Миколаївна', 'Ж', NULL, NULL, 'GB79YXSXOQVV', NULL, NULL, NULL, 0),
('VEZHR8L296NO', 290184, 'Олександр', 'Холькін', 'Михайлович', 'М', NULL, NULL, 'MSMQFKGCHUYN', NULL, NULL, NULL, 0),
('VOFI3Y07U7WB', 568, 'Олена', 'Цветкова', 'Валентинівна', 'Ж', NULL, NULL, 'PJJ3MDPA8UXP', NULL, NULL, NULL, 0),
('DN4FAZ4XM8N4', 566, 'Володимир', 'Циганов', 'Іванович', 'М', NULL, NULL, 'DNOUMTIYXXEK', NULL, NULL, NULL, 0),
('KDQ5L6I7YPXE', 568, 'Юлія', 'Чабак', 'Геннадіївна', 'Ж', NULL, NULL, 'PJJ3MDPA8UXP', NULL, NULL, NULL, 0),
('WFBJFOIOWO55', 471, 'Олександр', 'Чейлях', 'Петрович', 'М', NULL, NULL, '0', NULL, NULL, NULL, 0),
('S4VJWXQ6XQ05', 568, 'Олена', 'Черевко', 'Олександрівна', 'Ж', NULL, NULL, 'PLMFTKXIOQSG', NULL, NULL, NULL, 0),
('1JCUCM0HLB2I', 568, 'Тетяна', 'Черната', 'Миколаївна', 'Ж', NULL, NULL, 'LXTBRXDZOQRV', NULL, NULL, NULL, 0),
('CWE2ZZJO2C4K', 290184, 'Валерій', 'Чигарьов', 'Васильович', 'М', NULL, NULL, '0F5NL65K56XN', NULL, NULL, NULL, 0),
('Q3WD20MWL48Y', 568, 'Галина', 'Чичкарева', 'Георгіївна', 'Ж', NULL, NULL, 'PEHYWUWHZXVQ', NULL, NULL, NULL, 0),
('2DAXO0G9O8YC', 1317, 'Ірина', 'Чуть', 'Федорівна', 'Ж', NULL, NULL, '0', NULL, NULL, NULL, 0),
('VNWCDVRVB143', 1316, 'Ірина', 'Шабаліна', 'Юріївна', 'Ж', NULL, NULL, '0', NULL, NULL, NULL, 0),
('HH09P7YQ9N0A', 568, 'Юрій', 'Шаламов', 'Микитович', 'М', NULL, NULL, 'DNOUMTIYXXEK', NULL, NULL, NULL, 0),
('GIYDDCE2HTI5', 566, 'Микола', 'Шашлов', 'Іванович', 'М', NULL, NULL, 'DYRXFVYDEORB', NULL, NULL, NULL, 0),
('PLVIE04SZXPG', 568, 'Галина', 'Швець', 'Олексіївна', 'Ж', NULL, NULL, 'GQTJCNKNCWLG', NULL, NULL, NULL, 0),
('T7M5YKB4W643', 566, 'Галина', 'Шелест', 'Юріївна', 'Ж', NULL, NULL, 'DHUZZIRJKPKE', NULL, NULL, NULL, 0),
('4605P3XXBYA6', 566, 'Тетяна', 'Шестакова', 'Михайлівна', 'Ж', NULL, NULL, 'ONQZVQVNPHBQ', NULL, NULL, NULL, 0),
('ZLFP0MGGACC7', 568, 'Олександр', 'Ширяєв', 'Володимирович', 'М', NULL, NULL, 'SJEGWYJFERTI', NULL, NULL, NULL, 0),
('357QIQ4UWZ2P', 568, 'Володимир', 'Шишкін', 'Вікторович', 'М', NULL, NULL, 'AZTMKWNJCIVW', NULL, NULL, NULL, 0),
('S5JZZAT59S13', 568, 'Наталія', 'Шлапак', 'Степанівна', 'Ж', NULL, NULL, 'PJPWBEHVADJF', NULL, NULL, NULL, 0),
('20N8YXR4LSHY', 565, 'Оксана', 'Щепка', 'Анатоліївна', 'Ж', NULL, NULL, '1OLQOG3AR0VV', NULL, NULL, NULL, 0),
('MKHACA5TH94V', 568, 'Сергій', 'Щербаков', 'Володимирович', 'М', NULL, NULL, 'PLMFTKXIOQSG', NULL, NULL, NULL, 0),
('K4M3WQVWOJKV', 426209, 'Сергій', 'Щетинін', 'Вікторович', 'М', NULL, NULL, '1TXDE3OZUZR4', NULL, NULL, NULL, 0),
('S5JPT3D5DP47', 572, 'Віра', 'Щетиніна', 'Іванівна', 'Ж', NULL, NULL, '0F5NL65K56XN', NULL, NULL, NULL, 0),
('1SXYMVR63Q7F', 568, 'Юлія', 'Ярченко', 'Віталіївна', 'Ж', NULL, NULL, 'CHL3HY81OJ2M', NULL, NULL, NULL, 0);

-- --------------------------------------------------------

--
-- Структура таблицы `emp_types`
--

CREATE TABLE `emp_types` (
  `id` int(11) NOT NULL,
  `emp_type_name` varchar(50) CHARACTER SET utf8mb4 COLLATE utf8mb4_unicode_ci NOT NULL,
  `emp_type_short_name` varchar(50) CHARACTER SET utf8mb4 COLLATE utf8mb4_unicode_ci NOT NULL
) ENGINE=InnoDB DEFAULT CHARSET=utf8mb4 COLLATE=utf8mb4_unicode_ci;

--
-- Дамп данных таблицы `emp_types`
--

INSERT INTO `emp_types` (`id`, `emp_type_name`, `emp_type_short_name`) VALUES
(1, 'Головний викладач', 'Лектор'),
(2, 'Допоміжний викладач', 'Асистент');

-- --------------------------------------------------------

--
-- Структура таблицы `failed_jobs`
--

CREATE TABLE `failed_jobs` (
  `id` bigint(20) UNSIGNED NOT NULL,
  `connection` text CHARACTER SET utf8mb4 COLLATE utf8mb4_unicode_ci NOT NULL,
  `queue` text CHARACTER SET utf8mb4 COLLATE utf8mb4_unicode_ci NOT NULL,
  `payload` longtext CHARACTER SET utf8mb4 COLLATE utf8mb4_unicode_ci NOT NULL,
  `exception` longtext CHARACTER SET utf8mb4 COLLATE utf8mb4_unicode_ci NOT NULL,
  `failed_at` timestamp NOT NULL DEFAULT CURRENT_TIMESTAMP
) ENGINE=InnoDB DEFAULT CHARSET=utf8mb4 COLLATE=utf8mb4_unicode_ci;

-- --------------------------------------------------------

--
-- Структура таблицы `migrations`
--

CREATE TABLE `migrations` (
  `id` int(10) UNSIGNED NOT NULL,
  `migration` varchar(255) CHARACTER SET utf8mb4 COLLATE utf8mb4_unicode_ci NOT NULL,
  `batch` int(11) NOT NULL
) ENGINE=InnoDB DEFAULT CHARSET=utf8mb4 COLLATE=utf8mb4_unicode_ci;

--
-- Дамп данных таблицы `migrations`
--

INSERT INTO `migrations` (`id`, `migration`, `batch`) VALUES
(6, '2014_10_12_100000_create_password_resets_table', 1),
(7, '2019_08_19_000000_create_failed_jobs_table', 1),
(8, '2020_01_14_132147_create_students_table', 1),
(9, '2020_01_14_154531_create_specialities_table', 1),
(10, '2020_01_14_160021_create_study_programs_table', 1),
(11, '2020_01_14_161203_create_study_groups_table', 1),
(12, '2020_01_14_162656_create_study_cards_table', 1),
(13, '2020_01_14_163353_create_study_states_table', 1),
(14, '2020_01_14_164154_create_current_data_table', 1),
(15, '2020_01_14_164655_create_study_years_table', 1),
(16, '2020_01_14_165003_create_education_forms_table', 1),
(17, '2020_01_14_165415_create_study_group_states_table', 1),
(18, '2020_01_14_170330_create_osvita_levels_table', 1),
(19, '2020_01_15_055148_create_division_types_table', 1),
(20, '2020_01_15_055411_create_divisions_table', 1),
(21, '2020_01_15_055432_create_wnp_titles_table', 1),
(22, '2020_01_15_055547_create_wnp_semesters_table', 1),
(23, '2020_01_15_055615_create_session_types_table', 1),
(24, '2020_01_15_055728_create_wnp_discipline_sems_table', 1),
(25, '2020_01_15_055754_create_position_types_table', 1),
(26, '2020_01_15_055813_create_positions_table', 1),
(27, '2020_01_15_055837_create_employers_table', 1),
(28, '2020_01_15_060007_create_wnp_disc_sem_employers_table', 1),
(29, '2020_01_15_171340_create_attestations_table', 1),
(30, '2020_01_15_171837_create_test_results_table', 1),
(31, '2020_01_15_172428_create_test_disciplines_table', 1),
(32, '2020_01_15_173317_create_study_types_table', 1),
(33, '2020_01_15_173950_create_study_subtypes_table', 1),
(34, '2020_01_15_174449_create_disciplines_table', 1),
(35, '2020_01_15_174943_create_discipline_types_table', 1),
(36, '2020_01_15_175446_create_emp_types_table', 1);

-- --------------------------------------------------------

--
-- Структура таблицы `osvita_levels`
--

CREATE TABLE `osvita_levels` (
  `id` decimal(2,0) NOT NULL,
  `osvita_level_name` varchar(80) CHARACTER SET utf8mb4 COLLATE utf8mb4_unicode_ci NOT NULL,
  `is_used` tinyint(1) NOT NULL
) ENGINE=InnoDB DEFAULT CHARSET=utf8mb4 COLLATE=utf8mb4_unicode_ci;

--
-- Дамп данных таблицы `osvita_levels`
--

INSERT INTO `osvita_levels` (`id`, `osvita_level_name`, `is_used`) VALUES
('6', 'Бакалавр', 1),
('8', 'Магістр', 1);

-- --------------------------------------------------------

--
-- Структура таблицы `password_resets`
--

CREATE TABLE `password_resets` (
  `email` varchar(255) CHARACTER SET utf8mb4 COLLATE utf8mb4_unicode_ci NOT NULL,
  `token` varchar(255) CHARACTER SET utf8mb4 COLLATE utf8mb4_unicode_ci NOT NULL,
  `created_at` timestamp NULL DEFAULT NULL
) ENGINE=InnoDB DEFAULT CHARSET=utf8mb4 COLLATE=utf8mb4_unicode_ci;

-- --------------------------------------------------------

--
-- Структура таблицы `positions`
--

CREATE TABLE `positions` (
  `id` int(11) NOT NULL,
  `position_type_id` varchar(12) CHARACTER SET utf8mb4 COLLATE utf8mb4_unicode_ci NOT NULL,
  `position_name` varchar(255) CHARACTER SET utf8mb4 COLLATE utf8mb4_unicode_ci NOT NULL,
  `position_short_name` varchar(20) CHARACTER SET utf8mb4 COLLATE utf8mb4_unicode_ci DEFAULT NULL,
  `is_used` tinyint(1) NOT NULL,
  `is_decanat` tinyint(1) NOT NULL,
  `is_zavkaf` tinyint(1) NOT NULL,
  `is_teacher` tinyint(1) NOT NULL
) ENGINE=InnoDB DEFAULT CHARSET=utf8mb4 COLLATE=utf8mb4_unicode_ci;

--
-- Дамп данных таблицы `positions`
--

INSERT INTO `positions` (`id`, `position_type_id`, `position_name`, `position_short_name`, `is_used`, `is_decanat`, `is_zavkaf`, `is_teacher`) VALUES
(472, '3', 'Декан', 'Декан', 1, 1, 0, 0),
(470, '2', 'Ректор', 'Ректор', 1, 0, 0, 0),
(471, '2', 'Проректор', 'Проректор', 1, 0, 0, 0),
(565, '12', 'Завідувач кафедри, доцент', 'Зав.каф., доц.', 1, 0, 1, 0),
(566, '12', 'Старший викладач', 'Старший викладач', 1, 0, 0, 1),
(568, '12', 'Доцент', 'Доцент', 1, 0, 0, 1),
(570, '13', 'Асистент', 'Асистент', 1, 0, 0, 1),
(572, '12', 'Професор', 'Професор', 1, 0, 0, 1),
(954, '3', 'Заступник декана по навчальній роботі', 'Заст. декана по н.р.', 1, 1, 0, 0),
(967, '2', 'Перший проректор', 'Перший проректор', 1, 0, 0, 0),
(1316, '2', 'Головний бухгалтер', 'Головний бухгалтер', 1, 0, 0, 0),
(1317, '2', 'Начальник ПФВ', 'Начальник ПФВ', 1, 0, 0, 0),
(1318, '2', 'Начальник юридичного відділу', 'Нач. юрд. відд.', 1, 0, 0, 0),
(1327, '2', 'Начальник ВОЧ', 'Начальник ВОЧ', 1, 0, 0, 0),
(2009, '2', 'Начальник учбового відділу', 'Начальник уч. в.', 1, 0, 0, 0),
(3923, '2', 'Начальник відділу кадрів', 'Начальник відд. к.', 1, 0, 0, 0),
(229560, '3', 'Заступник декана по виховній роботі', 'Заст. декана по в.р.', 1, 1, 0, 0),
(254808, '3', 'Директор', 'Директор', 1, 1, 0, 0),
(376897, '3', 'Т. в. о. декана', 'Т. в. о. декана', 1, 1, 0, 0),
(290184, '12', 'Завідувач кафедри, професор', 'Зав.каф., проф.', 1, 0, 1, 0),
(381134, '12', 'В. о. старшого викладача', 'В.о. ст. викл.', 1, 0, 0, 1),
(381135, '12', 'В. о. доцента', 'В.о. доцента', 1, 0, 0, 1),
(381136, '12', 'В. о. професора', 'В.о. проф.', 1, 0, 0, 1),
(381137, '12', 'В. о. асистента', 'В.о. асист.', 1, 0, 0, 1),
(377136, '13', 'Викладач', 'Викладач', 1, 0, 0, 1),
(377557, '2', 'Спеціаліст', 'Спеціаліст', 1, 0, 0, 0),
(384159, '12', 'В. о. завідувача кафедри, професора', 'В.о. зав.каф., проф.', 1, 0, 1, 0),
(384160, '12', 'В. о. завідувача кафедри, доцента', 'В.о. зав.каф., доц.', 1, 0, 1, 0),
(393506, '3', 'В. о. декана', 'В. о. декана', 1, 1, 0, 0),
(377250, '2', 'Завідувач підготовчого відділення', 'Зав. підг. відд.', 1, 0, 0, 0),
(391772, '2', 'Начальник відділу організації виховної та соціально-гуманітарної роботи', 'Нач. від. ОВтаСГР', 1, 0, 0, 0),
(393584, '2', 'В. о. ректора', 'В.о. ректора', 1, 0, 0, 0),
(426209, '3', 'В.о. директора', 'В.о. директора', 1, 1, 0, 0);

-- --------------------------------------------------------

--
-- Структура таблицы `position_types`
--

CREATE TABLE `position_types` (
  `id` varchar(12) CHARACTER SET utf8mb4 COLLATE utf8mb4_unicode_ci NOT NULL,
  `position_type_name` varchar(120) CHARACTER SET utf8mb4 COLLATE utf8mb4_unicode_ci NOT NULL
) ENGINE=InnoDB DEFAULT CHARSET=utf8mb4 COLLATE=utf8mb4_unicode_ci;

--
-- Дамп данных таблицы `position_types`
--

INSERT INTO `position_types` (`id`, `position_type_name`) VALUES
('2', 'Загальновузівська'),
('3', 'Факультетська'),
('12', 'Науково-педагогічна'),
('13', 'Педагогічна'),
('101', 'Наукова');

-- --------------------------------------------------------

--
-- Структура таблицы `session_types`
--

CREATE TABLE `session_types` (
  `id` int(11) NOT NULL,
  `session_type_name` varchar(80) CHARACTER SET utf8mb4 COLLATE utf8mb4_unicode_ci NOT NULL,
  `is_used` tinyint(1) NOT NULL,
  `seasone_num` tinyint(1) NOT NULL,
  `semester_type_name` varchar(50) CHARACTER SET utf8mb4 COLLATE utf8mb4_unicode_ci NOT NULL
) ENGINE=InnoDB DEFAULT CHARSET=utf8mb4 COLLATE=utf8mb4_unicode_ci;

--
-- Дамп данных таблицы `session_types`
--

INSERT INTO `session_types` (`id`, `session_type_name`, `is_used`, `seasone_num`, `semester_type_name`) VALUES
(1, 'Зимова', 1, 1, 'Осінній'),
(2, 'Літня', 1, 0, 'Весняний');

-- --------------------------------------------------------

--
-- Структура таблицы `specialities`
--

CREATE TABLE `specialities` (
  `id` varchar(12) CHARACTER SET utf8mb4 COLLATE utf8mb4_unicode_ci NOT NULL,
  `speciality_code` varchar(12) CHARACTER SET utf8mb4 COLLATE utf8mb4_unicode_ci DEFAULT NULL,
  `speciality_name` varchar(255) CHARACTER SET utf8mb4 COLLATE utf8mb4_unicode_ci NOT NULL,
  `osvita_level_id` decimal(2,0) NOT NULL,
  `is_used` tinyint(1) NOT NULL,
  `is_specialisation` tinyint(1) NOT NULL,
  `main_speciality_id` varchar(12) CHARACTER SET utf8mb4 COLLATE utf8mb4_unicode_ci DEFAULT NULL,
  `full_speciality_name` varchar(268) CHARACTER SET utf8mb4 COLLATE utf8mb4_unicode_ci DEFAULT NULL
) ENGINE=InnoDB DEFAULT CHARSET=utf8mb4 COLLATE=utf8mb4_unicode_ci;

--
-- Дамп данных таблицы `specialities`
--

INSERT INTO `specialities` (`id`, `speciality_code`, `speciality_name`, `osvita_level_id`, `is_used`, `is_specialisation`, `main_speciality_id`, `full_speciality_name`) VALUES
('QPBBLRBGAHGT', '014', 'Середня освіта', '6', 0, 0, NULL, NULL),
('R85NSH52KOFW', '015', 'Професійна освіта', '6', 0, 0, NULL, NULL),
('X81X0PZJRYYB', '035', 'Філологія', '6', 0, 0, NULL, NULL),
('O6RJNG4K4CUW', '051', 'Економіка', '6', 1, 0, NULL, NULL),
('ZAZGT0A55PQK', '071', 'Облік і оподаткування', '6', 1, 0, NULL, NULL),
('I9IQGMQMVBMO', '072', 'Фінанси, банківська справа та страхування', '6', 1, 0, NULL, NULL),
('AHLSOB8JKMXZ', '073', 'Менеджмент', '6', 1, 0, NULL, NULL),
('OYZJ6UA39TDO', '075', 'Маркетинг', '6', 1, 0, NULL, NULL),
('8Z8WPCGFZGMJ', '076', 'Підприємництво, торгівля та біржова діяльність', '6', 1, 0, NULL, NULL),
('E7RNUJFBT42S', '113', 'Прикладна математика', '6', 1, 0, NULL, NULL),
('JC2M6YKNJ91H', '122', 'Комп’ютерні науки', '6', 1, 0, NULL, NULL),
('PHBP7HZLC1Z5', '122', 'Комп’ютерні науки та інформаційні технології', '6', 1, 0, NULL, NULL),
('ZS67KD0TDAOH', '131', 'Прикладна механіка', '6', 1, 0, NULL, NULL),
('96GOYRKIF9WA', '132', 'Матеріалознавство', '6', 1, 0, NULL, NULL),
('C3M6YRRBBGHP', '133', 'Галузеве машинобудування', '6', 1, 0, NULL, NULL),
('TTG58H7FY5B8', '136', 'Металургія', '6', 1, 0, NULL, NULL),
('O9860B6P4QGS', '141', 'Електроенергетика, електротехніка та електромеханіка', '6', 1, 0, NULL, NULL),
('52LWE6EW2VGL', '144', 'Теплоенергетика', '6', 1, 0, NULL, NULL),
('LTR9Y4H4PTW7', '151', 'Автоматизація та комп’ютерно-інтегровані технології', '6', 1, 0, NULL, NULL),
('X9ASLQSWAS9B', '163', 'Біомедична інженерія', '6', 1, 0, NULL, NULL),
('Q6MOV4Q0IT8Y', '183', 'Технології захисту навколишнього середовища', '6', 1, 0, NULL, NULL),
('XJQKQU5NW1NE', '191', 'Архітектура та містобудування', '6', 1, 0, NULL, NULL),
('C66ESOES35CQ', '192', 'Будівництво та цивільна інженерія', '6', 1, 0, NULL, NULL),
('46CGY36TJ710', '231', 'Соціальна робота', '6', 1, 0, NULL, NULL),
('GT7QN8R66NVH', '242', 'Туризм', '6', 1, 0, NULL, NULL),
('FOEXTWHIUZPV', '275', 'Транспортні технології', '6', 0, 0, NULL, NULL),
('YZ0J9YK6899A', '014.04', 'математика', '6', 1, 1, 'QPBBLRBGAHGT', NULL),
('B5W4DZF2CI9L', '015.01', 'будівництво', '6', 1, 1, 'R85NSH52KOFW', NULL),
('TZW0W0XNV1JJ', '035.03', 'слов’янські мови та літератури (переклад включно)', '6', 0, 1, 'X81X0PZJRYYB', NULL),
('CNXMF904KNWP', '035.034', 'слов`янські мови та літератури (переклад включно), перша - російська', '6', 1, 1, 'X81X0PZJRYYB', NULL),
('KV0HJXFLSRZG', '035.04', 'германські мови та літератури (переклад включно)', '6', 0, 1, 'X81X0PZJRYYB', NULL),
('LGTBYXQPE1MZ', '035.041', 'германські мови та літератури (переклад включно), перша - англійська', '6', 1, 1, 'X81X0PZJRYYB', NULL),
('YJ7AT15SLLQR', '275.02', 'на залізничному транспорті', '6', 1, 1, 'FOEXTWHIUZPV', NULL),
('8LMA0EN78Z15', '275.03', 'на автомобільному транспорті', '6', 1, 1, 'FOEXTWHIUZPV', NULL),
('OXGAOYOA25UZ', '015', 'Професійна освіта', '8', 0, 0, NULL, NULL),
('DAOV7NOBJ8D8', '015.01', 'будівництво', '8', 1, 1, 'OXGAOYOA25UZ', NULL),
('KPD0LE5EU4VG', '035', 'Філологія', '8', 0, 0, NULL, NULL),
('5W4BBN5BK2FW', '035.03', 'слов’янські мови та літератури (переклад включно)', '8', 0, 1, 'KPD0LE5EU4VG', NULL),
('B4D4ETJGRCNG', '035.034', 'слов’янські мови та літератури (переклад включно), перша - російська', '8', 1, 1, 'KPD0LE5EU4VG', NULL),
('P2JT69X53K1A', '035.04', 'германські мови та літератури (переклад включно)', '8', 0, 1, 'KPD0LE5EU4VG', NULL),
('CZINWGLRE61Q', '035.041', 'германські мови та літератури (переклад включно), перша - англійська', '8', 1, 1, 'KPD0LE5EU4VG', NULL),
('P8UI3EO0FB8Z', '051', 'Економіка', '8', 1, 0, NULL, NULL),
('5G2VKIXI7GSD', '071', 'Облік і оподаткування', '8', 1, 0, NULL, NULL),
('5T94A7G97Z08', '072', 'Фінанси, банківська справа та страхування', '8', 1, 0, NULL, NULL),
('D7Q9I1OGEPKA', '073', 'Менеджмент', '8', 1, 0, NULL, NULL),
('US3QPVSM7TIQ', '075', 'Маркетинг', '8', 1, 0, NULL, NULL),
('6RFAIXPFBO4V', '076', 'Підприємництво, торгівля та біржова діяльність', '8', 1, 0, NULL, NULL),
('D2Z03IGLFRA7', '113', 'Прикладна математика', '8', 1, 0, NULL, NULL),
('PLLKACXJS12D', '122', 'Комп’ютерні науки', '8', 1, 0, NULL, NULL),
('1OQL5DRV6KPV', '122', 'Комп’ютерні науки та інформаційні технології', '8', 0, 0, NULL, NULL),
('Z0Y1QSCMINK5', '131', 'Прикладна механіка', '8', 1, 0, NULL, NULL),
('8G8QIC3H0A1P', '132', 'Матеріалознавство', '8', 1, 0, NULL, NULL),
('0AU68M1UAYDS', '133', 'Галузеве машинобудування', '8', 1, 0, NULL, NULL),
('RXX9OUQQDE1Z', '136', 'Металургія', '8', 1, 0, NULL, NULL),
('XJDYYXRMK3ET', '141', 'Електроенергетика, електротехніка та електромеханіка', '8', 1, 0, NULL, NULL),
('7GLISC1VTZ6U', '144', 'Теплоенергетика', '8', 1, 0, NULL, NULL),
('ASLDLO1FOJES', '151', 'Автоматизація та комп’ютерно-інтегровані технології', '8', 1, 0, NULL, NULL),
('GBOWE55O0DIW', '192', 'Будівництво та цивільна інженерія', '8', 1, 0, NULL, NULL),
('2Y77IT9VXAZY', '231', 'Соціальна робота', '8', 1, 0, NULL, NULL),
('G063ZDNFQTZL', '275', 'Транспортні технології', '8', 0, 0, NULL, NULL),
('SPER566KSB6M', '275.02', 'на залізничному транспорті', '8', 1, 1, 'G063ZDNFQTZL', NULL),
('6IT7LYKF75QE', '275.03', 'на автомобільному транспорті', '8', 1, 1, 'G063ZDNFQTZL', NULL);

-- --------------------------------------------------------

--
-- Структура таблицы `students`
--

CREATE TABLE `students` (
  `id` varchar(12) CHARACTER SET utf8mb4 COLLATE utf8mb4_unicode_ci NOT NULL,
  `first_name` varchar(100) CHARACTER SET utf8mb4 COLLATE utf8mb4_unicode_ci NOT NULL,
  `last_name` varchar(100) CHARACTER SET utf8mb4 COLLATE utf8mb4_unicode_ci NOT NULL,
  `middle_name` varchar(100) CHARACTER SET utf8mb4 COLLATE utf8mb4_unicode_ci DEFAULT NULL,
  `sex` char(1) CHARACTER SET utf8mb4 COLLATE utf8mb4_unicode_ci DEFAULT NULL,
  `birth_date` date NOT NULL,
  `entry_date` date NOT NULL,
  `ipn` varchar(10) CHARACTER SET utf8mb4 COLLATE utf8mb4_unicode_ci DEFAULT NULL,
  `fio` varchar(302) CHARACTER SET utf8mb4 COLLATE utf8mb4_unicode_ci DEFAULT NULL,
  `fio_short` varchar(303) CHARACTER SET utf8mb4 COLLATE utf8mb4_unicode_ci DEFAULT NULL,
  `login` varchar(255) CHARACTER SET utf8mb4 COLLATE utf8mb4_unicode_ci DEFAULT NULL,
  `password` varchar(255) CHARACTER SET utf8mb4 COLLATE utf8mb4_unicode_ci DEFAULT NULL,
  `registry_code` varchar(50) CHARACTER SET utf8mb4 COLLATE utf8mb4_unicode_ci DEFAULT NULL,
  `is_registered` tinyint(1) NOT NULL
) ENGINE=InnoDB DEFAULT CHARSET=utf8mb4 COLLATE=utf8mb4_unicode_ci;

--
-- Дамп данных таблицы `students`
--

INSERT INTO `students` (`id`, `first_name`, `last_name`, `middle_name`, `sex`, `birth_date`, `entry_date`, `ipn`, `fio`, `fio_short`, `login`, `password`, `registry_code`, `is_registered`) VALUES
('HGM8WQV6E6SD', 'Даніїл', 'Єльохін', 'Дмитрович', 'М', '2000-05-25', '2017-09-01', '3667000111', NULL, NULL, NULL, NULL, NULL, 0),
('M3NG6I8UZKW3', 'Віталій', 'Агєєв', 'Вадимович', 'М', '1998-11-09', '2016-09-01', '3610702011', NULL, NULL, NULL, NULL, NULL, 0),
('AZ2EU6MRHZ88', 'Анастасія', 'Акимченко', 'Максимівна', 'Ж', '2000-05-01', '2017-09-01', '3664601627', NULL, NULL, NULL, NULL, NULL, 0),
('WBQLW7F53BK8', 'Микита', 'Афендіков', 'Олександрович', 'М', '1997-02-03', '2014-09-26', '3446300339', NULL, NULL, NULL, NULL, NULL, 0),
('KKL7FGXQXIQC', 'Данило', 'Біжук', 'Сергійович', 'М', '2000-01-15', '2017-09-01', '3653900337', NULL, NULL, NULL, NULL, NULL, 0),
('43QGZWW1UMU1', 'Олександр', 'Біцай', 'Вадимович', 'М', '1999-09-30', '2017-09-01', '3643200090', NULL, NULL, NULL, NULL, NULL, 0),
('850G22HNO7QW', 'Данило', 'Бикон', 'Анатолійович', 'М', '2000-01-05', '2017-09-01', '3652902830', NULL, NULL, NULL, NULL, NULL, 0),
('HLPYCBHFQHGB', 'Анатолій', 'Брусніков', 'Романович', 'М', '2000-04-13', '2017-09-01', '3662805618', NULL, NULL, NULL, NULL, NULL, 0),
('0GYBR3JGSB92', 'Дмитро', 'Герасимов', 'Сергійович', 'М', '2000-08-21', '2017-09-01', '3675801811', NULL, NULL, NULL, NULL, NULL, 0),
('IB93OC1K3FPD', 'Ілля', 'Капуста', 'Володимирович', 'М', '2000-08-01', '2017-09-01', '3673804858', NULL, NULL, NULL, NULL, NULL, 0),
('1F9NRFIOIUU3', 'Артем', 'Коновалов', 'Ігорович', 'М', '2000-03-22', '2017-09-01', '3660601594', NULL, NULL, NULL, NULL, NULL, 0),
('9GCGY8F5JXSQ', 'Олексій', 'Корчевий', 'Олегович', 'М', '1998-03-06', '2018-09-01', '3585902231', NULL, NULL, NULL, NULL, NULL, 0),
('5RTHFKAJGD5Q', 'Олександр', 'Мазурик', 'Сергійович', 'М', '1999-05-04', '2017-09-01', '3628302430', NULL, NULL, NULL, NULL, NULL, 0),
('LZPGF8L1SZHC', 'Олег', 'Маліков', 'Леонідович', 'М', '1999-03-31', '2017-09-01', '3624900313', NULL, NULL, NULL, NULL, NULL, 0),
('N0NWG8LWEE3V', 'Роман', 'Малахов', 'Олександрович', 'М', '1999-07-16', '2017-09-01', '3635600258', NULL, NULL, NULL, NULL, NULL, 0),
('M6NCGIDWHAC0', 'Максим', 'Острянін', 'Дмитрович', 'М', '1999-03-02', '2017-09-01', '3622000210', NULL, NULL, NULL, NULL, NULL, 0),
('KW1GGYYBSSOT', 'Ігор', 'Палій', 'Дмитрович', 'М', '2000-07-29', '2017-09-01', '3673500113', NULL, NULL, NULL, NULL, NULL, 0),
('I6T9FW93BWP0', 'Євгенія', 'Перець', 'Олегівна', 'Ж', '1999-11-26', '2017-09-01', '3648900208', NULL, NULL, NULL, NULL, NULL, 0),
('8F4N6OJGG7ZB', 'Антон', 'Решетников', 'Олександрович', 'М', '1999-10-11', '2017-09-01', '3644300173', NULL, NULL, NULL, NULL, NULL, 0),
('163W201KNP5P', 'Микита', 'Рядченко', 'Петрович', 'М', '2000-06-07', '2018-09-01', '3668301436', NULL, NULL, NULL, NULL, NULL, 0),
('TQ5X4Y7B7Z42', 'Аліна', 'Сіромаха', 'Геннадіївна', 'Ж', '1999-09-24', '2017-09-01', '3642601464', NULL, NULL, NULL, NULL, NULL, 0),
('EE82GHT247BO', 'Альона', 'Сидорова', 'Геннадіївна', 'Ж', '2000-05-21', '2017-09-01', '3666600121', NULL, NULL, 'a21d1909@gmail.com', '$2y$10$ooL3JIC7Mhw/dMWgJQs5/eUApSdoN91g91J0cjtb4J4bnMjmhRney', '123', 1),
('J4RDN1N3Q1IR', 'Михайло', 'Старіна', 'Юрійович', 'М', '1995-12-12', '2016-09-01', '3504404210', NULL, NULL, NULL, NULL, NULL, 0),
('9AZV2XX6C3YE', 'Євген', 'Хілобок', 'Володимирович', 'М', '2000-05-12', '2017-09-01', NULL, NULL, NULL, NULL, NULL, NULL, 0),
('292O3YZF7YNK', 'Дмитро', 'Хазах', 'Володимирович', 'М', '2000-08-29', '2017-09-01', '3676600030', NULL, NULL, NULL, NULL, NULL, 0),
('PPSI3DOCQJP3', 'Карина', 'Хохлова', 'Юріївна', 'Ж', '1999-10-19', '2017-09-01', '3645102108', NULL, NULL, NULL, NULL, NULL, 0),
('SW01GKS0RST7', 'В`ячеслав', 'Ширін', 'Сергійович', 'М', '2000-04-20', '2017-09-01', '3663501550', NULL, NULL, NULL, NULL, NULL, 0),
('RDC5YICVEOMC', 'Микита', 'Щербатих', 'Андрійович', 'М', '1999-12-06', '2017-09-01', '3649900293', NULL, NULL, NULL, NULL, NULL, 0),
('XQR12NVXJU4X', 'Іван', 'Якушечкін', 'Владиславович', 'М', '1998-08-16', '2018-09-01', '3602201973', NULL, NULL, NULL, NULL, NULL, 0);

-- --------------------------------------------------------

--
-- Структура таблицы `study_cards`
--

CREATE TABLE `study_cards` (
  `id` varchar(12) CHARACTER SET utf8mb4 COLLATE utf8mb4_unicode_ci NOT NULL,
  `student_id` varchar(12) CHARACTER SET utf8mb4 COLLATE utf8mb4_unicode_ci NOT NULL,
  `study_program_id` varchar(12) CHARACTER SET utf8mb4 COLLATE utf8mb4_unicode_ci NOT NULL,
  `study_group_id` varchar(12) CHARACTER SET utf8mb4 COLLATE utf8mb4_unicode_ci NOT NULL,
  `study_state_id` int(11) NOT NULL
) ENGINE=InnoDB DEFAULT CHARSET=utf8mb4 COLLATE=utf8mb4_unicode_ci;

--
-- Дамп данных таблицы `study_cards`
--

INSERT INTO `study_cards` (`id`, `student_id`, `study_program_id`, `study_group_id`, `study_state_id`) VALUES
('D7AWURDBWN7V', 'HGM8WQV6E6SD', 'DP26HVMZQZ5A', 'H97PPRE7LTHA', 1),
('Y482N2BAJ7AZ', 'M3NG6I8UZKW3', 'DP26HVMZQZ5A', 'H97PPRE7LTHA', 1),
('VW9IYFIJ6VCJ', 'AZ2EU6MRHZ88', 'DP26HVMZQZ5A', 'H97PPRE7LTHA', 1),
('T47JGUCZOE5T', 'WBQLW7F53BK8', 'DP26HVMZQZ5A', 'H97PPRE7LTHA', 1),
('OWJ4E31AOMVL', 'KKL7FGXQXIQC', 'DP26HVMZQZ5A', 'H97PPRE7LTHA', 1),
('L1R61FUE4OH6', '43QGZWW1UMU1', 'DP26HVMZQZ5A', 'H97PPRE7LTHA', 1),
('RVEXJ9PBY2LN', '850G22HNO7QW', 'DP26HVMZQZ5A', 'H97PPRE7LTHA', 1),
('FV4AB8L01H5D', 'HLPYCBHFQHGB', 'DP26HVMZQZ5A', 'H97PPRE7LTHA', 1),
('6X41ZO3QHM5B', '0GYBR3JGSB92', 'DP26HVMZQZ5A', 'H97PPRE7LTHA', 1),
('50HAQRC1C67V', 'IB93OC1K3FPD', 'DP26HVMZQZ5A', 'H97PPRE7LTHA', 1),
('I1O7GPARNM0U', '1F9NRFIOIUU3', 'DP26HVMZQZ5A', 'H97PPRE7LTHA', 1),
('B3P71OZI4FOW', '9GCGY8F5JXSQ', 'DP26HVMZQZ5A', 'H97PPRE7LTHA', 1),
('P76IR5VPITGS', '5RTHFKAJGD5Q', 'DP26HVMZQZ5A', 'H97PPRE7LTHA', 1),
('Y1BMWPXQNXVI', 'LZPGF8L1SZHC', 'DP26HVMZQZ5A', 'H97PPRE7LTHA', 1),
('G3YJO2OHO8AQ', 'N0NWG8LWEE3V', 'DP26HVMZQZ5A', 'H97PPRE7LTHA', 1),
('KG8KHLU8PINU', 'M6NCGIDWHAC0', 'DP26HVMZQZ5A', 'H97PPRE7LTHA', 1),
('KVY8J7PLZEW2', 'KW1GGYYBSSOT', 'DP26HVMZQZ5A', 'H97PPRE7LTHA', 1),
('3FLUHJWFKEEJ', 'I6T9FW93BWP0', 'DP26HVMZQZ5A', 'H97PPRE7LTHA', 1),
('9G0HDFTWWUZR', '8F4N6OJGG7ZB', 'DP26HVMZQZ5A', 'H97PPRE7LTHA', 1),
('3W28AOUQZQ4V', '163W201KNP5P', 'DP26HVMZQZ5A', 'H97PPRE7LTHA', 1),
('CIVFYJ65CV8Y', 'TQ5X4Y7B7Z42', 'DP26HVMZQZ5A', 'H97PPRE7LTHA', 1),
('GI3RNGVCMFZD', 'EE82GHT247BO', 'DP26HVMZQZ5A', 'H97PPRE7LTHA', 1),
('1HZMMF8HHFMH', 'J4RDN1N3Q1IR', 'DP26HVMZQZ5A', 'H97PPRE7LTHA', 1),
('L87N6AAPDGR5', '9AZV2XX6C3YE', 'DP26HVMZQZ5A', 'H97PPRE7LTHA', 1),
('WIE9ODR1WVHC', '292O3YZF7YNK', 'DP26HVMZQZ5A', 'H97PPRE7LTHA', 1),
('W35WX0MD89XU', 'PPSI3DOCQJP3', 'DP26HVMZQZ5A', 'H97PPRE7LTHA', 1),
('DQ2KNESOEQHL', 'SW01GKS0RST7', 'DP26HVMZQZ5A', 'H97PPRE7LTHA', 1),
('6ZKFP3PNYRZM', 'RDC5YICVEOMC', 'DP26HVMZQZ5A', 'H97PPRE7LTHA', 1),
('QAX5VSLIOYLC', 'XQR12NVXJU4X', 'DP26HVMZQZ5A', 'H97PPRE7LTHA', 1);

-- --------------------------------------------------------

--
-- Структура таблицы `study_groups`
--

CREATE TABLE `study_groups` (
  `id` varchar(12) CHARACTER SET utf8mb4 COLLATE utf8mb4_unicode_ci NOT NULL,
  `study_group_name` varchar(50) CHARACTER SET utf8mb4 COLLATE utf8mb4_unicode_ci NOT NULL,
  `study_group_state_id` decimal(9,0) NOT NULL,
  `education_form_id` int(11) NOT NULL,
  `study_program_id` varchar(12) CHARACTER SET utf8mb4 COLLATE utf8mb4_unicode_ci NOT NULL,
  `division_id` varchar(12) CHARACTER SET utf8mb4 COLLATE utf8mb4_unicode_ci DEFAULT NULL
) ENGINE=InnoDB DEFAULT CHARSET=utf8mb4 COLLATE=utf8mb4_unicode_ci;

--
-- Дамп данных таблицы `study_groups`
--

INSERT INTO `study_groups` (`id`, `study_group_name`, `study_group_state_id`, `education_form_id`, `study_program_id`, `division_id`) VALUES
('MXHHDYT1X7WE', 'КН-16', '1', 1, 'ILGLZVJWDSTP', 'GKHNITMSORYY'),
('H97PPRE7LTHA', 'КН-17', '1', 1, 'DP26HVMZQZ5A', 'GKHNITMSORYY'),
('G8BLZ4DMFTDT', 'КН-18', '1', 1, 'DP26HVMZQZ5A', 'GKHNITMSORYY'),
('48HLX0WLFJX5', 'КН-19', '1', 1, 'DP26HVMZQZ5A', 'GKHNITMSORYY'),
('3JU6N2NNSLFH', 'КН-19-М', '1', 1, '0710IWKQ3YU9', 'GKHNITMSORYY');

-- --------------------------------------------------------

--
-- Структура таблицы `study_group_states`
--

CREATE TABLE `study_group_states` (
  `id` decimal(9,0) NOT NULL,
  `study_group_state_name` varchar(20) CHARACTER SET utf8mb4 COLLATE utf8mb4_unicode_ci NOT NULL
) ENGINE=InnoDB DEFAULT CHARSET=utf8mb4 COLLATE=utf8mb4_unicode_ci;

--
-- Дамп данных таблицы `study_group_states`
--

INSERT INTO `study_group_states` (`id`, `study_group_state_name`) VALUES
('0', 'Не визначений стан'),
('1', 'Навчається'),
('2', 'Випущена'),
('3', 'Відрахована');

-- --------------------------------------------------------

--
-- Структура таблицы `study_programs`
--

CREATE TABLE `study_programs` (
  `id` varchar(12) CHARACTER SET utf8mb4 COLLATE utf8mb4_unicode_ci NOT NULL,
  `speciality_id` varchar(12) CHARACTER SET utf8mb4 COLLATE utf8mb4_unicode_ci NOT NULL,
  `study_program_name` varchar(255) CHARACTER SET utf8mb4 COLLATE utf8mb4_unicode_ci NOT NULL,
  `is_used` tinyint(1) NOT NULL
) ENGINE=InnoDB DEFAULT CHARSET=utf8mb4 COLLATE=utf8mb4_unicode_ci;

--
-- Дамп данных таблицы `study_programs`
--

INSERT INTO `study_programs` (`id`, `speciality_id`, `study_program_name`, `is_used`) VALUES
('3HX7VGVAKUJ1', 'YZ0J9YK6899A', 'Математика', 1),
('QQM92EN8YQA2', 'B5W4DZF2CI9L', 'Професійна освіта (Будівництво)', 1),
('CN5ESRVHZIAY', 'X81X0PZJRYYB', 'Германські мови та літератури (переклад включно), перша – англійська', 1),
('HCN8XHLPSTSD', 'X81X0PZJRYYB', 'Слов’янські мови та літератури (переклад включно), перша – російська', 1),
('ZBXV4RA5OAFX', 'TZW0W0XNV1JJ', 'слов`янські мови та літератури (переклад включно)', 1),
('BJN3SW9RLT7N', 'TZW0W0XNV1JJ', 'Філологія', 1),
('59I3SF7KJ015', 'CNXMF904KNWP', 'Філологія', 1),
('SHMYX275BD4R', 'CNXMF904KNWP', 'Філологія (переклад з російської, польської мов на українську)', 1),
('U65GJDQFQGVI', 'KV0HJXFLSRZG', 'Філологія', 1),
('PNZICEJSNR48', 'KV0HJXFLSRZG', 'Германські мови та літератури (переклад включно)', 1),
('Y1GVQSKGUKL1', 'LGTBYXQPE1MZ', 'Англійська та німецька мови (переклад включно)', 1),
('5BORJM8VLFDV', 'LGTBYXQPE1MZ', 'Філологія', 1),
('017EYT45BIRY', 'O6RJNG4K4CUW', 'Економіка підприємства', 1),
('SSPOW2O9QME7', 'ZAZGT0A55PQK', 'Облік і аудит', 1),
('CQV6DEBIBG7O', 'I9IQGMQMVBMO', 'Фінанси, банківська справа та страхування', 1),
('6PA65ZF2FJQV', 'I9IQGMQMVBMO', 'Фінанси і кредит', 1),
('8NDZ9GBM511C', 'AHLSOB8JKMXZ', 'Бізнес адміністрування', 1),
('MH5PCC3NSVW9', 'AHLSOB8JKMXZ', 'Менеджмент організацій і адміністрування', 1),
('BH3DMRB1ZKUP', 'AHLSOB8JKMXZ', 'Транспортна логістика', 1),
('K8S2S1Z22CMR', 'AHLSOB8JKMXZ', 'Менеджмент', 1),
('FIDL9AV68763', 'AHLSOB8JKMXZ', 'Менеджмент транспорту і логістики', 1),
('HEN5970G69N0', 'OYZJ6UA39TDO', 'Маркетинг', 1),
('1TOMX8RE62A9', '8Z8WPCGFZGMJ', 'Підприємництво, торгівля та біржова діяльність', 1),
('H2V6PU2WVRP1', 'E7RNUJFBT42S', 'Комп`ютерне моделювання', 1),
('3SH29QUK0C2E', 'E7RNUJFBT42S', 'Прикладна математика', 1),
('ILGLZVJWDSTP', 'PHBP7HZLC1Z5', 'Комп’ютерні науки', 1),
('C15IXORVTIRN', 'PHBP7HZLC1Z5', 'Інформатика', 1),
('V0BC2OFGQ5G3', 'JC2M6YKNJ91H', 'Інформатика', 1),
('DP26HVMZQZ5A', 'JC2M6YKNJ91H', 'Комп’ютерні науки', 1),
('TKOYK8LAEYNO', 'ZS67KD0TDAOH', 'Прикладна механіка', 1),
('QMY9OXF5D79N', 'ZS67KD0TDAOH', 'Інженерна механіка', 1),
('BJN10L5EG5DN', 'ZS67KD0TDAOH', 'Зварювання', 1),
('IO6TVJXV3I00', '96GOYRKIF9WA', 'Термічна обробка металів', 1),
('2OP7BTNHCTPH', '96GOYRKIF9WA', 'Інженерне матеріалознавство', 1),
('4X53GEWJQHQC', '96GOYRKIF9WA', 'Матеріалознавство', 1),
('1ZR17M1DQW27', '96GOYRKIF9WA', 'Прикладне матеріалознавство', 1),
('NZTANEC9MVVE', 'C3M6YRRBBGHP', 'Металорізальні верстати та системи', 1),
('20D94C5DIGWL', 'C3M6YRRBBGHP', 'Металургійне обладнання', 1),
('K6FFOTSGANUW', 'C3M6YRRBBGHP', 'Машинобудування', 1),
('AD5XKXF8XDJF', 'C3M6YRRBBGHP', 'Підйомно-транспортні, дорожні, будівельні, меліоративні машини і обладнання', 1),
('OJRDQ87LQB73', 'C3M6YRRBBGHP', 'Галузеве машинобудування', 1),
('IJYQ2RB6ST1J', 'TTG58H7FY5B8', 'Обробка металів тиском', 1),
('0Y6XYH0EFOAM', 'TTG58H7FY5B8', 'Металургія', 1),
('NMF2H3FMN4CP', 'TTG58H7FY5B8', 'Промислова теплотехніка', 1),
('D532QJH8BO8T', 'TTG58H7FY5B8', 'Металургія чорних металів', 1),
('YY807Z920EK5', 'O9860B6P4QGS', 'Електроенергетика, електротехніка та електромеханіка', 1),
('ZSK62MM7EO9V', 'O9860B6P4QGS', 'Електротехнічні системи електроспоживання', 1),
('SIXM5JIQPWNT', 'O9860B6P4QGS', 'Системи управління виробництвом і розподілом електроенергії', 1),
('H2RLSINPW2PB', 'O9860B6P4QGS', 'Електромеханіка', 1),
('RS2KDP4JTPCV', 'O9860B6P4QGS', 'Електротехніка та електротехнології', 1),
('YREYPSVRT2LO', '52LWE6EW2VGL', 'Теплоенергетика', 1),
('HPDJEEI45MQ1', 'LTR9Y4H4PTW7', 'Автоматизація та комп’ютерно-інтегровані технології', 1),
('TCKDYUSPBOGI', 'LTR9Y4H4PTW7', 'Автоматизація та комп’ютерно-інтегровані технології', 1),
('PIFL3Z6EOSHM', 'X9ASLQSWAS9B', 'Біомедична інженерія', 1),
('3MOW4CDLUB35', 'Q6MOV4Q0IT8Y', 'Технології захисту навколишнього середовища', 1),
('XLF9OJ2AE8MO', 'XJQKQU5NW1NE', 'Архітектура та містобудування', 1),
('75O1PLNTIGB4', 'XJQKQU5NW1NE', 'Архітектура будівель і споруд', 1),
('KDYMVH4Q9P7P', 'C66ESOES35CQ', 'Будівництво', 1),
('7J616DETCWQK', 'C66ESOES35CQ', 'Будівництво та цивільна інженерія', 1),
('PZSZ5UVOHQ80', '46CGY36TJ710', 'Соціальна робота', 1),
('D1GGT2C7ZFL9', 'GT7QN8R66NVH', 'Туризм', 1),
('D7X53PGXCIR0', 'YJ7AT15SLLQR', 'Транспортні технології на залізничному транспорті', 1),
('IGLMJ7GUJIFD', 'YJ7AT15SLLQR', 'Організація перевезень і управління на транспорті промислових підприємств', 1),
('EC2MITNMPDVO', 'YJ7AT15SLLQR', 'Організація перевезень і управління на промисловому транспорті', 1),
('KPF1M0UCPKA3', '8LMA0EN78Z15', 'Організація перевезень і управління на автомобільному транспорті', 1),
('E8QMJDHOY1DG', '8LMA0EN78Z15', 'Організація міжнародних перевезень на автотранспорті', 1),
('TQXMNVGHSGSQ', '8LMA0EN78Z15', 'Логістика транспортних систем', 1),
('OFZL2WQYD5LG', '8LMA0EN78Z15', '--- організація перевезень та управління на автомобільному транспорті', 0),
('GYU5SQR8VV0I', '8LMA0EN78Z15', 'Транспортні технології на автомобільному транспорті', 1),
('M5FLSP6PNV9R', '8LMA0EN78Z15', 'Організація міжнародних перевезень', 1),
('RVP4VBM6IH46', 'DAOV7NOBJ8D8', 'Професійна освіта (Будівництво)', 1),
('6QKQ2I0I78F9', 'KPD0LE5EU4VG', 'Слов’янські мови та літератури (переклад включно), перша – російська', 1),
('93R78GRKG0J6', 'KPD0LE5EU4VG', 'Германські мови та літератури (переклад включно), перша – англійська', 1),
('U4655PA42H9R', '5W4BBN5BK2FW', 'Слов’янські мови та літератури (переклад включно)', 1),
('FBK5968T7CC6', '5W4BBN5BK2FW', 'Переклад (російська та польська мови)', 1),
('ACR79LAT3V1M', '5W4BBN5BK2FW', '-- Переклад', 0),
('1IZQLCJ5TDM8', 'B4D4ETJGRCNG', '-- Переклад', 0),
('RZR70QKXE1P5', 'B4D4ETJGRCNG', 'Переклад (російська та польська мови)', 1),
('5C0QAZ5DSQYM', 'P2JT69X53K1A', '-- Переклад', 0),
('5XIRV469UU38', 'P2JT69X53K1A', 'Германські мови та літератури (переклад включно)', 1),
('S9UTL5M9WRQ8', 'P2JT69X53K1A', 'Переклад (англійська та німецька мови)', 1),
('88NYA8YY5N1E', 'CZINWGLRE61Q', 'Переклад (англійська та німецька мови)', 1),
('RCICS4O63WKB', 'CZINWGLRE61Q', '-- Переклад', 0),
('OT2191UYUYOM', 'P8UI3EO0FB8Z', 'Економіка довкілля і природних ресурсів', 1),
('3SYNO6NF2IX9', 'P8UI3EO0FB8Z', 'Економіка підприємства', 1),
('6YOL99HW7N63', '5G2VKIXI7GSD', 'Облік і аудит', 1),
('NU1CH8FUCYX7', '5T94A7G97Z08', 'Фінанси і кредит', 1),
('VR4RBHIBS6F7', '5T94A7G97Z08', 'Банківська справа, фінанси і кредит', 1),
('3OCMFHK1MYX3', '5T94A7G97Z08', 'Фінанси, банківська справа та страхування', 1),
('F0ML8RDMEC2S', 'D7Q9I1OGEPKA', 'Управління проектами', 1),
('R271O606N6HW', 'D7Q9I1OGEPKA', 'Менеджмент організацій і адміністрування (за видами економічної діяльності)', 1),
('W1549LTOKVOL', 'D7Q9I1OGEPKA', 'Якість, стандартизація та сертифікація', 1),
('64W194EXORJM', 'D7Q9I1OGEPKA', 'Управління інноваційною діяльністю', 1),
('4KEFKLGCAQM0', 'D7Q9I1OGEPKA', 'Бізнес-адміністрування', 1),
('CD4V4AN3W2MH', 'D7Q9I1OGEPKA', 'Логістичний менеджмент', 1),
('DMNVOVQSH1SC', 'D7Q9I1OGEPKA', 'Менеджмент організацій і адміністрування', 1),
('FD26XX7VTDR8', 'US3QPVSM7TIQ', 'Маркетинг', 1),
('TLI1WK823SJO', '6RFAIXPFBO4V', 'Інтелектуальна власність', 1),
('0GK0YY83N43B', '6RFAIXPFBO4V', 'Якість, стандартизація та сертифікація', 1),
('4JH30FG882CX', 'D2Z03IGLFRA7', '-- Прикладна математика', 0),
('4YCKRP7L7J4M', 'D2Z03IGLFRA7', 'Комп`ютерне моделювання', 1),
('CJJG9GCJ5X3C', '1OQL5DRV6KPV', 'Консолідована інформація', 1),
('9D4RU3ODS977', '1OQL5DRV6KPV', 'Інформатика', 1),
('3JDGCKABYI5D', '1OQL5DRV6KPV', 'Інформаційні системи та технології', 1),
('UXVDHHV6H41M', 'PLLKACXJS12D', 'Інформатика', 1),
('K6JE1KUYSFDV', 'PLLKACXJS12D', 'Консолідована інформація', 1),
('0710IWKQ3YU9', 'PLLKACXJS12D', 'Інформаційні системи та технології', 1),
('53GH7RJQ6ZK7', 'Z0Y1QSCMINK5', 'Технології машинобудування', 1),
('MSQ1FY8Z0NUG', 'Z0Y1QSCMINK5', 'Технології та устаткування зварювання', 1),
('3FOOJC1ZOFXK', 'Z0Y1QSCMINK5', 'Обробка металів за спецтехнологіями', 1),
('SGIAUSP3L7PY', 'Z0Y1QSCMINK5', 'Відновлення та підвищення зносостійкості деталей і конструкцій', 1),
('BSDICPDHEPVB', '8G8QIC3H0A1P', 'Прикладне матеріалознавство', 1),
('0ML6RIT40AAB', '8G8QIC3H0A1P', 'Матеріалознавство', 1),
('M16TSSFVZU3T', '8G8QIC3H0A1P', 'Металознавство', 1),
('G0PQNE5TQ195', '8G8QIC3H0A1P', 'Термічна обробка металів', 1),
('HL77IXVQ4LZ3', '8G8QIC3H0A1P', 'Композиційні та порошкові матеріали, покриття', 1),
('H5LHYKTAL9LS', '0AU68M1UAYDS', 'Нанотехнології в машинобудуванні НТМ', 1),
('5B4ZE0YVDY1O', '0AU68M1UAYDS', 'Металорізальні верстати та системи', 1),
('NP6IVVBZM716', '0AU68M1UAYDS', 'Підйомно-транспортні, дорожні, будівельні, меліоративні машини і обладнання', 1),
('RAL8AOKQ1BQG', '0AU68M1UAYDS', '--Металорізальні верстати та системи', 0),
('1P9NYSET24PT', '0AU68M1UAYDS', 'Металургійне обладнання', 1),
('V93SRNZ63MYF', '0AU68M1UAYDS', 'Інструментальне виробництво', 1),
('5QTM5WQ8NZV6', 'RXX9OUQQDE1Z', 'Електрометалургія сталі та феросплавів', 1),
('KISH0C2LJCH4', 'RXX9OUQQDE1Z', 'Ливарне виробництво чорних і кольорових металів і сплавів', 1),
('ZN5OE119OC6S', 'RXX9OUQQDE1Z', 'Металургія чорних металів', 1),
('WOQBFXYLO0WN', 'RXX9OUQQDE1Z', 'Обробка металів тиском', 1),
('UAU9E66AQB6X', 'XJDYYXRMK3ET', 'Електротехнічні системи електроспоживання', 1),
('CCTCP2TCD2XK', 'XJDYYXRMK3ET', 'Електромеханічні системи автоматизації та електропривод', 1),
('INDJUMT1HBJE', 'XJDYYXRMK3ET', 'Системи управління виробництвом і розподілом електроенергії', 1),
('SMMBUWZ28A5D', '7GLISC1VTZ6U', 'Енергетичний менеджмент', 1),
('934XGSO95SR0', '7GLISC1VTZ6U', 'Теплоенергетика', 1),
('CMHMB83PJIWZ', 'ASLDLO1FOJES', 'Автоматизоване управління технологічними процесами', 1),
('4Y5XUJBDYV7J', 'ASLDLO1FOJES', 'Комп’ютерно-інтегровані технологічні процеси і виробництва', 1),
('1ZNUG8W2WGRX', 'GBOWE55O0DIW', 'Промислове і цивільне будівництво', 1),
('L6FRFVOC1CM4', '2Y77IT9VXAZY', 'Соціальна робота', 1),
('MSY2K16QPZJM', 'SPER566KSB6M', 'Організація перевезень і управління на промисловому транспорті', 1),
('5FQC4R3KLPEJ', 'SPER566KSB6M', 'Транспортні системи', 1),
('JSHI1ZCHX23K', '6IT7LYKF75QE', 'Організація міжнародних перевезень', 1),
('IBPADDW4BCFE', '6IT7LYKF75QE', 'Організація перевезень і управління на автомобільному транспорті', 1),
('Y99ZLNLYWEEI', '6IT7LYKF75QE', 'Транспортні технології', 1),
('EA1SFF54F9GQ', '6IT7LYKF75QE', 'Логістика транспортних систем', 1);

-- --------------------------------------------------------

--
-- Структура таблицы `study_states`
--

CREATE TABLE `study_states` (
  `id` int(11) NOT NULL,
  `study_state_name` varchar(80) CHARACTER SET utf8mb4 COLLATE utf8mb4_unicode_ci NOT NULL,
  `is_used` tinyint(1) NOT NULL
) ENGINE=InnoDB DEFAULT CHARSET=utf8mb4 COLLATE=utf8mb4_unicode_ci;

--
-- Дамп данных таблицы `study_states`
--

INSERT INTO `study_states` (`id`, `study_state_name`, `is_used`) VALUES
(0, 'Не визначений', 1),
(1, 'Навчається', 1),
(2, 'Призупинено', 1),
(3, 'Відрахований', 1),
(6, 'Закінчив навчання', 1);

-- --------------------------------------------------------

--
-- Структура таблицы `study_subtypes`
--

CREATE TABLE `study_subtypes` (
  `id` int(11) NOT NULL,
  `study_type_id` decimal(2,0) NOT NULL,
  `study_subtype_name` varchar(100) CHARACTER SET utf8mb4 COLLATE utf8mb4_unicode_ci NOT NULL,
  `study_subtype_short_name` varchar(10) CHARACTER SET utf8mb4 COLLATE utf8mb4_unicode_ci NOT NULL
) ENGINE=InnoDB DEFAULT CHARSET=utf8mb4 COLLATE=utf8mb4_unicode_ci;

--
-- Дамп данных таблицы `study_subtypes`
--

INSERT INTO `study_subtypes` (`id`, `study_type_id`, `study_subtype_name`, `study_subtype_short_name`) VALUES
(1, '12', 'Виконання', 'Вик'),
(2, '12', 'Оформлення звіту', 'Зв'),
(3, '12', 'Захист', 'Зах');

-- --------------------------------------------------------

--
-- Структура таблицы `study_types`
--

CREATE TABLE `study_types` (
  `id` decimal(4,0) NOT NULL,
  `study_type_name` varchar(80) CHARACTER SET utf8mb4 COLLATE utf8mb4_unicode_ci NOT NULL,
  `study_type_short_name` varchar(80) CHARACTER SET utf8mb4 COLLATE utf8mb4_unicode_ci NOT NULL,
  `is_comulative_score` tinyint(1) NOT NULL,
  `study_type_max_score` int(11) NOT NULL,
  `study_type_max_comulative_score` int(11) NOT NULL,
  `is_for_test` tinyint(1) NOT NULL,
  `edit_emp_type_id` int(11) DEFAULT NULL
) ENGINE=InnoDB DEFAULT CHARSET=utf8mb4 COLLATE=utf8mb4_unicode_ci;

--
-- Дамп данных таблицы `study_types`
--

INSERT INTO `study_types` (`id`, `study_type_name`, `study_type_short_name`, `is_comulative_score`, `study_type_max_score`, `study_type_max_comulative_score`, `is_for_test`, `edit_emp_type_id`) VALUES
('9', 'Екзамен', 'Екз', 1, 100, 60, 0, 1),
('8', 'Залік', 'Зал', 1, 100, 100, 0, 1),
('4', 'Дифзалік', 'Д/зал', 1, 100, 100, 0, 1),
('15', 'Курсова робота', 'КР', 0, 100, 0, 0, 1),
('6', 'Курсовий проект', 'КП', 0, 100, 0, 0, 1),
('12', 'Лабораторна робота', 'ЛР', 0, 0, 0, 1, NULL),
('5', 'Контрольна робота', 'К/р', 0, 0, 0, 1, NULL),
('1001', 'Модульна контрольна робота', 'МКР', 0, 0, 0, 1, 1),
('1002', 'Поточній контроль', 'ПотК', 0, 0, 0, 1, NULL),
('13', 'Самостійна робота', 'СР', 0, 0, 0, 1, 1),
('1003', 'Відвідування та конспект', 'ВтаК', 0, 0, 0, 1, 1),
('1', 'Реферат', 'Реф', 0, 0, 0, 1, NULL),
('3', 'Розрахунково-графічна робота', 'РГР', 0, 0, 0, 1, NULL),
('7', 'Модуль', 'МОД', 0, 0, 0, 1, 1),
('11', 'Практична робота', 'ПР', 0, 0, 0, 1, NULL);

-- --------------------------------------------------------

--
-- Структура таблицы `study_years`
--

CREATE TABLE `study_years` (
  `id` varchar(9) CHARACTER SET utf8mb4 COLLATE utf8mb4_unicode_ci NOT NULL,
  `year_date_start` date NOT NULL,
  `is_used` tinyint(1) NOT NULL
) ENGINE=InnoDB DEFAULT CHARSET=utf8mb4 COLLATE=utf8mb4_unicode_ci;

--
-- Дамп данных таблицы `study_years`
--

INSERT INTO `study_years` (`id`, `year_date_start`, `is_used`) VALUES
('2019/2020', '2019-09-02', 1),
('2018/2019', '2018-09-03', 1),
('2017/2018', '2017-08-28', 1);

-- --------------------------------------------------------

--
-- Структура таблицы `test_disciplines`
--

CREATE TABLE `test_disciplines` (
  `id` bigint(20) NOT NULL,
  `wnp_discipline_sem_id` varchar(12) CHARACTER SET utf8mb4 COLLATE utf8mb4_unicode_ci NOT NULL,
  `study_type_id` decimal(4,0) NOT NULL,
  `study_sub_type_id` int(11) DEFAULT NULL,
  `study_type_description` varchar(10) CHARACTER SET utf8mb4 COLLATE utf8mb4_unicode_ci DEFAULT NULL,
  `attestation_id` int(11) DEFAULT NULL,
  `is_custom` tinyint(1) NOT NULL,
  `max_score` decimal(5,2) NOT NULL
) ENGINE=InnoDB DEFAULT CHARSET=utf8mb4 COLLATE=utf8mb4_unicode_ci;

--
-- Дамп данных таблицы `test_disciplines`
--

INSERT INTO `test_disciplines` (`id`, `wnp_discipline_sem_id`, `study_type_id`, `study_sub_type_id`, `study_type_description`, `attestation_id`, `is_custom`, `max_score`) VALUES
(9, '9TQ8QH7LS9WQ', '8', NULL, NULL, 3, 0, '100.00'),
(10, '9ZN83BV32BQ2', '8', NULL, NULL, 3, 0, '100.00'),
(11, 'C5GPL44WBESM', '9', NULL, NULL, 3, 0, '40.00'),
(12, 'S641ELK1176Q', '9', NULL, NULL, 3, 0, '40.00'),
(13, 'RVUWRB16MSRM', '8', NULL, NULL, 3, 0, '100.00'),
(14, 'A61OLNQ2X9RI', '4', NULL, NULL, 3, 0, '100.00'),
(15, '5QRCFH07YXYI', '4', NULL, NULL, 3, 0, '100.00'),
(16, 'F6T0RLD26Q3F', '9', NULL, NULL, 3, 0, '40.00'),
(17, '2H67DYPGGJFJ', '9', NULL, NULL, 3, 0, '40.00'),
(18, 'AHKOFH4H21L0', '9', NULL, NULL, 3, 0, '40.00'),
(19, 'RNHWXRZ3JE1B', '9', NULL, NULL, 3, 0, '40.00'),
(20, '9G0X1KAQDAE9', '4', NULL, NULL, 3, 0, '100.00'),
(21, 'JA35LCVE2R4F', '4', NULL, NULL, 3, 0, '100.00'),
(22, 'DFBKH10W6BX8', '9', NULL, NULL, 3, 0, '40.00'),
(23, '99J1UQ3BCUFK', '9', NULL, NULL, 3, 0, '40.00'),
(24, 'OQV5QY9CDRN7', '9', NULL, NULL, 3, 0, '40.00'),
(25, 'K6JJFY40LVL1', '8', NULL, NULL, 3, 0, '100.00'),
(26, 'N552ENZ88M7L', '9', NULL, NULL, 3, 0, '40.00'),
(27, '8GY4TCNIQUMO', '8', NULL, NULL, 3, 0, '100.00'),
(28, '1KERVOVRGWZF', '4', NULL, NULL, 3, 0, '100.00'),
(29, 'KL2L2Z8IA9EF', '8', NULL, NULL, 3, 0, '100.00'),
(30, 'L82B36Y8QIA6', '8', NULL, NULL, 3, 0, '100.00'),
(31, '9AS1TRP4XKI4', '8', NULL, NULL, 3, 0, '100.00'),
(32, 'HDQK7BNX3HDF', '9', NULL, NULL, 3, 0, '40.00'),
(33, '3NHVMSO8FG33', '9', NULL, NULL, 3, 0, '40.00'),
(34, 'JYURU5T36228', '15', NULL, NULL, 3, 0, '100.00'),
(35, 'LEZCNWD2RQ3G', '15', NULL, NULL, 3, 0, '100.00'),
(36, '0EZSI1DBSSSA', '9', NULL, NULL, 3, 0, '40.00'),
(37, 'ARHOMZ8WV8R7', '9', NULL, NULL, 3, 0, '40.00'),
(38, 'VJUPG4EBB1YW', '4', NULL, NULL, 3, 0, '100.00'),
(39, 'F1T1H2FVKW7B', '8', NULL, NULL, 3, 0, '100.00'),
(40, '4RB9G19ZRQYF', '8', NULL, NULL, 3, 0, '100.00'),
(41, 'FOOKXG2TEI1V', '9', NULL, NULL, 3, 0, '40.00'),
(42, '0EONDFLZEU8M', '9', NULL, NULL, 3, 0, '40.00'),
(43, 'DXJIGP6LD3TX', '9', NULL, NULL, 3, 0, '40.00'),
(44, 'YGEJ1IHDZ9XF', '4', NULL, NULL, 3, 0, '100.00'),
(45, 'UU5XHI3PKU2E', '4', NULL, NULL, 3, 0, '100.00'),
(46, 'V5BRJJZYO68A', '4', NULL, NULL, 3, 0, '100.00'),
(47, '2UZWLJYRPZHF', '4', NULL, NULL, 3, 0, '100.00'),
(48, 'OIVORR05MAWU', '9', NULL, NULL, 3, 0, '40.00'),
(49, 'T48NHTHS467Y', '9', NULL, NULL, 3, 0, '40.00'),
(50, 'UZRUE9SDWADG', '8', NULL, NULL, 3, 0, '100.00'),
(51, 'MEA70K005U9A', '8', NULL, NULL, 3, 0, '100.00'),
(52, '6FZ9KCXZBPXK', '9', NULL, NULL, 3, 0, '40.00'),
(53, 'RX1P89HKDCQG', '15', NULL, NULL, 3, 0, '100.00'),
(54, '1WRHFP69321U', '4', NULL, NULL, 3, 0, '100.00'),
(55, 'EYFI9R7534XG', '8', NULL, NULL, 3, 0, '100.00'),
(56, 'I3W1WKYGTNQR', '9', NULL, NULL, 3, 0, '40.00'),
(57, 'U6ATGRYAQB6Q', '4', NULL, NULL, 3, 0, '100.00'),
(58, '6KZ5ISQ4M334', '8', NULL, NULL, 3, 0, '100.00'),
(59, 'VGCAE4U431LK', '8', NULL, NULL, 3, 0, '100.00'),
(60, '1TE2B4V44UM5', '4', NULL, NULL, 3, 0, '100.00'),
(61, 'JHB1OL9TY107', '9', NULL, NULL, 3, 0, '40.00'),
(62, 'ZCESK80SSGLF', '8', NULL, NULL, 3, 0, '100.00'),
(63, 'IC9O3C8MCADZ', '9', NULL, NULL, 3, 0, '40.00'),
(64, 'AFGWO98M5X8B', '9', NULL, NULL, 3, 0, '40.00'),
(65, 'W6AVXUQV1O7A', '9', NULL, NULL, 3, 0, '40.00'),
(66, 'JQNB4YS8PB44', '15', NULL, NULL, 3, 0, '100.00'),
(67, 'IZD8XWOZ06NQ', '9', NULL, NULL, 3, 0, '40.00'),
(68, 'UVE4O6G33KVE', '8', NULL, NULL, 3, 0, '100.00'),
(69, 'V8M3A3H118TD', '9', NULL, NULL, 3, 0, '40.00'),
(70, '3QLRX7PQENU5', '9', NULL, NULL, 3, 0, '40.00'),
(71, '2XKM327BQFF4', '8', NULL, NULL, 3, 0, '100.00'),
(72, 'CNOQMJLHNNHA', '9', NULL, NULL, 3, 0, '40.00'),
(73, 'BUAR7XE6G0NG', '4', NULL, NULL, 3, 0, '100.00'),
(74, '2DIIASDXHO7Z', '9', NULL, NULL, 3, 0, '40.00'),
(75, 'LW7HE76PXSTA', '4', NULL, NULL, 3, 0, '100.00'),
(76, 'IUN63OARXVFJ', '9', NULL, NULL, 3, 0, '40.00'),
(77, 'T9L3ETKH3X25', '8', NULL, NULL, 3, 0, '100.00'),
(78, '2BTTDWA729WH', '9', NULL, NULL, 3, 0, '40.00'),
(79, 'IM7JHG88HK78', '8', NULL, NULL, 3, 0, '100.00'),
(80, 'P6UEPR3PIB85', '9', NULL, NULL, 3, 0, '40.00'),
(81, '8GBB8FOY2SDK', '4', NULL, NULL, 3, 0, '100.00'),
(82, 'YMVSZQMNDJQK', '8', NULL, NULL, 3, 0, '100.00'),
(83, 'GKEJFHJKMJTG', '8', NULL, NULL, 3, 0, '100.00'),
(84, 'TJ6T5OII6M2E', '8', NULL, NULL, 3, 0, '100.00'),
(85, 'FOARA6VRE2PV', '9', NULL, NULL, 3, 0, '40.00'),
(86, 'IL9IRH6TTX1H', '8', NULL, NULL, 3, 0, '100.00'),
(87, 'H700906OQ32G', '8', NULL, NULL, 3, 0, '100.00'),
(88, '240W9JLRDAHF', '8', NULL, NULL, 3, 0, '100.00'),
(89, 'W5Z3FXQVIWJU', '9', NULL, NULL, 3, 0, '40.00'),
(90, '8O7BGWY2QVER', '8', NULL, NULL, 3, 0, '100.00'),
(91, 'NJCL952FWV9J', '4', NULL, NULL, 3, 0, '100.00'),
(92, '0EZSI1DBSSSA', '12', NULL, '1', 1, 1, '4.00'),
(93, '0EZSI1DBSSSA', '12', NULL, '2', 1, 1, '4.00'),
(94, '0EZSI1DBSSSA', '12', NULL, '3', 1, 1, '4.00'),
(95, '0EZSI1DBSSSA', '12', NULL, '4', 1, 1, '4.00'),
(96, '0EZSI1DBSSSA', '1001', NULL, '1', 1, 1, '8.00'),
(97, '0EZSI1DBSSSA', '1003', NULL, NULL, 1, 1, '4.00'),
(98, '0EZSI1DBSSSA', '12', NULL, '5', 2, 1, '4.00'),
(99, '0EZSI1DBSSSA', '12', NULL, '6', 2, 1, '4.00'),
(100, '0EZSI1DBSSSA', '12', NULL, '7', 2, 1, '4.00'),
(101, '0EZSI1DBSSSA', '12', NULL, '8', 2, 1, '4.00'),
(102, '0EZSI1DBSSSA', '1001', NULL, '2', 2, 1, '8.00'),
(103, '0EZSI1DBSSSA', '1003', NULL, NULL, 2, 1, '4.00'),
(104, 'T48NHTHS467Y', '12', NULL, '1', 1, 1, '4.00'),
(105, 'T48NHTHS467Y', '12', NULL, '2', 1, 1, '4.00'),
(106, 'T48NHTHS467Y', '12', NULL, '3', 1, 1, '4.00'),
(107, 'T48NHTHS467Y', '12', NULL, '4', 1, 1, '4.00'),
(108, 'T48NHTHS467Y', '1001', NULL, '1', 1, 1, '8.00'),
(109, 'T48NHTHS467Y', '1003', NULL, NULL, 1, 1, '4.00'),
(110, 'T48NHTHS467Y', '12', NULL, '5', 2, 1, '4.00'),
(111, 'T48NHTHS467Y', '12', NULL, '6', 2, 1, '4.00'),
(112, 'T48NHTHS467Y', '12', NULL, '7', 2, 1, '4.00'),
(113, 'T48NHTHS467Y', '12', NULL, '8', 2, 1, '4.00'),
(114, 'T48NHTHS467Y', '1001', NULL, '2', 2, 1, '8.00'),
(115, 'T48NHTHS467Y', '1003', NULL, NULL, 2, 1, '4.00');

-- --------------------------------------------------------

--
-- Структура таблицы `test_results`
--

CREATE TABLE `test_results` (
  `test_discipline_id` bigint(20) NOT NULL,
  `study_card_id` varchar(12) CHARACTER SET utf8mb4 COLLATE utf8mb4_unicode_ci NOT NULL,
  `value` decimal(4,2) NOT NULL,
  `employer_id` varchar(12) CHARACTER SET utf8mb4 COLLATE utf8mb4_unicode_ci DEFAULT NULL
) ENGINE=InnoDB DEFAULT CHARSET=utf8mb4 COLLATE=utf8mb4_unicode_ci;

--
-- Дамп данных таблицы `test_results`
--

INSERT INTO `test_results` (`test_discipline_id`, `study_card_id`, `value`, `employer_id`) VALUES
(36, 'GI3RNGVCMFZD', '3.50', NULL),
(92, 'GI3RNGVCMFZD', '5.00', NULL),
(93, 'GI3RNGVCMFZD', '5.00', NULL),
(98, 'GI3RNGVCMFZD', '4.00', NULL),
(99, 'GI3RNGVCMFZD', '3.00', NULL);

-- --------------------------------------------------------

--
-- Структура таблицы `wnp_discipline_sems`
--

CREATE TABLE `wnp_discipline_sems` (
  `id` varchar(12) CHARACTER SET utf8mb4 COLLATE utf8mb4_unicode_ci NOT NULL,
  `discipline_id` int(11) NOT NULL,
  `wnp_semester_id` varchar(12) CHARACTER SET utf8mb4 COLLATE utf8mb4_unicode_ci NOT NULL,
  `division_id` varchar(12) CHARACTER SET utf8mb4 COLLATE utf8mb4_unicode_ci NOT NULL,
  `hour_total` decimal(6,2) NOT NULL,
  `finished_study_type_id` decimal(2,0) NOT NULL
) ENGINE=InnoDB DEFAULT CHARSET=utf8mb4 COLLATE=utf8mb4_unicode_ci;

--
-- Дамп данных таблицы `wnp_discipline_sems`
--

INSERT INTO `wnp_discipline_sems` (`id`, `discipline_id`, `wnp_semester_id`, `division_id`, `hour_total`, `finished_study_type_id`) VALUES
('9TQ8QH7LS9WQ', 388562, 'JG7RV38R3B80', 'PLMFTKXIOQSG', '90.00', '8'),
('9ZN83BV32BQ2', 12, '8PT84W1R611V', 'ZFSUETQIXDZQ', '75.00', '8'),
('C5GPL44WBESM', 12, '2A99FYEN0DZA', 'ZFSUETQIXDZQ', '75.00', '9'),
('S641ELK1176Q', 416211, '9V3AET7O8C7K', 'GKHNITMSORYY', '150.00', '9'),
('RVUWRB16MSRM', 1593, 'JG7RV38R3B80', 'GQTJCNKNCWLG', '90.00', '8'),
('A61OLNQ2X9RI', 4049, 'UOQ7VM5N7WJ7', 'GKHNITMSORYY', '150.00', '4'),
('5QRCFH07YXYI', 303235, '1AYHH9S74LTQ', 'GKHNITMSORYY', '105.00', '4'),
('F6T0RLD26Q3F', 301136, '8PT84W1R611V', 'GB79YXSXOQVV', '90.00', '9'),
('2H67DYPGGJFJ', 335568, '2A99FYEN0DZA', 'OQCLGOCRKXES', '120.00', '9'),
('AHKOFH4H21L0', 335568, '8PT84W1R611V', 'OQCLGOCRKXES', '135.00', '9'),
('RNHWXRZ3JE1B', 386048, '9V3AET7O8C7K', 'GKHNITMSORYY', '150.00', '9'),
('9G0X1KAQDAE9', 301116, '4YGH8IFGMMIJ', 'IGMGHBTTWZIP', '120.00', '4'),
('JA35LCVE2R4F', 335574, '12VI9CPP2DIB', 'GKHNITMSORYY', '120.00', '4'),
('DFBKH10W6BX8', 335574, '4YGH8IFGMMIJ', 'GKHNITMSORYY', '120.00', '9'),
('99J1UQ3BCUFK', 559, '8PT84W1R611V', 'MSMQFKGCHUYN', '135.00', '9'),
('OQV5QY9CDRN7', 559, 'O77Z90B94O0A', 'MSMQFKGCHUYN', '135.00', '9'),
('K6JJFY40LVL1', 559, '2A99FYEN0DZA', 'MSMQFKGCHUYN', '120.00', '8'),
('N552ENZ88M7L', 386050, '8PT84W1R611V', 'GKHNITMSORYY', '105.00', '9'),
('8GY4TCNIQUMO', 386051, 'JG7RV38R3B80', 'GKHNITMSORYY', '90.00', '8'),
('1KERVOVRGWZF', 386051, '9V3AET7O8C7K', 'GKHNITMSORYY', '120.00', '4'),
('KL2L2Z8IA9EF', 57, '9V3AET7O8C7K', 'ZFSUETQIXDZQ', '90.00', '8'),
('L82B36Y8QIA6', 3, '2A99FYEN0DZA', 'DHUZZIRJKPKE', '90.00', '8'),
('9AS1TRP4XKI4', 18, '8PT84W1R611V', 'MSMQFKGCHUYN', '90.00', '8'),
('HDQK7BNX3HDF', 18, '2A99FYEN0DZA', 'MSMQFKGCHUYN', '105.00', '9'),
('3NHVMSO8FG33', 231, '1AYHH9S74LTQ', 'GQTJCNKNCWLG', '90.00', '9'),
('JYURU5T36228', 390213, 'UOQ7VM5N7WJ7', 'GKHNITMSORYY', '120.00', '15'),
('LEZCNWD2RQ3G', 4055, '1AYHH9S74LTQ', 'GKHNITMSORYY', '30.00', '15'),
('0EZSI1DBSSSA', 4055, '12VI9CPP2DIB', 'GKHNITMSORYY', '105.00', '9'),
('ARHOMZ8WV8R7', 4055, '4YGH8IFGMMIJ', 'GKHNITMSORYY', '105.00', '9'),
('VJUPG4EBB1YW', 53, '4YGH8IFGMMIJ', 'GKHNITMSORYY', '120.00', '4'),
('F1T1H2FVKW7B', 224304, '8PT84W1R611V', 'GKHNITMSORYY', '105.00', '8'),
('4RB9G19ZRQYF', 335576, '2A99FYEN0DZA', 'GKHNITMSORYY', '90.00', '8'),
('FOOKXG2TEI1V', 224291, '12VI9CPP2DIB', 'MSMQFKGCHUYN', '120.00', '9'),
('0EONDFLZEU8M', 416212, 'JG7RV38R3B80', 'GKHNITMSORYY', '150.00', '9'),
('DXJIGP6LD3TX', 224303, 'UOQ7VM5N7WJ7', 'GKHNITMSORYY', '135.00', '9'),
('YGEJ1IHDZ9XF', 224300, 'UOQ7VM5N7WJ7', 'OQCLGOCRKXES', '135.00', '4'),
('UU5XHI3PKU2E', 434, '0QX8EKPHC4SG', 'GKHNITMSORYY', '30.00', '4'),
('V5BRJJZYO68A', 434, '9V3AET7O8C7K', 'GKHNITMSORYY', '90.00', '4'),
('2UZWLJYRPZHF', 434, '1AYHH9S74LTQ', 'GKHNITMSORYY', '30.00', '4'),
('OIVORR05MAWU', 1185, 'O77Z90B94O0A', 'GKHNITMSORYY', '120.00', '9'),
('T48NHTHS467Y', 7101, '12VI9CPP2DIB', 'GKHNITMSORYY', '110.00', '9'),
('UZRUE9SDWADG', 7101, '4YGH8IFGMMIJ', 'GKHNITMSORYY', '90.00', '8'),
('MEA70K005U9A', 224293, '12VI9CPP2DIB', 'GKHNITMSORYY', '120.00', '8'),
('6FZ9KCXZBPXK', 224293, '1AYHH9S74LTQ', 'GKHNITMSORYY', '120.00', '9'),
('RX1P89HKDCQG', 335344, '4YGH8IFGMMIJ', 'GKHNITMSORYY', '60.00', '15'),
('1WRHFP69321U', 335344, 'O77Z90B94O0A', 'GKHNITMSORYY', '75.00', '4'),
('EYFI9R7534XG', 390215, 'O77Z90B94O0A', 'OSRB2XAQF0DZ', '90.00', '8'),
('I3W1WKYGTNQR', 562, '0QX8EKPHC4SG', 'IGMGHBTTWZIP', '90.00', '9'),
('U6ATGRYAQB6Q', 63, 'JG7RV38R3B80', 'IGMGHBTTWZIP', '90.00', '4'),
('6KZ5ISQ4M334', 499, '0QX8EKPHC4SG', 'GKHNITMSORYY', '60.00', '8'),
('VGCAE4U431LK', 1772, '2A99FYEN0DZA', 'GQTJCNKNCWLG', '90.00', '8'),
('1TE2B4V44UM5', 224316, '1AYHH9S74LTQ', 'GKHNITMSORYY', '60.00', '4'),
('JHB1OL9TY107', 224302, 'UOQ7VM5N7WJ7', 'GKHNITMSORYY', '120.00', '9'),
('ZCESK80SSGLF', 374714, '8PT84W1R611V', 'GKHNITMSORYY', '60.00', '8'),
('IC9O3C8MCADZ', 374714, '2A99FYEN0DZA', 'GKHNITMSORYY', '75.00', '9'),
('AFGWO98M5X8B', 4081, '1AYHH9S74LTQ', 'GKHNITMSORYY', '120.00', '9'),
('W6AVXUQV1O7A', 335387, 'UOQ7VM5N7WJ7', 'GKHNITMSORYY', '105.00', '9'),
('JQNB4YS8PB44', 335388, '9V3AET7O8C7K', 'GKHNITMSORYY', '150.00', '15'),
('IZD8XWOZ06NQ', 335388, 'JG7RV38R3B80', 'GKHNITMSORYY', '105.00', '9'),
('UVE4O6G33KVE', 301137, 'O77Z90B94O0A', 'OSRB2XAQF0DZ', '90.00', '8'),
('V8M3A3H118TD', 336054, '9V3AET7O8C7K', 'GKHNITMSORYY', '120.00', '9'),
('3QLRX7PQENU5', 336054, 'JG7RV38R3B80', 'GKHNITMSORYY', '105.00', '9'),
('2XKM327BQFF4', 259592, '12VI9CPP2DIB', 'GKHNITMSORYY', '105.00', '8'),
('CNOQMJLHNNHA', 34, 'O77Z90B94O0A', 'OQCLGOCRKXES', '150.00', '9'),
('BUAR7XE6G0NG', 224292, '1AYHH9S74LTQ', 'GKHNITMSORYY', '120.00', '4'),
('2DIIASDXHO7Z', 416518, '4YGH8IFGMMIJ', 'GKHNITMSORYY', '135.00', '9'),
('LW7HE76PXSTA', 335587, '0QX8EKPHC4SG', 'GKHNITMSORYY', '105.00', '4'),
('IUN63OARXVFJ', 224298, '0QX8EKPHC4SG', 'OQCLGOCRKXES', '120.00', '9'),
('T9L3ETKH3X25', 224299, '1AYHH9S74LTQ', 'OQCLGOCRKXES', '120.00', '8'),
('2BTTDWA729WH', 335570, '1AYHH9S74LTQ', 'GKHNITMSORYY', '120.00', '9'),
('IM7JHG88HK78', 335575, 'UOQ7VM5N7WJ7', 'GKHNITMSORYY', '105.00', '8'),
('P6UEPR3PIB85', 335384, '9V3AET7O8C7K', 'GKHNITMSORYY', '105.00', '9'),
('8GBB8FOY2SDK', 335384, 'JG7RV38R3B80', 'GKHNITMSORYY', '105.00', '4'),
('YMVSZQMNDJQK', 224296, '12VI9CPP2DIB', 'OQCLGOCRKXES', '120.00', '8'),
('GKEJFHJKMJTG', 224296, 'UOQ7VM5N7WJ7', 'OQCLGOCRKXES', '120.00', '8'),
('TJ6T5OII6M2E', 224301, 'UOQ7VM5N7WJ7', 'OQCLGOCRKXES', '90.00', '8'),
('FOARA6VRE2PV', 17, 'O77Z90B94O0A', 'PJJ3MDPA8UXP', '100.00', '9'),
('IL9IRH6TTX1H', 17, '2A99FYEN0DZA', 'PJJ3MDPA8UXP', '95.00', '8'),
('H700906OQ32G', 13, '2A99FYEN0DZA', 'DYRXFVYDEORB', '68.00', '8'),
('240W9JLRDAHF', 13, '4YGH8IFGMMIJ', 'DYRXFVYDEORB', '68.00', '8'),
('W5Z3FXQVIWJU', 5, '4YGH8IFGMMIJ', 'GB79YXSXOQVV', '120.00', '9'),
('8O7BGWY2QVER', 3982, '12VI9CPP2DIB', 'OQCLGOCRKXES', '120.00', '8'),
('NJCL952FWV9J', 335571, 'UOQ7VM5N7WJ7', 'GKHNITMSORYY', '105.00', '4'),
('9TQ8QH7LS9WQ', 388562, '1234', 'PLMFTKXIOQSG', '90.00', '8'),
('9ZN83BV32BQ2', 12, '1234', 'ZFSUETQIXDZQ', '75.00', '8'),
('C5GPL44WBESM', 12, '1234', 'ZFSUETQIXDZQ', '75.00', '9'),
('S641ELK1176Q', 416211, '1234', 'GKHNITMSORYY', '150.00', '9'),
('RVUWRB16MSRM', 1593, '1234', 'GQTJCNKNCWLG', '90.00', '8'),
('A61OLNQ2X9RI', 4049, '1234', 'GKHNITMSORYY', '150.00', '4'),
('5QRCFH07YXYI', 303235, '1234', 'GKHNITMSORYY', '105.00', '4'),
('F6T0RLD26Q3F', 301136, '1234', 'GB79YXSXOQVV', '90.00', '9'),
('2H67DYPGGJFJ', 335568, '1234', 'OQCLGOCRKXES', '120.00', '9'),
('AHKOFH4H21L0', 335568, '1234', 'OQCLGOCRKXES', '135.00', '9');

-- --------------------------------------------------------

--
-- Структура таблицы `wnp_disc_sem_employers`
--

CREATE TABLE `wnp_disc_sem_employers` (
  `id` bigint(20) NOT NULL,
  `wnp_discipline_sem_id` varchar(12) CHARACTER SET utf8mb4 COLLATE utf8mb4_unicode_ci NOT NULL,
  `employer_id` varchar(12) CHARACTER SET utf8mb4 COLLATE utf8mb4_unicode_ci NOT NULL,
  `emp_type_id` int(11) NOT NULL
) ENGINE=InnoDB DEFAULT CHARSET=utf8mb4 COLLATE=utf8mb4_unicode_ci;

--
-- Дамп данных таблицы `wnp_disc_sem_employers`
--

INSERT INTO `wnp_disc_sem_employers` (`id`, `wnp_discipline_sem_id`, `employer_id`, `emp_type_id`) VALUES
(2, 'JA35LCVE2R4F', 'P6W96ZJH8KHK', 1),
(3, '0EZSI1DBSSSA', 'SNCEVAAFH6KG', 1),
(6, 'FOOKXG2TEI1V', 'G5C9EGYNYHX0', 1),
(7, 'T48NHTHS467Y', 'SNCEVAAFH6KG', 1),
(9, 'MEA70K005U9A', 'SNCEVAAFH6KG', 1),
(10, 'MEA70K005U9A', 'HN4JULGO7NCW', 2),
(11, '2XKM327BQFF4', '8CXK1YMFWR3Q', 1),
(12, 'YMVSZQMNDJQK', '4VY63V63NR17', 1),
(13, 'YMVSZQMNDJQK', 'XGAE7IFNJYE0', 2),
(14, '8O7BGWY2QVER', 'L99EP261Q8DM', 1);

-- --------------------------------------------------------

--
-- Структура таблицы `wnp_semesters`
--

CREATE TABLE `wnp_semesters` (
  `id` varchar(12) CHARACTER SET utf8mb4 COLLATE utf8mb4_unicode_ci NOT NULL,
  `wnp_title_id` varchar(12) CHARACTER SET utf8mb4 COLLATE utf8mb4_unicode_ci NOT NULL,
  `semester_id` decimal(2,0) NOT NULL,
  `session_type_id` int(11) NOT NULL
) ENGINE=InnoDB DEFAULT CHARSET=utf8mb4 COLLATE=utf8mb4_unicode_ci;

--
-- Дамп данных таблицы `wnp_semesters`
--

INSERT INTO `wnp_semesters` (`id`, `wnp_title_id`, `semester_id`, `session_type_id`) VALUES
('8PT84W1R611V', 'I86AQVWGQV5H', '1', 1),
('2A99FYEN0DZA', 'I86AQVWGQV5H', '2', 2),
('O77Z90B94O0A', 'NPOIFIM09QBN', '3', 1),
('4YGH8IFGMMIJ', 'NPOIFIM09QBN', '4', 2),
('12VI9CPP2DIB', '0GY8B17H2OT1', '5', 1),
('1AYHH9S74LTQ', '0GY8B17H2OT1', '6', 2),
('UOQ7VM5N7WJ7', 'ML35GEDH96YI', '7', 1),
('0QX8EKPHC4SG', 'ML35GEDH96YI', '8', 2),
('JG7RV38R3B80', 'OMJQJ0OGIBVX', '9', 1),
('9V3AET7O8C7K', 'OMJQJ0OGIBVX', '10', 2),
('1234', '123', '4', 2);

-- --------------------------------------------------------

--
-- Структура таблицы `wnp_titles`
--

CREATE TABLE `wnp_titles` (
  `id` varchar(12) CHARACTER SET utf8mb4 COLLATE utf8mb4_unicode_ci NOT NULL,
  `wnp_title_name` varchar(120) CHARACTER SET utf8mb4 COLLATE utf8mb4_unicode_ci NOT NULL,
  `division_id` varchar(12) CHARACTER SET utf8mb4 COLLATE utf8mb4_unicode_ci NOT NULL,
  `study_year_id` varchar(9) CHARACTER SET utf8mb4 COLLATE utf8mb4_unicode_ci NOT NULL,
  `study_group_id` varchar(12) CHARACTER SET utf8mb4 COLLATE utf8mb4_unicode_ci NOT NULL,
  `course_id` decimal(2,0) NOT NULL,
  `credit_size` int(11) NOT NULL
) ENGINE=InnoDB DEFAULT CHARSET=utf8mb4 COLLATE=utf8mb4_unicode_ci;

--
-- Дамп данных таблицы `wnp_titles`
--

INSERT INTO `wnp_titles` (`id`, `wnp_title_name`, `division_id`, `study_year_id`, `study_group_id`, `course_id`, `credit_size`) VALUES
('I86AQVWGQV5H', 'КН-19(2019)', 'GKHNITMSORYY', '2019/2020', '48HLX0WLFJX5', '1', 30),
('NPOIFIM09QBN', 'КН-18(2018)', 'GKHNITMSORYY', '2019/2020', 'G8BLZ4DMFTDT', '2', 30),
('0GY8B17H2OT1', 'КН-17(2018)', 'GKHNITMSORYY', '2019/2020', 'H97PPRE7LTHA', '3', 30),
('ML35GEDH96YI', 'КН-16(2015)', 'GKHNITMSORYY', '2019/2020', 'MXHHDYT1X7WE', '4', 30),
('OMJQJ0OGIBVX', 'КН-19-М (2019)', 'GKHNITMSORYY', '2019/2020', '3JU6N2NNSLFH', '5', 30),
('123', 'КН-17(2018)', 'GKHNITMSORYY', '2018/2019', 'H97PPRE7LTHA', '3', 30);

--
-- Индексы сохранённых таблиц
--

--
-- Индексы таблицы `current_data`
--
ALTER TABLE `current_data`
  ADD PRIMARY KEY (`current_study_year_id`,`current_session_type_id`);

--
-- Индексы таблицы `failed_jobs`
--
ALTER TABLE `failed_jobs`
  ADD PRIMARY KEY (`id`);

--
-- Индексы таблицы `migrations`
--
ALTER TABLE `migrations`
  ADD PRIMARY KEY (`id`);

--
-- Индексы таблицы `password_resets`
--
ALTER TABLE `password_resets`
  ADD KEY `password_resets_email_index` (`email`);

--
-- Индексы таблицы `test_results`
--
ALTER TABLE `test_results`
  ADD PRIMARY KEY (`test_discipline_id`,`study_card_id`);

--
-- AUTO_INCREMENT для сохранённых таблиц
--

--
-- AUTO_INCREMENT для таблицы `failed_jobs`
--
ALTER TABLE `failed_jobs`
  MODIFY `id` bigint(20) UNSIGNED NOT NULL AUTO_INCREMENT;

--
-- AUTO_INCREMENT для таблицы `migrations`
--
ALTER TABLE `migrations`
  MODIFY `id` int(10) UNSIGNED NOT NULL AUTO_INCREMENT, AUTO_INCREMENT=37;
COMMIT;

/*!40101 SET CHARACTER_SET_CLIENT=@OLD_CHARACTER_SET_CLIENT */;
/*!40101 SET CHARACTER_SET_RESULTS=@OLD_CHARACTER_SET_RESULTS */;
/*!40101 SET COLLATION_CONNECTION=@OLD_COLLATION_CONNECTION */;
